자치구,법정동,일자,전이,계열,근거공고
용산구,용산동3가,2020-05-20,지정 시작,용산정비창|자연녹지,국토교통부공고제2020-657호(토지거래허가구역 지정)
용산구,이촌동,2020-05-20,지정 시작,미분류|서울전역아파트|외국인|용산정비창|자연녹지|주요재건축단지,국토교통부공고제2020-657호(토지거래허가구역 지정)|국토교통부공고제2021-658호(토지거래허가구역 재지정 공고)|국토교통부공고제2022-532호(토지거래허가구역 재지정 공고)|국토교통부공고제2023-487호(토
용산구,한강로1가,2020-05-20,지정 시작,용산정비창|자연녹지,국토교통부공고제2020-657호(토지거래허가구역 지정)
용산구,한강로2가,2020-05-20,지정 시작,용산정비창|자연녹지,국토교통부공고제2020-657호(토지거래허가구역 지정)
용산구,한강로3가,2020-05-20,지정 시작,용산정비창|자연녹지,국토교통부공고제2020-657호(토지거래허가구역 지정)
강남구,대치동,2020-06-23,지정 시작,국제교류복합지구,시보2020호3590_p105-107|시보20210609_p356-358|시보20220616_p3-5|시보20230614_p532-534|시보20240613_p3-5
강남구,삼성동,2020-06-23,지정 시작,국제교류복합지구,시보2020호3590_p105-107|시보20210609_p356-358|시보20220616_p3-5|시보20230614_p532-534|시보20240613_p3-5
강남구,청담동,2020-06-23,지정 시작,공공재개발|국제교류복합지구|서울전역아파트|신속통합기획|외국인|정비사업후보지|주요재건축단지,국토교통부공고제2025-1058호(토지거래허가구역 지정 공고)|국토교통부공고제2025-1219호(토지거래허가구역 지정 공고문)|국토교통부공고제2026-1105호(토지거래허가구역 재지정 공고)|시보2020호3590_p
송파구,잠실동,2020-06-23,지정 시작,국제교류복합지구|주요재건축단지,시보2020호3590_p105-107|시보20210609_p356-358|시보20220616_p3-5|시보20230614_p532-534|시보20240613_p3-5|시보20250319_p3-8
강서구,오곡동,2020-12-26,지정 시작,미분류,국토교통부공고제2020-1632호(토지거래허가구역 재지정)|국토교통부공고제2021-1805호(토지거래허가구역  재지정 공고)|국토교통부공고제2022-1566호(토지거래허가구역 재지정 공고)|국토교통부공고제2023-1
강동구,천호동,2021-04-04,지정 시작,공공재개발|국제교류복합지구|모아타운|미분류|서울전역아파트|신속통합기획|외국인|자연녹지|정비사업후보지|주요재건축단지,국토교통부공고제2025-1058호(토지거래허가구역 지정 공고)|국토교통부공고제2025-1219호(토지거래허가구역 지정 공고문)|국토교통부공고제2026-1105호(토지거래허가구역 재지정 공고)|시보20210330_p1
노원구,상계동,2021-04-04,지정 시작,공공재개발|국제교류복합지구|모아타운|서울전역아파트|신규주택공급후보지|신속통합기획|정비사업후보지|주요재건축단지,국토교통부공고제2025-1219호(토지거래허가구역 지정 공고문)|국토교통부공고제2026-1079호(토지거래허가구역 지정 공고)|시보20210330_p16-33|시보20211228_p17-40|시보20220323_p9
동대문구,전농동,2021-04-04,지정 시작,공공재개발|모아타운|미분류|서울전역아파트|신속통합기획|정비사업후보지|주요재건축단지,국토교통부공고제2025-1219호(토지거래허가구역 지정 공고문)|시보20210330_p16-33|시보20220124_p7-53|시보20220323_p91-108|시보20221230_p179-233|시보20230118
동작구,본동,2021-04-04,지정 시작,공공재개발|서울전역아파트|신속통합기획|정비사업후보지,국토교통부공고제2025-1219호(토지거래허가구역 지정 공고문)|시보20210330_p16-33|시보20220323_p91-108|시보20230322_p181-205|시보20240320_p339-342|시보20250
서대문구,연희동,2021-04-04,지정 시작,공공재개발|국제교류복합지구|모아타운|서울전역아파트|신속통합기획|자연녹지|정비사업후보지,국토교통부공고제2025-1219호(토지거래허가구역 지정 공고문)|시보20210330_p16-33|시보20220323_p91-108|시보20230322_p181-205|시보20240320_p339-342|시보20250
서대문구,충정로3가,2021-04-04,지정 시작,공공재개발|서울전역아파트|신속통합기획|정비사업후보지,국토교통부공고제2025-1219호(토지거래허가구역 지정 공고문)|시보20210330_p16-33|시보20220323_p91-108|시보20230322_p181-205|시보20240320_p339-342|시보20250
서대문구,홍은동,2021-04-04,지정 시작,공공재개발|국제교류복합지구|모아타운|서울전역아파트|신규주택공급후보지|신속통합기획|정비사업후보지|주요재건축단지,국토교통부공고제2025-1219호(토지거래허가구역 지정 공고문)|국토교통부공고제2026-1079호(토지거래허가구역 지정 공고)|시보20210330_p16-33|시보20211228_p17-40|시보20220323_p9
성동구,금호동4가,2021-04-04,지정 시작,공공재개발|모아타운|서울전역아파트|신속통합기획|정비사업후보지,국토교통부공고제2025-1219호(토지거래허가구역 지정 공고문)|시보20210330_p16-33|시보20220323_p91-108|시보20230322_p181-205|시보20240320_p339-342|시보20250
성북구,성북동,2021-04-04,지정 시작,공공재개발|국제교류복합지구|모아타운|서울전역아파트|신규주택공급후보지|신속통합기획|정비사업후보지|주요재건축단지,국토교통부공고제2025-1219호(토지거래허가구역 지정 공고문)|국토교통부공고제2026-1079호(토지거래허가구역 지정 공고)|시보20210330_p16-33|시보20220323_p91-108|시보20220826_p
성북구,장위동,2021-04-04,지정 시작,공공재개발|국제교류복합지구|모아타운|서울전역아파트|신속통합기획|자연녹지|정비사업후보지,국토교통부공고제2025-1219호(토지거래허가구역 지정 공고문)|시보20210330_p16-33|시보20220323_p91-108|시보20230322_p181-205|시보20240320_p339-342|시보20250
송파구,거여동,2021-04-04,지정 시작,공공재개발|서울전역아파트|신속통합기획|정비사업후보지,국토교통부공고제2025-1219호(토지거래허가구역 지정 공고문)|시보20210330_p16-33|시보20220323_p91-108|시보20230322_p181-205|시보20240320_p339-342|시보20250
양천구,신월동,2021-04-04,지정 시작,공공재개발|국제교류복합지구|모아타운|서울전역아파트|신규주택공급후보지|신속통합기획|자연녹지|정비사업후보지|주요재건축단지,국토교통부공고제2025-1219호(토지거래허가구역 지정 공고문)|국토교통부공고제2026-1079호(토지거래허가구역 지정 공고)|시보20210330_p16-33|시보20220323_p91-108|시보20220826_p
영등포구,신길동,2021-04-04,지정 시작,공공재개발|모아타운|미분류|서울전역아파트|신속통합기획|정비사업후보지|주요재건축단지,국토교통부공고제2025-1219호(토지거래허가구역 지정 공고문)|시보20210330_p16-33|시보20220124_p7-53|시보20220323_p91-108|시보20220826_p38-82|시보20230118_p
종로구,숭인동,2021-04-04,지정 시작,공공재개발|모아타운|서울전역아파트|신속통합기획|외국인|정비사업후보지|주요재건축단지,국토교통부공고제2025-1219호(토지거래허가구역 지정 공고문)|국토교통부공고제2026-1105호(토지거래허가구역 재지정 공고)|시보20210330_p16-33|시보20211228_p17-40|시보20220323_p
중랑구,중화동,2021-04-04,지정 시작,공공재개발|모아타운|서울전역아파트|신속통합기획|외국인|정비사업후보지|주요재건축단지,국토교통부공고제2025-1219호(토지거래허가구역 지정 공고문)|국토교통부공고제2026-1105호(토지거래허가구역 재지정 공고)|시보20210330_p16-33|시보20220323_p91-108|시보20220819_
강남구,압구정동,2021-04-27,지정 시작,모아타운|서울전역아파트|신속통합기획|외국인|정비사업후보지|주요재건축단지,국토교통부공고제2025-1058호(토지거래허가구역 지정 공고)|국토교통부공고제2025-1219호(토지거래허가구역 지정 공고문)|국토교통부공고제2026-1105호(토지거래허가구역 재지정 공고)|시보20210422_p2
성동구,성수동1가,2021-04-27,지정 시작,모아타운|서울전역아파트|신속통합기획|정비사업후보지|주요재건축단지,국토교통부공고제2025-1219호(토지거래허가구역 지정 공고문)|시보20210422_p253-257|시보20220420_p356-360|시보20230419_p263-267|시보20240418_p342-346|시보20
성동구,성수동2가,2021-04-27,지정 시작,모아타운|서울전역아파트|신속통합기획|정비사업후보지|주요재건축단지,국토교통부공고제2025-1219호(토지거래허가구역 지정 공고문)|시보20210422_p253-257|시보20220420_p356-360|시보20230419_p263-267|시보20240418_p342-346|시보20
양천구,목동,2021-04-27,지정 시작,공공재개발|모아타운|서울전역아파트|신속통합기획|정비사업후보지|주요재건축단지,국토교통부공고제2025-1219호(토지거래허가구역 지정 공고문)|시보20210422_p253-257|시보20220420_p356-360|시보20221230_p179-233|시보20230419_p263-267|시보20
영등포구,여의도동,2021-04-27,지정 시작,모아타운|서울전역아파트|신속통합기획|정비사업후보지|주요재건축단지,국토교통부공고제2025-1219호(토지거래허가구역 지정 공고문)|시보20210422_p253-257|시보20220420_p356-360|시보20230419_p263-267|시보20240418_p342-346|시보20
용산구,용산동3가,2021-05-20,지정 종료,용산정비창|자연녹지,국토교통부공고제2020-657호(토지거래허가구역 지정)
용산구,용산동3가,2021-05-20,기록 끊김,,
용산구,한강로1가,2021-05-20,지정 종료,용산정비창|자연녹지,국토교통부공고제2020-657호(토지거래허가구역 지정)
용산구,한강로1가,2021-05-20,기록 끊김,,
용산구,한강로2가,2021-05-20,지정 종료,용산정비창|자연녹지,국토교통부공고제2020-657호(토지거래허가구역 지정)
용산구,한강로2가,2021-05-20,기록 끊김,,
용산구,한강로3가,2021-05-20,지정 종료,용산정비창|자연녹지,국토교통부공고제2020-657호(토지거래허가구역 지정)
용산구,한강로3가,2021-05-20,기록 끊김,,
강북구,수유동,2022-01-02,지정 시작,공공재개발|국제교류복합지구|모아타운|미분류|서울전역아파트|신규주택공급후보지|신속통합기획|외국인|자연녹지|정비사업후보지|주요재건축단지,국토교통부공고제2025-1058호(토지거래허가구역 지정 공고)|국토교통부공고제2025-1219호(토지거래허가구역 지정 공고문)|국토교통부공고제2026-1079호(토지거래허가구역 지정 공고)|국토교통부공고제2026-1
강서구,방화동,2022-01-02,지정 시작,공공재개발|모아타운|서울전역아파트|신속통합기획|외국인|정비사업후보지|주요재건축단지,국토교통부공고제2025-1058호(토지거래허가구역 지정 공고)|국토교통부공고제2025-1219호(토지거래허가구역 지정 공고문)|국토교통부공고제2026-1105호(토지거래허가구역 재지정 공고)|시보20211228_p1
관악구,신림동,2022-01-02,지정 시작,공공재개발|국제교류복합지구|모아타운|서울전역아파트|신규주택공급후보지|신속통합기획|외국인|정비사업후보지|주요재건축단지,국토교통부공고제2025-1058호(토지거래허가구역 지정 공고)|국토교통부공고제2025-1219호(토지거래허가구역 지정 공고문)|국토교통부공고제2026-1079호(토지거래허가구역 지정 공고)|국토교통부공고제2026-1
구로구,가리봉동,2022-01-02,지정 시작,미분류|신속통합기획|정비사업후보지|주요재건축단지,시보20211228_p17-40|시보20220124_p7-53|시보20221223_p7-30|시보20221230_p179-233|시보20231220_p249-307|시보20240103_p215-217
금천구,시흥동,2022-01-02,지정 시작,공공재개발|국제교류복합지구|모아타운|서울전역아파트|신규주택공급후보지|신속통합기획|정비사업후보지|주요재건축단지,국토교통부공고제2025-1219호(토지거래허가구역 지정 공고문)|국토교통부공고제2026-1079호(토지거래허가구역 지정 공고)|시보20211228_p17-40|시보20220826_p38-82|시보20221223_p7
도봉구,쌍문동,2022-01-02,지정 시작,공공재개발|국제교류복합지구|모아타운|서울전역아파트|신규주택공급후보지|신속통합기획|정비사업후보지|주요재건축단지,국토교통부공고제2025-1219호(토지거래허가구역 지정 공고문)|국토교통부공고제2026-1079호(토지거래허가구역 지정 공고)|시보20211228_p17-40|시보20221223_p7-30|시보20221230_p17
동대문구,청량리동,2022-01-02,지정 시작,신속통합기획|정비사업후보지|주요재건축단지,시보20211228_p17-40|시보20221223_p7-30|시보20231220_p249-307
동작구,상도동,2022-01-02,지정 시작,공공재개발|국제교류복합지구|모아타운|서울전역아파트|신속통합기획|정비사업후보지|주요재건축단지,국토교통부공고제2025-1219호(토지거래허가구역 지정 공고문)|시보20211228_p17-40|시보20221223_p7-30|시보20221230_p179-233|시보20231220_p249-307|시보2024090
마포구,공덕동,2022-01-02,지정 시작,공공재개발|모아타운|서울전역아파트|신속통합기획|정비사업후보지|주요재건축단지,국토교통부공고제2025-1219호(토지거래허가구역 지정 공고문)|시보20211228_p17-40|시보20221223_p7-30|시보20231220_p249-307|시보20240731_p291-312|시보2024121
성동구,마장동,2022-01-02,지정 시작,공공재개발|모아타운|서울전역아파트|신속통합기획|정비사업후보지|주요재건축단지,국토교통부공고제2025-1219호(토지거래허가구역 지정 공고문)|시보20211228_p17-40|시보20221223_p7-30|시보20231220_p249-307|시보20240905_p3-79|시보20241218_p
성북구,하월곡동,2022-01-02,지정 시작,신속통합기획|정비사업후보지|주요재건축단지,시보20211228_p17-40|시보20221223_p7-30|시보20231220_p249-307
송파구,마천동,2022-01-02,지정 시작,공공재개발|모아타운|미분류|서울전역아파트|신규주택공급후보지|신속통합기획|자연녹지|정비사업후보지|주요재건축단지,국토교통부공고제2024-1140호(토지거래허가구역 지정 공고)|국토교통부공고제2024-1506호(토지거래허가구역 지정 및 해제 공고)|국토교통부공고제2025-1219호(토지거래허가구역 지정 공고문)|국토교통부공고제2
영등포구,당산동6가,2022-01-02,지정 시작,신속통합기획|정비사업후보지|주요재건축단지,시보20211228_p17-40|시보20221223_p7-30|시보20231220_p249-307
은평구,불광동,2022-01-02,지정 시작,공공재개발|국제교류복합지구|모아타운|서울전역아파트|신속통합기획|외국인|자연녹지|정비사업후보지|주요재건축단지,국토교통부공고제2025-1219호(토지거래허가구역 지정 공고문)|국토교통부공고제2026-1105호(토지거래허가구역 재지정 공고)|시보20211228_p17-40|시보20221223_p7-30|시보20221230_p1
종로구,창신동,2022-01-02,지정 시작,신속통합기획|정비사업후보지|주요재건축단지,시보20211228_p17-40|시보20221223_p7-30|시보20221230_p179-233|시보20231220_p249-307
중랑구,면목동,2022-01-02,지정 시작,공공재개발|국제교류복합지구|모아타운|미분류|서울전역아파트|신규주택공급후보지|신속통합기획|외국인|정비사업후보지|주요재건축단지,국토교통부공고제2025-1219호(토지거래허가구역 지정 공고문)|국토교통부공고제2026-1079호(토지거래허가구역 지정 공고)|국토교통부공고제2026-1105호(토지거래허가구역 재지정 공고)|시보20211228_p1
강남구,일원동,2022-01-29,지정 시작,미분류|신속통합기획,시보20220124_p7-53|시보20220826_p38-82
강동구,명일동,2022-01-29,지정 시작,공공재개발|국제교류복합지구|모아타운|미분류|서울전역아파트|신속통합기획|외국인|정비사업후보지|주요재건축단지,국토교통부공고제2025-1058호(토지거래허가구역 지정 공고)|국토교통부공고제2025-1219호(토지거래허가구역 지정 공고문)|국토교통부공고제2026-1105호(토지거래허가구역 재지정 공고)|시보20220124_p7
강동구,상일동,2022-01-29,지정 시작,미분류|신속통합기획,시보20220124_p7-53|시보20220826_p38-82
강북구,미아동,2022-01-29,지정 시작,공공재개발|국제교류복합지구|모아타운|미분류|서울전역아파트|신속통합기획|외국인|정비사업후보지|주요재건축단지,국토교통부공고제2025-1058호(토지거래허가구역 지정 공고)|국토교통부공고제2025-1219호(토지거래허가구역 지정 공고문)|국토교통부공고제2026-1105호(토지거래허가구역 재지정 공고)|시보20220124_p7
강북구,번동,2022-01-29,지정 시작,공공재개발|모아타운|미분류|서울전역아파트|신속통합기획|외국인|정비사업후보지|주요재건축단지,국토교통부공고제2025-1058호(토지거래허가구역 지정 공고)|국토교통부공고제2025-1219호(토지거래허가구역 지정 공고문)|국토교통부공고제2026-1105호(토지거래허가구역 재지정 공고)|시보20220124_p7
광진구,자양동,2022-01-29,지정 시작,공공재개발|국제교류복합지구|모아타운|미분류|서울전역아파트|신속통합기획|외국인|자연녹지|정비사업후보지|주요재건축단지,국토교통부공고제2025-1058호(토지거래허가구역 지정 공고)|국토교통부공고제2025-1219호(토지거래허가구역 지정 공고문)|국토교통부공고제2026-1105호(토지거래허가구역 재지정 공고)|시보20220124_p7
도봉구,방학동,2022-01-29,지정 시작,공공재개발|국제교류복합지구|모아타운|미분류|서울전역아파트|신규주택공급후보지|신속통합기획|정비사업후보지|주요재건축단지,국토교통부공고제2025-1219호(토지거래허가구역 지정 공고문)|국토교통부공고제2026-1079호(토지거래허가구역 지정 공고)|시보20220124_p7-53|시보20221230_p179-233|시보20231220_p
도봉구,창동,2022-01-29,지정 시작,미분류|신속통합기획,시보20220124_p7-53|시보20220826_p38-82
동대문구,휘경동,2022-01-29,지정 시작,미분류|정비사업후보지|주요재건축단지,시보20220124_p7-53|시보20221230_p179-233
동작구,흑석동,2022-01-29,지정 시작,미분류|정비사업후보지|주요재건축단지,시보20220124_p7-53|시보20221230_p179-233
마포구,대흥동,2022-01-29,지정 시작,공공재개발|모아타운|미분류|서울전역아파트|신속통합기획|정비사업후보지|주요재건축단지,국토교통부공고제2025-1219호(토지거래허가구역 지정 공고문)|시보20220124_p7-53|시보20230118_p234-257|시보20240118_p119-141|시보20240320_p339-342|시보20240
마포구,망원동,2022-01-29,지정 시작,공공재개발|모아타운|미분류|서울전역아파트|신속통합기획|정비사업후보지|주요재건축단지,국토교통부공고제2025-1219호(토지거래허가구역 지정 공고문)|시보20220124_p7-53|시보20220826_p38-82|시보20221230_p179-233|시보20231220_p249-307|시보2024090
성동구,사근동,2022-01-29,지정 시작,공공재개발|모아타운|미분류|서울전역아파트|신속통합기획|정비사업후보지|주요재건축단지,국토교통부공고제2025-1219호(토지거래허가구역 지정 공고문)|시보20220124_p7-53|시보20220826_p38-82|시보20221230_p179-233|시보20231220_p249-307|시보2024090
성동구,행당동,2022-01-29,지정 시작,공공재개발|모아타운|미분류|서울전역아파트|신속통합기획|정비사업후보지|주요재건축단지,국토교통부공고제2025-1219호(토지거래허가구역 지정 공고문)|시보20220124_p7-53|시보20221230_p179-233|시보20231220_p249-307|시보20240731_p291-312|시보20240
성북구,삼선동1가,2022-01-29,지정 시작,미분류|신속통합기획|정비사업후보지|주요재건축단지,시보20220124_p7-53|시보20220826_p38-82|시보20221230_p179-233
성북구,석관동,2022-01-29,지정 시작,공공재개발|국제교류복합지구|모아타운|미분류|서울전역아파트|신속통합기획|자연녹지|정비사업후보지|주요재건축단지,국토교통부공고제2025-1219호(토지거래허가구역 지정 공고문)|시보20220124_p7-53|시보20221230_p179-233|시보20231220_p249-307|시보20240905_p3-79|시보20241218
성북구,정릉동,2022-01-29,지정 시작,미분류|신속통합기획|정비사업후보지|주요재건축단지,시보20220124_p7-53|시보20220826_p38-82|시보20221230_p179-233
송파구,송파동,2022-01-29,지정 시작,공공재개발|모아타운|미분류|서울전역아파트|신속통합기획|정비사업후보지|주요재건축단지,국토교통부공고제2025-1219호(토지거래허가구역 지정 공고문)|시보20220124_p7-53|시보20230118_p234-257|시보20240118_p119-141|시보20241218_p364-437|시보20251
송파구,신천동,2022-01-29,지정 시작,공공재개발|모아타운|미분류|서울전역아파트|신속통합기획|정비사업후보지|주요재건축단지,국토교통부공고제2025-1219호(토지거래허가구역 지정 공고문)|시보20220124_p7-53|시보20230118_p234-257|시보20240118_p119-141|시보20241218_p364-437|시보20251
양천구,신정동,2022-01-29,지정 시작,공공재개발|국제교류복합지구|모아타운|미분류|서울전역아파트|신규주택공급후보지|신속통합기획|정비사업후보지|주요재건축단지,국토교통부공고제2025-1219호(토지거래허가구역 지정 공고문)|국토교통부공고제2026-1079호(토지거래허가구역 지정 공고)|시보20220124_p7-53|시보20230118_p234-257|시보20240118_p
영등포구,대림동,2022-01-29,지정 시작,미분류|신속통합기획|정비사업후보지|주요재건축단지,시보20220124_p7-53|시보20220826_p38-82|시보20221230_p179-233|시보20231220_p249-307
용산구,서계동,2022-01-29,지정 시작,공공재개발|모아타운|미분류|서울전역아파트|신속통합기획|외국인|정비사업후보지|주요재건축단지,국토교통부공고제2025-1219호(토지거래허가구역 지정 공고문)|국토교통부공고제2026-1105호(토지거래허가구역 재지정 공고)|시보20220124_p7-53|시보20221230_p179-233|시보20231220_
용산구,원효로3가,2022-01-29,지정 시작,미분류|신속통합기획|정비사업후보지|주요재건축단지,시보20220124_p7-53|시보20220826_p38-82|시보20221230_p179-233
용산구,이태원동,2022-01-29,지정 시작,미분류|정비사업후보지|주요재건축단지,시보20220124_p7-53|시보20221230_p179-233
은평구,신사동,2022-01-29,지정 시작,미분류|신속통합기획|정비사업후보지|주요재건축단지,시보20220124_p7-53|시보20220826_p38-82|시보20221230_p179-233|시보20231220_p249-307
은평구,응암동,2022-01-29,지정 시작,미분류|신속통합기획|정비사업후보지|주요재건축단지,시보20220124_p7-53|시보20220826_p38-82|시보20221230_p179-233
종로구,연건동,2022-01-29,지정 시작,미분류|신속통합기획,시보20220124_p7-53|시보20220826_p38-82
종로구,체부동,2022-01-29,지정 시작,공공재개발|미분류|신속통합기획,시보20220124_p7-53|시보20230118_p234-257
중구,신당동,2022-01-29,지정 시작,공공재개발|모아타운|미분류|서울전역아파트|신속통합기획|외국인|정비사업후보지|주요재건축단지,국토교통부공고제2025-1219호(토지거래허가구역 지정 공고문)|국토교통부공고제2026-1105호(토지거래허가구역 재지정 공고)|시보20220124_p7-53|시보20230118_p234-257|시보20240118_
중구,장충동2가,2022-01-29,지정 시작,공공재개발|모아타운|미분류|서울전역아파트|신속통합기획|외국인|정비사업후보지|주요재건축단지,국토교통부공고제2025-1219호(토지거래허가구역 지정 공고문)|국토교통부공고제2026-1105호(토지거래허가구역 재지정 공고)|시보20220124_p7-53|시보20230118_p234-257|시보20240118_
중랑구,망우동,2022-01-29,지정 시작,공공재개발|국제교류복합지구|모아타운|미분류|서울전역아파트|신규주택공급후보지|신속통합기획|외국인|정비사업후보지|주요재건축단지,국토교통부공고제2025-1219호(토지거래허가구역 지정 공고문)|국토교통부공고제2026-1079호(토지거래허가구역 지정 공고)|국토교통부공고제2026-1105호(토지거래허가구역 재지정 공고)|시보20220124_p7
용산구,용산동3가,2022-05-20,기록 재개,,
용산구,용산동3가,2022-05-20,지정 시작,용산정비창,국토교통부공고제2022-532호(토지거래허가구역 재지정 공고)|국토교통부공고제2023-487호(토지거래허가구역 재지정 공고)
용산구,한강로1가,2022-05-20,기록 재개,,
용산구,한강로1가,2022-05-20,지정 시작,서울전역아파트|외국인|용산정비창|주요재건축단지,국토교통부공고제2022-532호(토지거래허가구역 재지정 공고)|국토교통부공고제2023-487호(토지거래허가구역 재지정 공고)|국토교통부공고제2024-703호(토지거래허가구역 조정 공고)|국토교통부공고제2025-121
용산구,한강로2가,2022-05-20,기록 재개,,
용산구,한강로2가,2022-05-20,지정 시작,용산정비창,국토교통부공고제2022-532호(토지거래허가구역 재지정 공고)|국토교통부공고제2023-487호(토지거래허가구역 재지정 공고)
용산구,한강로3가,2022-05-20,기록 재개,,
용산구,한강로3가,2022-05-20,지정 시작,공공재개발|국제교류복합지구|서울전역아파트|신속통합기획|외국인|용산정비창|정비사업후보지|주요재건축단지,국토교통부공고제2022-532호(토지거래허가구역 재지정 공고)|국토교통부공고제2023-487호(토지거래허가구역 재지정 공고)|국토교통부공고제2024-703호(토지거래허가구역 조정 공고)|국토교통부공고제2025-121
강동구,고덕동,2022-08-31,지정 시작,신속통합기획,시보20220826_p38-82
구로구,개봉동,2022-08-31,지정 시작,신속통합기획|정비사업후보지|주요재건축단지,시보20220826_p38-82|시보20221230_p179-233
구로구,구로동,2022-08-31,지정 시작,신속통합기획,시보20220826_p38-82
구로구,오류동,2022-08-31,지정 시작,신속통합기획|정비사업후보지|주요재건축단지,시보20220826_p38-82|시보20221230_p179-233
동대문구,용두동,2022-08-31,지정 시작,공공재개발|모아타운|서울전역아파트|신속통합기획|정비사업후보지|주요재건축단지,국토교통부공고제2025-1219호(토지거래허가구역 지정 공고문)|시보20220826_p38-82|시보20221230_p179-233|시보20231220_p249-307|시보20240118_p119-141|시보2024
마포구,아현동,2022-08-31,지정 시작,신속통합기획,시보20220826_p38-82
서대문구,홍제동,2022-08-31,지정 시작,공공재개발|국제교류복합지구|모아타운|서울전역아파트|신규주택공급후보지|신속통합기획|정비사업후보지|주요재건축단지,국토교통부공고제2025-1219호(토지거래허가구역 지정 공고문)|국토교통부공고제2026-1079호(토지거래허가구역 지정 공고)|시보20220826_p38-82|시보20221230_p179-233|시보20231220_
영등포구,도림동,2022-08-31,지정 시작,신속통합기획,시보20220826_p38-82
영등포구,양평동6가,2022-08-31,지정 시작,신속통합기획|정비사업후보지|주요재건축단지,시보20220826_p38-82|시보20221230_p179-233
용산구,청파동1가,2023-01-02,지정 시작,신속통합기획|정비사업후보지|주요재건축단지,시보20221223_p7-30|시보20231220_p249-307
구로구,고척동,2023-01-04,지정 시작,공공재개발|모아타운|서울전역아파트|신속통합기획|외국인|정비사업후보지|주요재건축단지,국토교통부공고제2025-1058호(토지거래허가구역 지정 공고)|국토교통부공고제2025-1219호(토지거래허가구역 지정 공고문)|국토교통부공고제2026-1105호(토지거래허가구역 재지정 공고)|시보20221230_p1
금천구,독산동,2023-01-04,지정 시작,정비사업후보지|주요재건축단지,시보20221230_p179-233
동대문구,답십리동,2023-01-04,지정 시작,공공재개발|모아타운|서울전역아파트|신속통합기획|정비사업후보지|주요재건축단지,국토교통부공고제2025-1219호(토지거래허가구역 지정 공고문)|시보20221230_p179-233|시보20231220_p249-307|시보20240905_p3-79|시보20240925_p538-545|시보20241
동작구,사당동,2023-01-04,지정 시작,공공재개발|국제교류복합지구|모아타운|서울전역아파트|신속통합기획|자연녹지|정비사업후보지|주요재건축단지,국토교통부공고제2025-1219호(토지거래허가구역 지정 공고문)|시보20221230_p179-233|시보20231220_p249-307|시보20240905_p3-79|시보20241114_p608-610|시보20241
서대문구,남가좌동,2023-01-04,지정 시작,신속통합기획|정비사업후보지|주요재건축단지,시보20221230_p179-233|시보20231220_p249-307
성북구,종암동,2023-01-04,지정 시작,공공재개발|국제교류복합지구|모아타운|서울전역아파트|신속통합기획|자연녹지|정비사업후보지|주요재건축단지,국토교통부공고제2025-1219호(토지거래허가구역 지정 공고문)|시보20221230_p179-233|시보20231220_p249-307|시보20240905_p3-79|시보20241218_p364-437|시보20251
종로구,행촌동,2023-01-04,지정 시작,정비사업후보지|주요재건축단지,시보20221230_p179-233
강남구,일원동,2023-08-31,지정 종료,미분류|신속통합기획,시보20220124_p7-53|시보20220826_p38-82
강남구,일원동,2023-08-31,기록 끊김,,
강동구,고덕동,2023-08-31,지정 종료,신속통합기획,시보20220826_p38-82
강동구,고덕동,2023-08-31,기록 끊김,,
강동구,상일동,2023-08-31,지정 종료,미분류|신속통합기획,시보20220124_p7-53|시보20220826_p38-82
강동구,상일동,2023-08-31,기록 끊김,,
구로구,구로동,2023-08-31,지정 종료,신속통합기획,시보20220826_p38-82
구로구,구로동,2023-08-31,기록 끊김,,
도봉구,창동,2023-08-31,지정 종료,미분류|신속통합기획,시보20220124_p7-53|시보20220826_p38-82
도봉구,창동,2023-08-31,기록 끊김,,
마포구,아현동,2023-08-31,지정 종료,신속통합기획,시보20220826_p38-82
마포구,아현동,2023-08-31,기록 끊김,,
영등포구,도림동,2023-08-31,지정 종료,신속통합기획,시보20220826_p38-82
영등포구,도림동,2023-08-31,기록 끊김,,
종로구,연건동,2023-08-31,지정 종료,미분류|신속통합기획,시보20220124_p7-53|시보20220826_p38-82
종로구,연건동,2023-08-31,기록 끊김,,
강남구,개포동,2023-12-26,지정 시작,국제교류복합지구|신속통합기획|정비사업후보지|주요재건축단지,시보20231220_p249-307|시보20240808_p4-7
구로구,개봉동,2024-01-04,지정 종료,신속통합기획|정비사업후보지|주요재건축단지,시보20220826_p38-82|시보20221230_p179-233
구로구,개봉동,2024-01-04,기록 끊김,,
구로구,오류동,2024-01-04,지정 종료,신속통합기획|정비사업후보지|주요재건축단지,시보20220826_p38-82|시보20221230_p179-233
구로구,오류동,2024-01-04,기록 끊김,,
금천구,독산동,2024-01-04,지정 종료,정비사업후보지|주요재건축단지,시보20221230_p179-233
금천구,독산동,2024-01-04,기록 끊김,,
동대문구,휘경동,2024-01-04,지정 종료,미분류|정비사업후보지|주요재건축단지,시보20220124_p7-53|시보20221230_p179-233
동대문구,휘경동,2024-01-04,기록 끊김,,
동작구,흑석동,2024-01-04,지정 종료,미분류|정비사업후보지|주요재건축단지,시보20220124_p7-53|시보20221230_p179-233
동작구,흑석동,2024-01-04,기록 끊김,,
성북구,삼선동1가,2024-01-04,지정 종료,미분류|신속통합기획|정비사업후보지|주요재건축단지,시보20220124_p7-53|시보20220826_p38-82|시보20221230_p179-233
성북구,삼선동1가,2024-01-04,기록 끊김,,
성북구,정릉동,2024-01-04,지정 종료,미분류|신속통합기획|정비사업후보지|주요재건축단지,시보20220124_p7-53|시보20220826_p38-82|시보20221230_p179-233
성북구,정릉동,2024-01-04,기록 끊김,,
영등포구,양평동6가,2024-01-04,지정 종료,신속통합기획|정비사업후보지|주요재건축단지,시보20220826_p38-82|시보20221230_p179-233
영등포구,양평동6가,2024-01-04,기록 끊김,,
용산구,원효로3가,2024-01-04,지정 종료,미분류|신속통합기획|정비사업후보지|주요재건축단지,시보20220124_p7-53|시보20220826_p38-82|시보20221230_p179-233
용산구,원효로3가,2024-01-04,기록 끊김,,
용산구,이태원동,2024-01-04,지정 종료,미분류|정비사업후보지|주요재건축단지,시보20220124_p7-53|시보20221230_p179-233
용산구,이태원동,2024-01-04,기록 끊김,,
은평구,응암동,2024-01-04,지정 종료,미분류|신속통합기획|정비사업후보지|주요재건축단지,시보20220124_p7-53|시보20220826_p38-82|시보20221230_p179-233
은평구,응암동,2024-01-04,기록 끊김,,
종로구,행촌동,2024-01-04,지정 종료,정비사업후보지|주요재건축단지,시보20221230_p179-233
종로구,행촌동,2024-01-04,기록 끊김,,
관악구,봉천동,2024-01-26,지정 시작,공공재개발|국제교류복합지구|모아타운|서울전역아파트|신규주택공급후보지|신속통합기획|외국인|정비사업후보지|주요재건축단지,국토교통부공고제2025-1058호(토지거래허가구역 지정 공고)|국토교통부공고제2025-1219호(토지거래허가구역 지정 공고문)|국토교통부공고제2026-1079호(토지거래허가구역 지정 공고)|국토교통부공고제2026-1
동대문구,신설동,2024-01-26,지정 시작,공공재개발|모아타운|서울전역아파트|신속통합기획|정비사업후보지|주요재건축단지,국토교통부공고제2025-1219호(토지거래허가구역 지정 공고문)|시보20240118_p119-141|시보20241218_p364-437|시보20251217_p614-692
동작구,흑석동,2024-01-26,기록 재개,,
동작구,흑석동,2024-01-26,지정 시작,공공재개발|모아타운|서울전역아파트|신속통합기획|정비사업후보지|주요재건축단지,국토교통부공고제2025-1219호(토지거래허가구역 지정 공고문)|시보20240118_p119-141|시보20241218_p364-437|시보20251217_p614-692|시보20260805_p377-447
영등포구,양평동2가,2024-01-26,지정 시작,공공재개발|모아타운|서울전역아파트|신속통합기획|정비사업후보지|주요재건축단지,국토교통부공고제2025-1219호(토지거래허가구역 지정 공고문)|시보20240118_p119-141|시보20241218_p364-437|시보20251217_p614-692
종로구,신문로1가,2024-01-26,지정 시작,공공재개발|모아타운|서울전역아파트|신속통합기획|외국인|정비사업후보지|주요재건축단지,국토교통부공고제2025-1219호(토지거래허가구역 지정 공고문)|국토교통부공고제2026-1105호(토지거래허가구역 재지정 공고)|시보20240118_p119-141|시보20241218_p364-437|시보202512
종로구,체부동,2024-01-26,지정 종료,공공재개발|미분류|신속통합기획,시보20220124_p7-53|시보20230118_p234-257
종로구,체부동,2024-01-26,기록 끊김,,
구로구,개봉동,2024-04-04,기록 재개,,
구로구,개봉동,2024-04-04,지정 시작,공공재개발|국제교류복합지구|모아타운|서울전역아파트|신규주택공급후보지|신속통합기획|외국인|자연녹지|정비사업후보지|주요재건축단지,국토교통부공고제2025-1058호(토지거래허가구역 지정 공고)|국토교통부공고제2025-1219호(토지거래허가구역 지정 공고문)|국토교통부공고제2026-1079호(토지거래허가구역 지정 공고)|국토교통부공고제2026-1
구로구,오류동,2024-04-04,기록 재개,,
구로구,오류동,2024-04-04,지정 시작,공공재개발|국제교류복합지구|서울전역아파트|신규주택공급후보지|신속통합기획|외국인|정비사업후보지|주요재건축단지,국토교통부공고제2025-1058호(토지거래허가구역 지정 공고)|국토교통부공고제2025-1219호(토지거래허가구역 지정 공고문)|국토교통부공고제2026-1079호(토지거래허가구역 지정 공고)|국토교통부공고제2026-1
금천구,독산동,2024-04-04,기록 재개,,
금천구,독산동,2024-04-04,지정 시작,공공재개발|모아타운|서울전역아파트|신속통합기획|정비사업후보지|주요재건축단지,국토교통부공고제2025-1219호(토지거래허가구역 지정 공고문)|시보20240320_p339-342|시보20240905_p3-79|시보20250314_p3-51|시보20250403_p3-4|시보20251231_p13
도봉구,창동,2024-04-04,기록 재개,,
도봉구,창동,2024-04-04,지정 시작,공공재개발|국제교류복합지구|모아타운|서울전역아파트|신속통합기획|자연녹지|정비사업후보지|주요재건축단지,국토교통부공고제2025-1219호(토지거래허가구역 지정 공고문)|시보20240320_p339-342|시보20240731_p291-312|시보20240905_p3-79|시보20260513_p313-367|시보20260
용산구,용산동3가,2024-05-20,지정 종료,용산정비창,국토교통부공고제2022-532호(토지거래허가구역 재지정 공고)|국토교통부공고제2023-487호(토지거래허가구역 재지정 공고)
용산구,용산동3가,2024-05-20,기록 끊김,,
용산구,한강로2가,2024-05-20,지정 종료,용산정비창,국토교통부공고제2022-532호(토지거래허가구역 재지정 공고)|국토교통부공고제2023-487호(토지거래허가구역 재지정 공고)
용산구,한강로2가,2024-05-20,기록 끊김,,
동대문구,장안동,2024-06-04,지정 시작,공공재개발|신속통합기획|정비사업후보지,시보20240529_p301-309
성북구,정릉동,2024-06-04,기록 재개,,
성북구,정릉동,2024-06-04,지정 시작,공공재개발|국제교류복합지구|모아타운|서울전역아파트|신규주택공급후보지|신속통합기획|정비사업후보지|주요재건축단지,국토교통부공고제2025-1219호(토지거래허가구역 지정 공고문)|국토교통부공고제2026-1079호(토지거래허가구역 지정 공고)|시보20240529_p301-309|시보20240808_p4-7|시보20240905_p3
구로구,구로동,2024-08-06,기록 재개,,
구로구,구로동,2024-08-06,지정 시작,공공재개발|국제교류복합지구|모아타운|서울전역아파트|신속통합기획|외국인|자연녹지|정비사업후보지|주요재건축단지,국토교통부공고제2025-1058호(토지거래허가구역 지정 공고)|국토교통부공고제2025-1219호(토지거래허가구역 지정 공고문)|국토교통부공고제2026-1105호(토지거래허가구역 재지정 공고)|시보20240731_p2
마포구,아현동,2024-08-06,기록 재개,,
마포구,아현동,2024-08-06,지정 시작,공공재개발|신속통합기획,시보20240731_p291-312
영등포구,도림동,2024-08-06,기록 재개,,
영등포구,도림동,2024-08-06,지정 시작,공공재개발|신속통합기획,시보20240731_p291-312
용산구,서빙고동,2024-08-06,지정 시작,공공재개발|신속통합기획,시보20240731_p291-312
용산구,후암동,2024-08-06,지정 시작,공공재개발|국제교류복합지구|모아타운|서울전역아파트|신속통합기획|외국인|정비사업후보지|주요재건축단지,국토교통부공고제2025-1219호(토지거래허가구역 지정 공고문)|국토교통부공고제2026-1105호(토지거래허가구역 재지정 공고)|시보20240731_p291-312|시보20241017_p245-252|시보202503
은평구,갈현동,2024-08-06,지정 시작,공공재개발|신속통합기획,시보20240731_p291-312
은평구,응암동,2024-08-06,기록 재개,,
은평구,응암동,2024-08-06,지정 시작,공공재개발|신속통합기획,시보20240731_p291-312
종로구,연건동,2024-08-06,기록 재개,,
종로구,연건동,2024-08-06,지정 시작,공공재개발|신속통합기획,시보20240731_p291-312
강남구,세곡동,2024-08-13,지정 시작,국제교류복합지구,시보20240808_p4-7
강남구,수서동,2024-08-13,지정 시작,국제교류복합지구,시보20240808_p4-7
강남구,율현동,2024-08-13,지정 시작,국제교류복합지구,시보20240808_p4-7
강남구,일원동,2024-08-13,기록 재개,,
강남구,일원동,2024-08-13,지정 시작,국제교류복합지구,시보20240808_p4-7
강남구,자곡동,2024-08-13,지정 시작,국제교류복합지구,시보20240808_p4-7
강동구,강일동,2024-08-13,지정 시작,국제교류복합지구,시보20240808_p4-7
강동구,고덕동,2024-08-13,기록 재개,,
강동구,고덕동,2024-08-13,지정 시작,국제교류복합지구,시보20240808_p4-7
강동구,길동,2024-08-13,지정 시작,국제교류복합지구,시보20240808_p4-7
강동구,둔촌동,2024-08-13,지정 시작,국제교류복합지구|모아타운|서울전역아파트|외국인|주요재건축단지,국토교통부공고제2025-1058호(토지거래허가구역 지정 공고)|국토교통부공고제2025-1219호(토지거래허가구역 지정 공고문)|국토교통부공고제2026-1105호(토지거래허가구역 재지정 공고)|시보20240808_p4
강동구,상일동,2024-08-13,기록 재개,,
강동구,상일동,2024-08-13,지정 시작,국제교류복합지구,시보20240808_p4-7
강동구,암사동,2024-08-13,지정 시작,국제교류복합지구,시보20240808_p4-7
강북구,우이동,2024-08-13,지정 시작,국제교류복합지구,시보20240808_p4-7
강서구,오쇠동,2024-08-13,지정 시작,국제교류복합지구,시보20240808_p4-7
강서구,외발산동,2024-08-13,지정 시작,국제교류복합지구,시보20240808_p4-7
관악구,남현동,2024-08-13,지정 시작,국제교류복합지구,시보20240808_p4-7
광진구,광장동,2024-08-13,지정 시작,국제교류복합지구,시보20240808_p4-7
광진구,구의동,2024-08-13,지정 시작,국제교류복합지구,시보20240808_p4-7
광진구,중곡동,2024-08-13,지정 시작,국제교류복합지구,시보20240808_p4-7
구로구,궁동,2024-08-13,지정 시작,국제교류복합지구,시보20240808_p4-7
구로구,온수동,2024-08-13,지정 시작,국제교류복합지구,시보20240808_p4-7
구로구,천왕동,2024-08-13,지정 시작,국제교류복합지구,시보20240808_p4-7
구로구,항동,2024-08-13,지정 시작,국제교류복합지구,시보20240808_p4-7
노원구,공릉동,2024-08-13,지정 시작,국제교류복합지구,시보20240808_p4-7
노원구,중계동,2024-08-13,지정 시작,국제교류복합지구,시보20240808_p4-7
노원구,하계동,2024-08-13,지정 시작,국제교류복합지구,시보20240808_p4-7
도봉구,도봉동,2024-08-13,지정 시작,국제교류복합지구,시보20240808_p4-7
마포구,상암동,2024-08-13,지정 시작,국제교류복합지구,시보20240808_p4-7
서초구,내곡동,2024-08-13,지정 시작,국제교류복합지구,시보20240808_p4-7
서초구,방배동,2024-08-13,지정 시작,국제교류복합지구,시보20240808_p4-7
서초구,신원동,2024-08-13,지정 시작,국제교류복합지구,시보20240808_p4-7
서초구,염곡동,2024-08-13,지정 시작,국제교류복합지구,시보20240808_p4-7
서초구,우면동,2024-08-13,지정 시작,국제교류복합지구,시보20240808_p4-7
서초구,원지동,2024-08-13,지정 시작,국제교류복합지구,시보20240808_p4-7
송파구,방이동,2024-08-13,지정 시작,모아타운|미분류|서울전역아파트|신규주택공급후보지|신속통합기획|자연녹지|정비사업후보지,국토교통부공고제2024-1140호(토지거래허가구역 지정 공고)|국토교통부공고제2024-1506호(토지거래허가구역 지정 및 해제 공고)|국토교통부공고제2025-1219호(토지거래허가구역 지정 공고문)|국토교통부공고제2
송파구,오금동,2024-08-13,지정 시작,미분류|서울전역아파트|신규주택공급후보지|자연녹지,국토교통부공고제2024-1140호(토지거래허가구역 지정 공고)|국토교통부공고제2024-1506호(토지거래허가구역 지정 및 해제 공고)|국토교통부공고제2025-1219호(토지거래허가구역 지정 공고문)|국토교통부공고제2
은평구,진관동,2024-08-13,지정 시작,국제교류복합지구,시보20240808_p4-7
종로구,청운동,2024-08-13,지정 시작,국제교류복합지구,시보20240808_p4-7
종로구,평창동,2024-08-13,지정 시작,국제교류복합지구,시보20240808_p4-7
중랑구,신내동,2024-08-13,지정 시작,국제교류복합지구,시보20240808_p4-7
강서구,공항동,2024-09-10,지정 시작,모아타운|서울전역아파트|외국인|주요재건축단지,국토교통부공고제2025-1058호(토지거래허가구역 지정 공고)|국토교통부공고제2025-1219호(토지거래허가구역 지정 공고문)|국토교통부공고제2026-1105호(토지거래허가구역 재지정 공고)|시보20240905_p3
강서구,등촌동,2024-09-10,지정 시작,모아타운|서울전역아파트|외국인|주요재건축단지,국토교통부공고제2025-1058호(토지거래허가구역 지정 공고)|국토교통부공고제2025-1219호(토지거래허가구역 지정 공고문)|국토교통부공고제2026-1105호(토지거래허가구역 재지정 공고)|시보20240905_p3
강서구,화곡동,2024-09-10,지정 시작,모아타운|서울전역아파트|외국인|주요재건축단지,국토교통부공고제2025-1058호(토지거래허가구역 지정 공고)|국토교통부공고제2025-1219호(토지거래허가구역 지정 공고문)|국토교통부공고제2026-1105호(토지거래허가구역 재지정 공고)|시보20240905_p3
노원구,월계동,2024-09-10,지정 시작,모아타운|서울전역아파트|신속통합기획|정비사업후보지|주요재건축단지,국토교통부공고제2025-1219호(토지거래허가구역 지정 공고문)|시보20240905_p3-79|시보20250409_p451-469
동대문구,이문동,2024-09-10,지정 시작,서울전역아파트|주요재건축단지,국토교통부공고제2025-1219호(토지거래허가구역 지정 공고문)|시보20240925_p538-545
동작구,노량진동,2024-09-10,지정 시작,공공재개발|국제교류복합지구|모아타운|서울전역아파트|신속통합기획|자연녹지|정비사업후보지|주요재건축단지,국토교통부공고제2025-1219호(토지거래허가구역 지정 공고문)|시보20240905_p3-79|시보20260513_p313-367|시보20260624_p721-728|시보20260805_p377-447
마포구,성산동,2024-09-10,지정 시작,모아타운|서울전역아파트|주요재건축단지,국토교통부공고제2025-1219호(토지거래허가구역 지정 공고문)|시보20240905_p3-79
마포구,용강동,2024-09-10,지정 시작,모아타운|서울전역아파트|주요재건축단지,국토교통부공고제2025-1219호(토지거래허가구역 지정 공고문)|시보20240905_p3-79
마포구,중동,2024-09-10,지정 시작,모아타운|서울전역아파트|주요재건축단지,국토교통부공고제2025-1219호(토지거래허가구역 지정 공고문)|시보20240905_p3-79
마포구,합정동,2024-09-10,지정 시작,공공재개발|모아타운|서울전역아파트|신속통합기획|정비사업후보지|주요재건축단지,국토교통부공고제2025-1219호(토지거래허가구역 지정 공고문)|시보20240905_p3-79|시보20251106_p1135-1144|시보20260316_p419-470
서대문구,옥천동,2024-09-10,지정 시작,공공재개발|모아타운|서울전역아파트|신속통합기획|정비사업후보지|주요재건축단지,국토교통부공고제2025-1219호(토지거래허가구역 지정 공고문)|시보20240905_p3-79|시보20260316_p419-470|시보20260805_p377-447
서대문구,천연동,2024-09-10,지정 시작,공공재개발|모아타운|서울전역아파트|신속통합기획|정비사업후보지|주요재건축단지,국토교통부공고제2025-1219호(토지거래허가구역 지정 공고문)|시보20240905_p3-79|시보20260805_p377-447
서대문구,현저동,2024-09-10,지정 시작,모아타운|서울전역아파트|주요재건축단지,국토교통부공고제2025-1219호(토지거래허가구역 지정 공고문)|시보20240905_p3-79
성동구,금호동1가,2024-09-10,지정 시작,모아타운|서울전역아파트|주요재건축단지,국토교통부공고제2025-1219호(토지거래허가구역 지정 공고문)|시보20240905_p3-79
성동구,송정동,2024-09-10,지정 시작,모아타운|서울전역아파트|주요재건축단지,국토교통부공고제2025-1219호(토지거래허가구역 지정 공고문)|시보20240905_p3-79
성북구,돈암동,2024-09-10,지정 시작,모아타운|서울전역아파트|주요재건축단지,국토교통부공고제2025-1219호(토지거래허가구역 지정 공고문)|시보20240905_p3-79|시보20240925_p538-545
송파구,풍납동,2024-09-10,지정 시작,국제교류복합지구|모아타운|서울전역아파트|주요재건축단지,국토교통부공고제2025-1219호(토지거래허가구역 지정 공고문)|시보20240905_p3-79|시보20250319_p3-8
용산구,산천동,2024-09-10,지정 시작,모아타운|서울전역아파트|외국인|주요재건축단지,국토교통부공고제2025-1219호(토지거래허가구역 지정 공고문)|국토교통부공고제2026-1105호(토지거래허가구역 재지정 공고)|시보20240905_p3-79
용산구,원효로4가,2024-09-10,지정 시작,공공재개발|국제교류복합지구|모아타운|서울전역아파트|신속통합기획|외국인|용산정비창|자연녹지|정비사업후보지|주요재건축단지,국토교통부공고제2025-1219호(토지거래허가구역 지정 공고문)|국토교통부공고제2025-1583호(토지거래허가구역 재지정 공고문)|국토교통부공고제2026-1105호(토지거래허가구역 재지정 공고)|시보20240905_
은평구,대조동,2024-09-10,지정 시작,모아타운|서울전역아파트|외국인|주요재건축단지,국토교통부공고제2025-1219호(토지거래허가구역 지정 공고문)|국토교통부공고제2026-1105호(토지거래허가구역 재지정 공고)|시보20240905_p3-79
종로구,구기동,2024-09-10,지정 시작,모아타운|서울전역아파트|외국인|주요재건축단지,국토교통부공고제2025-1219호(토지거래허가구역 지정 공고문)|국토교통부공고제2026-1105호(토지거래허가구역 재지정 공고)|시보20240905_p3-79
중랑구,묵동,2024-09-10,지정 시작,모아타운|서울전역아파트|외국인|주요재건축단지,국토교통부공고제2025-1219호(토지거래허가구역 지정 공고문)|국토교통부공고제2026-1105호(토지거래허가구역 재지정 공고)|시보20240905_p3-79
중랑구,상봉동,2024-09-10,지정 시작,모아타운|서울전역아파트|외국인|주요재건축단지,국토교통부공고제2025-1219호(토지거래허가구역 지정 공고문)|국토교통부공고제2026-1105호(토지거래허가구역 재지정 공고)|시보20240905_p3-79
강서구,오곡동,2024-12-26,지정 종료,미분류,국토교통부공고제2020-1632호(토지거래허가구역 재지정)|국토교통부공고제2021-1805호(토지거래허가구역  재지정 공고)|국토교통부공고제2022-1566호(토지거래허가구역 재지정 공고)|국토교통부공고제2023-1
강서구,오곡동,2024-12-26,기록 끊김,,
동대문구,청량리동,2024-12-26,지정 종료,신속통합기획|정비사업후보지|주요재건축단지,시보20211228_p17-40|시보20221223_p7-30|시보20231220_p249-307
동대문구,청량리동,2024-12-26,기록 끊김,,
서대문구,남가좌동,2024-12-26,지정 종료,신속통합기획|정비사업후보지|주요재건축단지,시보20221230_p179-233|시보20231220_p249-307
서대문구,남가좌동,2024-12-26,기록 끊김,,
성북구,하월곡동,2024-12-26,지정 종료,신속통합기획|정비사업후보지|주요재건축단지,시보20211228_p17-40|시보20221223_p7-30|시보20231220_p249-307
성북구,하월곡동,2024-12-26,기록 끊김,,
영등포구,당산동6가,2024-12-26,지정 종료,신속통합기획|정비사업후보지|주요재건축단지,시보20211228_p17-40|시보20221223_p7-30|시보20231220_p249-307
영등포구,당산동6가,2024-12-26,기록 끊김,,
영등포구,대림동,2024-12-26,지정 종료,미분류|신속통합기획|정비사업후보지|주요재건축단지,시보20220124_p7-53|시보20220826_p38-82|시보20221230_p179-233|시보20231220_p249-307
영등포구,대림동,2024-12-26,기록 끊김,,
용산구,청파동1가,2024-12-26,지정 종료,신속통합기획|정비사업후보지|주요재건축단지,시보20221223_p7-30|시보20231220_p249-307
용산구,청파동1가,2024-12-26,기록 끊김,,
은평구,신사동,2024-12-26,지정 종료,미분류|신속통합기획|정비사업후보지|주요재건축단지,시보20220124_p7-53|시보20220826_p38-82|시보20221230_p179-233|시보20231220_p249-307
은평구,신사동,2024-12-26,기록 끊김,,
종로구,창신동,2024-12-26,지정 종료,신속통합기획|정비사업후보지|주요재건축단지,시보20211228_p17-40|시보20221223_p7-30|시보20221230_p179-233|시보20231220_p249-307
종로구,창신동,2024-12-26,기록 끊김,,
강남구,개포동,2025-01-01,지정 종료,국제교류복합지구|신속통합기획|정비사업후보지|주요재건축단지,시보20231220_p249-307|시보20240808_p4-7
강남구,개포동,2025-01-01,기록 끊김,,
강남구,세곡동,2025-01-01,지정 종료,국제교류복합지구,시보20240808_p4-7
강남구,세곡동,2025-01-01,기록 끊김,,
강남구,수서동,2025-01-01,지정 종료,국제교류복합지구,시보20240808_p4-7
강남구,수서동,2025-01-01,기록 끊김,,
강남구,율현동,2025-01-01,지정 종료,국제교류복합지구,시보20240808_p4-7
강남구,율현동,2025-01-01,기록 끊김,,
강남구,일원동,2025-01-01,지정 종료,국제교류복합지구,시보20240808_p4-7
강남구,일원동,2025-01-01,기록 끊김,,
강남구,자곡동,2025-01-01,지정 종료,국제교류복합지구,시보20240808_p4-7
강남구,자곡동,2025-01-01,기록 끊김,,
강동구,강일동,2025-01-01,지정 종료,국제교류복합지구,시보20240808_p4-7
강동구,강일동,2025-01-01,기록 끊김,,
강동구,고덕동,2025-01-01,지정 종료,국제교류복합지구,시보20240808_p4-7
강동구,고덕동,2025-01-01,기록 끊김,,
강동구,길동,2025-01-01,지정 종료,국제교류복합지구,시보20240808_p4-7
강동구,길동,2025-01-01,기록 끊김,,
강동구,상일동,2025-01-01,지정 종료,국제교류복합지구,시보20240808_p4-7
강동구,상일동,2025-01-01,기록 끊김,,
강동구,암사동,2025-01-01,지정 종료,국제교류복합지구,시보20240808_p4-7
강동구,암사동,2025-01-01,기록 끊김,,
강북구,우이동,2025-01-01,지정 종료,국제교류복합지구,시보20240808_p4-7
강북구,우이동,2025-01-01,기록 끊김,,
강서구,오쇠동,2025-01-01,지정 종료,국제교류복합지구,시보20240808_p4-7
강서구,오쇠동,2025-01-01,기록 끊김,,
강서구,외발산동,2025-01-01,지정 종료,국제교류복합지구,시보20240808_p4-7
강서구,외발산동,2025-01-01,기록 끊김,,
관악구,남현동,2025-01-01,지정 종료,국제교류복합지구,시보20240808_p4-7
관악구,남현동,2025-01-01,기록 끊김,,
광진구,광장동,2025-01-01,지정 종료,국제교류복합지구,시보20240808_p4-7
광진구,광장동,2025-01-01,기록 끊김,,
광진구,구의동,2025-01-01,지정 종료,국제교류복합지구,시보20240808_p4-7
광진구,구의동,2025-01-01,기록 끊김,,
광진구,중곡동,2025-01-01,지정 종료,국제교류복합지구,시보20240808_p4-7
광진구,중곡동,2025-01-01,기록 끊김,,
구로구,궁동,2025-01-01,지정 종료,국제교류복합지구,시보20240808_p4-7
구로구,궁동,2025-01-01,기록 끊김,,
구로구,온수동,2025-01-01,지정 종료,국제교류복합지구,시보20240808_p4-7
구로구,온수동,2025-01-01,기록 끊김,,
구로구,천왕동,2025-01-01,지정 종료,국제교류복합지구,시보20240808_p4-7
구로구,천왕동,2025-01-01,기록 끊김,,
구로구,항동,2025-01-01,지정 종료,국제교류복합지구,시보20240808_p4-7
구로구,항동,2025-01-01,기록 끊김,,
노원구,공릉동,2025-01-01,지정 종료,국제교류복합지구,시보20240808_p4-7
노원구,공릉동,2025-01-01,기록 끊김,,
노원구,중계동,2025-01-01,지정 종료,국제교류복합지구,시보20240808_p4-7
노원구,중계동,2025-01-01,기록 끊김,,
노원구,하계동,2025-01-01,지정 종료,국제교류복합지구,시보20240808_p4-7
노원구,하계동,2025-01-01,기록 끊김,,
도봉구,도봉동,2025-01-01,지정 종료,국제교류복합지구,시보20240808_p4-7
도봉구,도봉동,2025-01-01,기록 끊김,,
마포구,상암동,2025-01-01,지정 종료,국제교류복합지구,시보20240808_p4-7
마포구,상암동,2025-01-01,기록 끊김,,
서초구,내곡동,2025-01-01,지정 종료,국제교류복합지구,시보20240808_p4-7
서초구,내곡동,2025-01-01,기록 끊김,,
서초구,방배동,2025-01-01,지정 종료,국제교류복합지구,시보20240808_p4-7
서초구,방배동,2025-01-01,기록 끊김,,
서초구,신원동,2025-01-01,지정 종료,국제교류복합지구,시보20240808_p4-7
서초구,신원동,2025-01-01,기록 끊김,,
서초구,염곡동,2025-01-01,지정 종료,국제교류복합지구,시보20240808_p4-7
서초구,염곡동,2025-01-01,기록 끊김,,
서초구,우면동,2025-01-01,지정 종료,국제교류복합지구,시보20240808_p4-7
서초구,우면동,2025-01-01,기록 끊김,,
서초구,원지동,2025-01-01,지정 종료,국제교류복합지구,시보20240808_p4-7
서초구,원지동,2025-01-01,기록 끊김,,
은평구,진관동,2025-01-01,지정 종료,국제교류복합지구,시보20240808_p4-7
은평구,진관동,2025-01-01,기록 끊김,,
종로구,청운동,2025-01-01,지정 종료,국제교류복합지구,시보20240808_p4-7
종로구,청운동,2025-01-01,기록 끊김,,
종로구,평창동,2025-01-01,지정 종료,국제교류복합지구,시보20240808_p4-7
종로구,평창동,2025-01-01,기록 끊김,,
중랑구,신내동,2025-01-01,지정 종료,국제교류복합지구,시보20240808_p4-7
중랑구,신내동,2025-01-01,기록 끊김,,
구로구,가리봉동,2025-01-02,지정 종료,미분류|신속통합기획|정비사업후보지|주요재건축단지,시보20211228_p17-40|시보20220124_p7-53|시보20221223_p7-30|시보20221230_p179-233|시보20231220_p249-307|시보20240103_p215-217
구로구,가리봉동,2025-01-02,기록 끊김,,
강남구,개포동,2025-01-26,기록 재개,,
강남구,개포동,2025-01-26,지정 시작,공공재개발|모아타운|서울전역아파트|신규주택공급후보지|신속통합기획|외국인|정비사업후보지|주요재건축단지,국토교통부공고제2025-1058호(토지거래허가구역 지정 공고)|국토교통부공고제2025-1219호(토지거래허가구역 지정 공고문)|국토교통부공고제2026-1079호(토지거래허가구역 지정 공고)|국토교통부공고제2026-1
구로구,가리봉동,2025-01-26,기록 재개,,
구로구,가리봉동,2025-01-26,지정 시작,공공재개발|국제교류복합지구|모아타운|서울전역아파트|신속통합기획|외국인|정비사업후보지|주요재건축단지,국토교통부공고제2025-1058호(토지거래허가구역 지정 공고)|국토교통부공고제2025-1219호(토지거래허가구역 지정 공고문)|국토교통부공고제2026-1105호(토지거래허가구역 재지정 공고)|시보20241218_p3
동대문구,청량리동,2025-01-26,기록 재개,,
동대문구,청량리동,2025-01-26,지정 시작,공공재개발|모아타운|서울전역아파트|신속통합기획|정비사업후보지|주요재건축단지,국토교통부공고제2025-1219호(토지거래허가구역 지정 공고문)|시보20241218_p364-437|시보20251217_p614-692
성북구,하월곡동,2025-01-26,기록 재개,,
성북구,하월곡동,2025-01-26,지정 시작,공공재개발|국제교류복합지구|모아타운|서울전역아파트|신속통합기획|자연녹지|정비사업후보지|주요재건축단지,국토교통부공고제2025-1219호(토지거래허가구역 지정 공고문)|시보20241218_p364-437|시보20251217_p614-692|시보20260211_p499-512|시보20260513_p313-367|시보20
영등포구,당산동6가,2025-01-26,기록 재개,,
영등포구,당산동6가,2025-01-26,지정 시작,공공재개발|모아타운|서울전역아파트|신속통합기획|정비사업후보지|주요재건축단지,국토교통부공고제2025-1219호(토지거래허가구역 지정 공고문)|시보20241218_p364-437|시보20251217_p614-692
영등포구,대림동,2025-01-26,기록 재개,,
영등포구,대림동,2025-01-26,지정 시작,공공재개발|모아타운|서울전역아파트|신속통합기획|정비사업후보지|주요재건축단지,국토교통부공고제2025-1219호(토지거래허가구역 지정 공고문)|시보20241218_p364-437|시보20251217_p614-692
용산구,청파동1가,2025-01-26,기록 재개,,
용산구,청파동1가,2025-01-26,지정 시작,공공재개발|모아타운|서울전역아파트|신속통합기획|외국인|정비사업후보지|주요재건축단지,국토교통부공고제2025-1219호(토지거래허가구역 지정 공고문)|국토교통부공고제2026-1105호(토지거래허가구역 재지정 공고)|시보20241218_p364-437|시보20251217_p614-692
은평구,신사동,2025-01-26,기록 재개,,
은평구,신사동,2025-01-26,지정 시작,공공재개발|모아타운|서울전역아파트|신속통합기획|외국인|정비사업후보지|주요재건축단지,국토교통부공고제2025-1219호(토지거래허가구역 지정 공고문)|국토교통부공고제2026-1105호(토지거래허가구역 재지정 공고)|시보20241218_p364-437|시보20251217_p614-692|시보202512
종로구,창신동,2025-01-26,기록 재개,,
종로구,창신동,2025-01-26,지정 시작,공공재개발|모아타운|서울전역아파트|신속통합기획|외국인|정비사업후보지|주요재건축단지,국토교통부공고제2025-1219호(토지거래허가구역 지정 공고문)|국토교통부공고제2026-1105호(토지거래허가구역 재지정 공고)|시보20241218_p364-437|시보20250827_p1056-1070|시보2025
서초구,우면동,2025-02-18,기록 재개,,
서초구,우면동,2025-02-18,지정 시작,공공재개발|국제교류복합지구|모아타운|서울전역아파트|신규주택공급후보지|신속통합기획|정비사업후보지|주요재건축단지,국토교통부공고제2025-1219호(토지거래허가구역 지정 공고문)|국토교통부공고제2026-1079호(토지거래허가구역 지정 공고)|시보20250212_p403-428|시보20250319_p3-8
중랑구,신내동,2025-02-18,기록 재개,,
중랑구,신내동,2025-02-18,지정 시작,공공재개발|모아타운|서울전역아파트|신규주택공급후보지|신속통합기획|외국인|정비사업후보지|주요재건축단지,국토교통부공고제2025-1219호(토지거래허가구역 지정 공고문)|국토교통부공고제2026-1079호(토지거래허가구역 지정 공고)|국토교통부공고제2026-1105호(토지거래허가구역 재지정 공고)|시보20250212_p4
광진구,중곡동,2025-03-19,기록 재개,,
광진구,중곡동,2025-03-19,지정 시작,공공재개발|국제교류복합지구|모아타운|서울전역아파트|신규주택공급후보지|신속통합기획|외국인|자연녹지|정비사업후보지|주요재건축단지,국토교통부공고제2025-1058호(토지거래허가구역 지정 공고)|국토교통부공고제2025-1219호(토지거래허가구역 지정 공고문)|국토교통부공고제2026-1079호(토지거래허가구역 지정 공고)|국토교통부공고제2026-1
서대문구,북가좌동,2025-03-19,지정 시작,공공재개발|국제교류복합지구|모아타운|서울전역아파트|신속통합기획|자연녹지|정비사업후보지,국토교통부공고제2025-1219호(토지거래허가구역 지정 공고문)|시보20250314_p3-51|시보20260316_p419-470|시보20260513_p313-367|시보20260805_p377-447
용산구,이태원동,2025-03-19,기록 재개,,
용산구,이태원동,2025-03-19,지정 시작,공공재개발|서울전역아파트|신속통합기획|외국인|정비사업후보지|주요재건축단지,국토교통부공고제2025-1219호(토지거래허가구역 지정 공고문)|국토교통부공고제2026-1105호(토지거래허가구역 재지정 공고)|시보20250314_p3-51|시보20251106_p1135-1144|시보2026031
강남구,율현동,2025-03-24,기록 재개,,
강남구,율현동,2025-03-24,지정 시작,국제교류복합지구|서울전역아파트|신규주택공급후보지|외국인|주요재건축단지,국토교통부공고제2025-1058호(토지거래허가구역 지정 공고)|국토교통부공고제2025-1219호(토지거래허가구역 지정 공고문)|국토교통부공고제2026-1079호(토지거래허가구역 지정 공고)|국토교통부공고제2026-1
강남구,일원동,2025-03-24,기록 재개,,
강남구,일원동,2025-03-24,지정 시작,공공재개발|국제교류복합지구|모아타운|서울전역아파트|신규주택공급후보지|신속통합기획|외국인|정비사업후보지|주요재건축단지,국토교통부공고제2025-1058호(토지거래허가구역 지정 공고)|국토교통부공고제2025-1219호(토지거래허가구역 지정 공고문)|국토교통부공고제2026-1079호(토지거래허가구역 지정 공고)|국토교통부공고제2026-1
강남구,자곡동,2025-03-24,기록 재개,,
강남구,자곡동,2025-03-24,지정 시작,국제교류복합지구|서울전역아파트|신규주택공급후보지|외국인|주요재건축단지,국토교통부공고제2025-1058호(토지거래허가구역 지정 공고)|국토교통부공고제2025-1219호(토지거래허가구역 지정 공고문)|국토교통부공고제2026-1079호(토지거래허가구역 지정 공고)|국토교통부공고제2026-1
서초구,양재동,2025-03-24,지정 시작,국제교류복합지구|주요재건축단지,시보20250319_p3-8
서초구,염곡동,2025-03-24,기록 재개,,
서초구,염곡동,2025-03-24,지정 시작,국제교류복합지구|주요재건축단지,시보20250319_p3-8
서초구,원지동,2025-03-24,기록 재개,,
서초구,원지동,2025-03-24,지정 시작,국제교류복합지구|주요재건축단지,시보20250319_p3-8
서초구,잠원동,2025-03-24,지정 시작,국제교류복합지구|주요재건축단지,시보20250319_p3-8
송파구,장지동,2025-03-24,지정 시작,국제교류복합지구|주요재건축단지,시보20250319_p3-8
용산구,효창동,2025-03-24,지정 시작,공공재개발|국제교류복합지구|서울전역아파트|신속통합기획|외국인|정비사업후보지|주요재건축단지,국토교통부공고제2025-1219호(토지거래허가구역 지정 공고문)|국토교통부공고제2026-1105호(토지거래허가구역 재지정 공고)|시보20250319_p3-8|시보20250925_p151-164
마포구,창전동,2025-04-27,지정 시작,모아타운|서울전역아파트|신속통합기획|정비사업후보지|주요재건축단지,국토교통부공고제2025-1219호(토지거래허가구역 지정 공고문)|시보20250409_p451-469
강남구,대치동,2025-06-23,지정 종료,국제교류복합지구,시보2020호3590_p105-107|시보20210609_p356-358|시보20220616_p3-5|시보20230614_p532-534|시보20240613_p3-5
강남구,대치동,2025-06-23,기록 끊김,,
강남구,삼성동,2025-06-23,지정 종료,국제교류복합지구,시보2020호3590_p105-107|시보20210609_p356-358|시보20220616_p3-5|시보20230614_p532-534|시보20240613_p3-5
강남구,삼성동,2025-06-23,기록 끊김,,
강남구,논현동,2025-08-26,지정 시작,서울전역아파트|외국인|주요재건축단지,국토교통부공고제2025-1058호(토지거래허가구역 지정 공고)|국토교통부공고제2025-1219호(토지거래허가구역 지정 공고문)|국토교통부공고제2026-1105호(토지거래허가구역 재지정 공고)
강남구,대치동,2025-08-26,기록 재개,,
강남구,대치동,2025-08-26,지정 시작,서울전역아파트|외국인|주요재건축단지,국토교통부공고제2025-1058호(토지거래허가구역 지정 공고)|국토교통부공고제2025-1219호(토지거래허가구역 지정 공고문)|국토교통부공고제2026-1105호(토지거래허가구역 재지정 공고)
강남구,도곡동,2025-08-26,지정 시작,서울전역아파트|외국인|주요재건축단지,국토교통부공고제2025-1058호(토지거래허가구역 지정 공고)|국토교통부공고제2025-1219호(토지거래허가구역 지정 공고문)|국토교통부공고제2026-1105호(토지거래허가구역 재지정 공고)
강남구,삼성동,2025-08-26,기록 재개,,
강남구,삼성동,2025-08-26,지정 시작,공공재개발|국제교류복합지구|모아타운|서울전역아파트|신속통합기획|외국인|자연녹지|정비사업후보지|주요재건축단지,국토교통부공고제2025-1058호(토지거래허가구역 지정 공고)|국토교통부공고제2025-1219호(토지거래허가구역 지정 공고문)|국토교통부공고제2026-1105호(토지거래허가구역 재지정 공고)|시보20260513_p3
강남구,세곡동,2025-08-26,기록 재개,,
강남구,세곡동,2025-08-26,지정 시작,서울전역아파트|신규주택공급후보지|외국인|주요재건축단지,국토교통부공고제2025-1058호(토지거래허가구역 지정 공고)|국토교통부공고제2025-1219호(토지거래허가구역 지정 공고문)|국토교통부공고제2026-1079호(토지거래허가구역 지정 공고)|국토교통부공고제2026-1
강남구,수서동,2025-08-26,기록 재개,,
강남구,수서동,2025-08-26,지정 시작,서울전역아파트|신규주택공급후보지|외국인|주요재건축단지,국토교통부공고제2025-1058호(토지거래허가구역 지정 공고)|국토교통부공고제2025-1219호(토지거래허가구역 지정 공고문)|국토교통부공고제2026-1079호(토지거래허가구역 지정 공고)|국토교통부공고제2026-1
강남구,신사동,2025-08-26,지정 시작,서울전역아파트|외국인|주요재건축단지,국토교통부공고제2025-1058호(토지거래허가구역 지정 공고)|국토교통부공고제2025-1219호(토지거래허가구역 지정 공고문)|국토교통부공고제2026-1105호(토지거래허가구역 재지정 공고)
강남구,역삼동,2025-08-26,지정 시작,서울전역아파트|외국인|주요재건축단지,국토교통부공고제2025-1058호(토지거래허가구역 지정 공고)|국토교통부공고제2025-1219호(토지거래허가구역 지정 공고문)|국토교통부공고제2026-1105호(토지거래허가구역 재지정 공고)
강동구,강일동,2025-08-26,기록 재개,,
강동구,강일동,2025-08-26,지정 시작,서울전역아파트|외국인|주요재건축단지,국토교통부공고제2025-1058호(토지거래허가구역 지정 공고)|국토교통부공고제2025-1219호(토지거래허가구역 지정 공고문)|국토교통부공고제2026-1105호(토지거래허가구역 재지정 공고)
강동구,고덕동,2025-08-26,기록 재개,,
강동구,고덕동,2025-08-26,지정 시작,서울전역아파트|외국인|주요재건축단지,국토교통부공고제2025-1058호(토지거래허가구역 지정 공고)|국토교통부공고제2025-1219호(토지거래허가구역 지정 공고문)|국토교통부공고제2026-1105호(토지거래허가구역 재지정 공고)
강동구,길동,2025-08-26,기록 재개,,
강동구,길동,2025-08-26,지정 시작,서울전역아파트|외국인|주요재건축단지,국토교통부공고제2025-1058호(토지거래허가구역 지정 공고)|국토교통부공고제2025-1219호(토지거래허가구역 지정 공고문)|국토교통부공고제2026-1105호(토지거래허가구역 재지정 공고)
강동구,상일동,2025-08-26,기록 재개,,
강동구,상일동,2025-08-26,지정 시작,서울전역아파트|외국인|주요재건축단지,국토교통부공고제2025-1058호(토지거래허가구역 지정 공고)|국토교통부공고제2025-1219호(토지거래허가구역 지정 공고문)|국토교통부공고제2026-1105호(토지거래허가구역 재지정 공고)
강동구,성내동,2025-08-26,지정 시작,서울전역아파트|외국인|주요재건축단지,국토교통부공고제2025-1058호(토지거래허가구역 지정 공고)|국토교통부공고제2025-1219호(토지거래허가구역 지정 공고문)|국토교통부공고제2026-1105호(토지거래허가구역 재지정 공고)
강동구,암사동,2025-08-26,기록 재개,,
강동구,암사동,2025-08-26,지정 시작,공공재개발|모아타운|서울전역아파트|신규주택공급후보지|신속통합기획|외국인|정비사업후보지|주요재건축단지,국토교통부공고제2025-1058호(토지거래허가구역 지정 공고)|국토교통부공고제2025-1219호(토지거래허가구역 지정 공고문)|국토교통부공고제2026-1079호(토지거래허가구역 지정 공고)|국토교통부공고제2026-1
강북구,우이동,2025-08-26,기록 재개,,
강북구,우이동,2025-08-26,지정 시작,서울전역아파트|신규주택공급후보지|외국인|주요재건축단지,국토교통부공고제2025-1058호(토지거래허가구역 지정 공고)|국토교통부공고제2025-1219호(토지거래허가구역 지정 공고문)|국토교통부공고제2026-1079호(토지거래허가구역 지정 공고)|국토교통부공고제2026-1
강서구,가양동,2025-08-26,지정 시작,서울전역아파트|외국인|주요재건축단지,국토교통부공고제2025-1058호(토지거래허가구역 지정 공고)|국토교통부공고제2025-1219호(토지거래허가구역 지정 공고문)|국토교통부공고제2026-1105호(토지거래허가구역 재지정 공고)
강서구,개화동,2025-08-26,지정 시작,서울전역아파트|외국인|주요재건축단지,국토교통부공고제2025-1058호(토지거래허가구역 지정 공고)|국토교통부공고제2025-1219호(토지거래허가구역 지정 공고문)|국토교통부공고제2026-1105호(토지거래허가구역 재지정 공고)
강서구,과해동,2025-08-26,지정 시작,서울전역아파트|외국인|주요재건축단지,국토교통부공고제2025-1058호(토지거래허가구역 지정 공고)|국토교통부공고제2025-1219호(토지거래허가구역 지정 공고문)|국토교통부공고제2026-1105호(토지거래허가구역 재지정 공고)
강서구,내발산동,2025-08-26,지정 시작,서울전역아파트|외국인|주요재건축단지,국토교통부공고제2025-1058호(토지거래허가구역 지정 공고)|국토교통부공고제2025-1219호(토지거래허가구역 지정 공고문)|국토교통부공고제2026-1105호(토지거래허가구역 재지정 공고)
강서구,마곡동,2025-08-26,지정 시작,서울전역아파트|외국인|주요재건축단지,국토교통부공고제2025-1058호(토지거래허가구역 지정 공고)|국토교통부공고제2025-1219호(토지거래허가구역 지정 공고문)|국토교통부공고제2026-1105호(토지거래허가구역 재지정 공고)
강서구,염창동,2025-08-26,지정 시작,서울전역아파트|외국인|주요재건축단지,국토교통부공고제2025-1058호(토지거래허가구역 지정 공고)|국토교통부공고제2025-1219호(토지거래허가구역 지정 공고문)|국토교통부공고제2026-1105호(토지거래허가구역 재지정 공고)
강서구,오곡동,2025-08-26,기록 재개,,
강서구,오곡동,2025-08-26,지정 시작,서울전역아파트|신규주택공급후보지|외국인|주요재건축단지,국토교통부공고제2025-1058호(토지거래허가구역 지정 공고)|국토교통부공고제2025-1219호(토지거래허가구역 지정 공고문)|국토교통부공고제2026-1079호(토지거래허가구역 지정 공고)|국토교통부공고제2026-1
강서구,오쇠동,2025-08-26,기록 재개,,
강서구,오쇠동,2025-08-26,지정 시작,서울전역아파트|신규주택공급후보지|외국인|주요재건축단지,국토교통부공고제2025-1058호(토지거래허가구역 지정 공고)|국토교통부공고제2025-1219호(토지거래허가구역 지정 공고문)|국토교통부공고제2026-1079호(토지거래허가구역 지정 공고)|국토교통부공고제2026-1
강서구,외발산동,2025-08-26,기록 재개,,
강서구,외발산동,2025-08-26,지정 시작,서울전역아파트|신규주택공급후보지|외국인|주요재건축단지,국토교통부공고제2025-1058호(토지거래허가구역 지정 공고)|국토교통부공고제2025-1219호(토지거래허가구역 지정 공고문)|국토교통부공고제2026-1079호(토지거래허가구역 지정 공고)|국토교통부공고제2026-1
관악구,남현동,2025-08-26,기록 재개,,
관악구,남현동,2025-08-26,지정 시작,서울전역아파트|신규주택공급후보지|외국인|주요재건축단지,국토교통부공고제2025-1058호(토지거래허가구역 지정 공고)|국토교통부공고제2025-1219호(토지거래허가구역 지정 공고문)|국토교통부공고제2026-1079호(토지거래허가구역 지정 공고)|국토교통부공고제2026-1
광진구,광장동,2025-08-26,기록 재개,,
광진구,광장동,2025-08-26,지정 시작,공공재개발|모아타운|서울전역아파트|신규주택공급후보지|신속통합기획|외국인|정비사업후보지|주요재건축단지,국토교통부공고제2025-1058호(토지거래허가구역 지정 공고)|국토교통부공고제2025-1219호(토지거래허가구역 지정 공고문)|국토교통부공고제2026-1079호(토지거래허가구역 지정 공고)|국토교통부공고제2026-1
광진구,구의동,2025-08-26,기록 재개,,
광진구,구의동,2025-08-26,지정 시작,공공재개발|국제교류복합지구|모아타운|서울전역아파트|신규주택공급후보지|신속통합기획|외국인|자연녹지|정비사업후보지|주요재건축단지,국토교통부공고제2025-1058호(토지거래허가구역 지정 공고)|국토교통부공고제2025-1219호(토지거래허가구역 지정 공고문)|국토교통부공고제2026-1079호(토지거래허가구역 지정 공고)|국토교통부공고제2026-1
광진구,군자동,2025-08-26,지정 시작,서울전역아파트|외국인|주요재건축단지,국토교통부공고제2025-1058호(토지거래허가구역 지정 공고)|국토교통부공고제2025-1219호(토지거래허가구역 지정 공고문)|국토교통부공고제2026-1105호(토지거래허가구역 재지정 공고)
광진구,능동,2025-08-26,지정 시작,서울전역아파트|외국인|주요재건축단지,국토교통부공고제2025-1058호(토지거래허가구역 지정 공고)|국토교통부공고제2025-1219호(토지거래허가구역 지정 공고문)|국토교통부공고제2026-1105호(토지거래허가구역 재지정 공고)
광진구,화양동,2025-08-26,지정 시작,서울전역아파트|외국인|주요재건축단지,국토교통부공고제2025-1058호(토지거래허가구역 지정 공고)|국토교통부공고제2025-1219호(토지거래허가구역 지정 공고문)|국토교통부공고제2026-1105호(토지거래허가구역 재지정 공고)
구로구,궁동,2025-08-26,기록 재개,,
구로구,궁동,2025-08-26,지정 시작,공공재개발|모아타운|서울전역아파트|신규주택공급후보지|신속통합기획|외국인|정비사업후보지|주요재건축단지,국토교통부공고제2025-1058호(토지거래허가구역 지정 공고)|국토교통부공고제2025-1219호(토지거래허가구역 지정 공고문)|국토교통부공고제2026-1079호(토지거래허가구역 지정 공고)|국토교통부공고제2026-1
구로구,신도림동,2025-08-26,지정 시작,서울전역아파트|외국인|주요재건축단지,국토교통부공고제2025-1058호(토지거래허가구역 지정 공고)|국토교통부공고제2025-1219호(토지거래허가구역 지정 공고문)|국토교통부공고제2026-1105호(토지거래허가구역 재지정 공고)
구로구,온수동,2025-08-26,기록 재개,,
구로구,온수동,2025-08-26,지정 시작,공공재개발|국제교류복합지구|모아타운|서울전역아파트|신규주택공급후보지|신속통합기획|외국인|자연녹지|정비사업후보지|주요재건축단지,국토교통부공고제2025-1058호(토지거래허가구역 지정 공고)|국토교통부공고제2025-1219호(토지거래허가구역 지정 공고문)|국토교통부공고제2026-1079호(토지거래허가구역 지정 공고)|국토교통부공고제2026-1
구로구,천왕동,2025-08-26,기록 재개,,
구로구,천왕동,2025-08-26,지정 시작,서울전역아파트|신규주택공급후보지|외국인|주요재건축단지,국토교통부공고제2025-1058호(토지거래허가구역 지정 공고)|국토교통부공고제2025-1219호(토지거래허가구역 지정 공고문)|국토교통부공고제2026-1079호(토지거래허가구역 지정 공고)|국토교통부공고제2026-1
구로구,항동,2025-08-26,기록 재개,,
구로구,항동,2025-08-26,지정 시작,서울전역아파트|신규주택공급후보지|외국인|주요재건축단지,국토교통부공고제2025-1058호(토지거래허가구역 지정 공고)|국토교통부공고제2025-1219호(토지거래허가구역 지정 공고문)|국토교통부공고제2026-1079호(토지거래허가구역 지정 공고)|국토교통부공고제2026-1
동대문구,장안동,2025-08-31,지정 종료,공공재개발|신속통합기획|정비사업후보지,시보20240529_p301-309
동대문구,장안동,2025-08-31,기록 끊김,,
마포구,아현동,2025-08-31,지정 종료,공공재개발|신속통합기획,시보20240731_p291-312
마포구,아현동,2025-08-31,기록 끊김,,
영등포구,도림동,2025-08-31,지정 종료,공공재개발|신속통합기획,시보20240731_p291-312
영등포구,도림동,2025-08-31,기록 끊김,,
용산구,서빙고동,2025-08-31,지정 종료,공공재개발|신속통합기획,시보20240731_p291-312
용산구,서빙고동,2025-08-31,기록 끊김,,
은평구,갈현동,2025-08-31,지정 종료,공공재개발|신속통합기획,시보20240731_p291-312
은평구,갈현동,2025-08-31,기록 끊김,,
은평구,응암동,2025-08-31,지정 종료,공공재개발|신속통합기획,시보20240731_p291-312
은평구,응암동,2025-08-31,기록 끊김,,
종로구,연건동,2025-08-31,지정 종료,공공재개발|신속통합기획,시보20240731_p291-312
종로구,연건동,2025-08-31,기록 끊김,,
동작구,동작동,2025-09-02,지정 시작,공공재개발|모아타운|서울전역아파트|신속통합기획|정비사업후보지,국토교통부공고제2025-1219호(토지거래허가구역 지정 공고문)|시보20250827_p1056-1070
서초구,서초동,2025-09-02,지정 시작,공공재개발|모아타운|서울전역아파트|신속통합기획|정비사업후보지,국토교통부공고제2025-1219호(토지거래허가구역 지정 공고문)|시보20250827_p1056-1070|시보20260805_p377-447
마포구,아현동,2025-10-01,기록 재개,,
마포구,아현동,2025-10-01,지정 시작,공공재개발|국제교류복합지구|모아타운|서울전역아파트|신속통합기획|정비사업후보지|주요재건축단지,국토교통부공고제2025-1219호(토지거래허가구역 지정 공고문)|시보20250925_p151-164|시보20260805_p377-447
서초구,양재동,2025-10-01,지정 종료,국제교류복합지구|주요재건축단지,시보20250319_p3-8
서초구,양재동,2025-10-01,기록 끊김,,
서초구,염곡동,2025-10-01,지정 종료,국제교류복합지구|주요재건축단지,시보20250319_p3-8
서초구,염곡동,2025-10-01,기록 끊김,,
서초구,원지동,2025-10-01,지정 종료,국제교류복합지구|주요재건축단지,시보20250319_p3-8
서초구,원지동,2025-10-01,기록 끊김,,
서초구,잠원동,2025-10-01,지정 종료,국제교류복합지구|주요재건축단지,시보20250319_p3-8
서초구,잠원동,2025-10-01,기록 끊김,,
송파구,잠실동,2025-10-01,지정 종료,국제교류복합지구|주요재건축단지,시보2020호3590_p105-107|시보20210609_p356-358|시보20220616_p3-5|시보20230614_p532-534|시보20240613_p3-5|시보20250319_p3-8
송파구,잠실동,2025-10-01,기록 끊김,,
송파구,장지동,2025-10-01,지정 종료,국제교류복합지구|주요재건축단지,시보20250319_p3-8
송파구,장지동,2025-10-01,기록 끊김,,
영등포구,도림동,2025-10-01,기록 재개,,
영등포구,도림동,2025-10-01,지정 시작,공공재개발|국제교류복합지구|모아타운|서울전역아파트|신속통합기획|정비사업후보지|주요재건축단지,국토교통부공고제2025-1219호(토지거래허가구역 지정 공고문)|시보20250925_p151-164|시보20260805_p377-447
용산구,용산동2가,2025-10-01,지정 시작,공공재개발|국제교류복합지구|모아타운|서울전역아파트|신속통합기획|외국인|자연녹지|정비사업후보지|주요재건축단지,국토교통부공고제2025-1219호(토지거래허가구역 지정 공고문)|국토교통부공고제2026-1105호(토지거래허가구역 재지정 공고)|시보20250925_p151-164|시보20251106_p1135-1144|시보2026
용산구,한강로2가,2025-10-01,기록 재개,,
용산구,한강로2가,2025-10-01,지정 시작,공공재개발|국제교류복합지구|서울전역아파트|신속통합기획|외국인|정비사업후보지|주요재건축단지,국토교통부공고제2025-1219호(토지거래허가구역 지정 공고문)|국토교통부공고제2026-1105호(토지거래허가구역 재지정 공고)|시보20250925_p151-164
용산구,한남동,2025-10-01,지정 시작,공공재개발|국제교류복합지구|서울전역아파트|신속통합기획|외국인|정비사업후보지|주요재건축단지,국토교통부공고제2025-1219호(토지거래허가구역 지정 공고문)|국토교통부공고제2026-1105호(토지거래허가구역 재지정 공고)|시보20250925_p151-164
금천구,가산동,2025-10-20,지정 시작,서울전역아파트,국토교통부공고제2025-1219호(토지거래허가구역 지정 공고문)
노원구,공릉동,2025-10-20,기록 재개,,
노원구,공릉동,2025-10-20,지정 시작,서울전역아파트|신규주택공급후보지,국토교통부공고제2025-1219호(토지거래허가구역 지정 공고문)|국토교통부공고제2026-1079호(토지거래허가구역 지정 공고)
노원구,중계동,2025-10-20,기록 재개,,
노원구,중계동,2025-10-20,지정 시작,서울전역아파트|신규주택공급후보지,국토교통부공고제2025-1219호(토지거래허가구역 지정 공고문)|국토교통부공고제2026-1079호(토지거래허가구역 지정 공고)
노원구,하계동,2025-10-20,기록 재개,,
노원구,하계동,2025-10-20,지정 시작,서울전역아파트|신규주택공급후보지,국토교통부공고제2025-1219호(토지거래허가구역 지정 공고문)|국토교통부공고제2026-1079호(토지거래허가구역 지정 공고)
도봉구,도봉동,2025-10-20,기록 재개,,
도봉구,도봉동,2025-10-20,지정 시작,서울전역아파트|신규주택공급후보지,국토교통부공고제2025-1219호(토지거래허가구역 지정 공고문)|국토교통부공고제2026-1079호(토지거래허가구역 지정 공고)
동대문구,장안동,2025-10-20,기록 재개,,
동대문구,장안동,2025-10-20,지정 시작,공공재개발|모아타운|서울전역아파트|신속통합기획|정비사업후보지,국토교통부공고제2025-1219호(토지거래허가구역 지정 공고문)|시보20260805_p377-447
동대문구,제기동,2025-10-20,지정 시작,서울전역아파트,국토교통부공고제2025-1219호(토지거래허가구역 지정 공고문)
동대문구,회기동,2025-10-20,지정 시작,서울전역아파트,국토교통부공고제2025-1219호(토지거래허가구역 지정 공고문)
동대문구,휘경동,2025-10-20,기록 재개,,
동대문구,휘경동,2025-10-20,지정 시작,서울전역아파트,국토교통부공고제2025-1219호(토지거래허가구역 지정 공고문)
동작구,대방동,2025-10-20,지정 시작,서울전역아파트,국토교통부공고제2025-1219호(토지거래허가구역 지정 공고문)
동작구,상도1동,2025-10-20,지정 시작,서울전역아파트,국토교통부공고제2025-1219호(토지거래허가구역 지정 공고문)
동작구,신대방동,2025-10-20,지정 시작,공공재개발|모아타운|서울전역아파트|신속통합기획|정비사업후보지,국토교통부공고제2025-1219호(토지거래허가구역 지정 공고문)|시보20260805_p377-447
마포구,구수동,2025-10-20,지정 시작,서울전역아파트,국토교통부공고제2025-1219호(토지거래허가구역 지정 공고문)
마포구,노고산동,2025-10-20,지정 시작,서울전역아파트,국토교통부공고제2025-1219호(토지거래허가구역 지정 공고문)
마포구,당인동,2025-10-20,지정 시작,서울전역아파트,국토교통부공고제2025-1219호(토지거래허가구역 지정 공고문)
마포구,도화동,2025-10-20,지정 시작,서울전역아파트,국토교통부공고제2025-1219호(토지거래허가구역 지정 공고문)
마포구,동교동,2025-10-20,지정 시작,서울전역아파트,국토교통부공고제2025-1219호(토지거래허가구역 지정 공고문)
마포구,마포동,2025-10-20,지정 시작,서울전역아파트,국토교통부공고제2025-1219호(토지거래허가구역 지정 공고문)
마포구,상수동,2025-10-20,지정 시작,서울전역아파트,국토교통부공고제2025-1219호(토지거래허가구역 지정 공고문)
마포구,상암동,2025-10-20,기록 재개,,
마포구,상암동,2025-10-20,지정 시작,서울전역아파트|신규주택공급후보지,국토교통부공고제2025-1219호(토지거래허가구역 지정 공고문)|국토교통부공고제2026-1079호(토지거래허가구역 지정 공고)
마포구,서교동,2025-10-20,지정 시작,서울전역아파트,국토교통부공고제2025-1219호(토지거래허가구역 지정 공고문)
마포구,신공덕동,2025-10-20,지정 시작,서울전역아파트,국토교통부공고제2025-1219호(토지거래허가구역 지정 공고문)
마포구,신수동,2025-10-20,지정 시작,공공재개발|서울전역아파트|신속통합기획|정비사업후보지,국토교통부공고제2025-1219호(토지거래허가구역 지정 공고문)|시보20251231_p134-146
마포구,신정동,2025-10-20,지정 시작,서울전역아파트,국토교통부공고제2025-1219호(토지거래허가구역 지정 공고문)
마포구,연남동,2025-10-20,지정 시작,서울전역아파트,국토교통부공고제2025-1219호(토지거래허가구역 지정 공고문)
마포구,염리동,2025-10-20,지정 시작,서울전역아파트,국토교통부공고제2025-1219호(토지거래허가구역 지정 공고문)
마포구,토정동,2025-10-20,지정 시작,서울전역아파트,국토교통부공고제2025-1219호(토지거래허가구역 지정 공고문)
마포구,하중동,2025-10-20,지정 시작,서울전역아파트,국토교통부공고제2025-1219호(토지거래허가구역 지정 공고문)
마포구,현석동,2025-10-20,지정 시작,서울전역아파트,국토교통부공고제2025-1219호(토지거래허가구역 지정 공고문)
서대문구,남가좌동,2025-10-20,기록 재개,,
서대문구,남가좌동,2025-10-20,지정 시작,서울전역아파트,국토교통부공고제2025-1219호(토지거래허가구역 지정 공고문)
서대문구,냉천동,2025-10-20,지정 시작,서울전역아파트,국토교통부공고제2025-1219호(토지거래허가구역 지정 공고문)
서대문구,대신동,2025-10-20,지정 시작,서울전역아파트,국토교통부공고제2025-1219호(토지거래허가구역 지정 공고문)
서대문구,대현동,2025-10-20,지정 시작,서울전역아파트,국토교통부공고제2025-1219호(토지거래허가구역 지정 공고문)
서대문구,미근동,2025-10-20,지정 시작,서울전역아파트,국토교통부공고제2025-1219호(토지거래허가구역 지정 공고문)
서대문구,봉원동,2025-10-20,지정 시작,서울전역아파트,국토교통부공고제2025-1219호(토지거래허가구역 지정 공고문)
서대문구,북아현동,2025-10-20,지정 시작,서울전역아파트,국토교통부공고제2025-1219호(토지거래허가구역 지정 공고문)
서대문구,신촌동,2025-10-20,지정 시작,서울전역아파트,국토교통부공고제2025-1219호(토지거래허가구역 지정 공고문)
서대문구,영천동,2025-10-20,지정 시작,서울전역아파트,국토교통부공고제2025-1219호(토지거래허가구역 지정 공고문)
서대문구,창천동,2025-10-20,지정 시작,서울전역아파트,국토교통부공고제2025-1219호(토지거래허가구역 지정 공고문)
서대문구,충정로2가,2025-10-20,지정 시작,서울전역아파트,국토교통부공고제2025-1219호(토지거래허가구역 지정 공고문)
서대문구,합동,2025-10-20,지정 시작,서울전역아파트,국토교통부공고제2025-1219호(토지거래허가구역 지정 공고문)
서초구,내곡동,2025-10-20,기록 재개,,
서초구,내곡동,2025-10-20,지정 시작,서울전역아파트|신규주택공급후보지,국토교통부공고제2025-1219호(토지거래허가구역 지정 공고문)|국토교통부공고제2026-1079호(토지거래허가구역 지정 공고)
서초구,반포동,2025-10-20,지정 시작,서울전역아파트,국토교통부공고제2025-1219호(토지거래허가구역 지정 공고문)
서초구,방배동,2025-10-20,기록 재개,,
서초구,방배동,2025-10-20,지정 시작,서울전역아파트|신규주택공급후보지,국토교통부공고제2025-1219호(토지거래허가구역 지정 공고문)|국토교통부공고제2026-1079호(토지거래허가구역 지정 공고)
서초구,신원동,2025-10-20,기록 재개,,
서초구,신원동,2025-10-20,지정 시작,서울전역아파트|신규주택공급후보지,국토교통부공고제2025-1219호(토지거래허가구역 지정 공고문)|국토교통부공고제2026-1079호(토지거래허가구역 지정 공고)
서초구,양재동,2025-10-20,기록 재개,,
서초구,양재동,2025-10-20,지정 시작,모아타운|서울전역아파트|신속통합기획|정비사업후보지,국토교통부공고제2025-1219호(토지거래허가구역 지정 공고문)|시보20260624_p721-728
서초구,염곡동,2025-10-20,기록 재개,,
서초구,염곡동,2025-10-20,지정 시작,서울전역아파트|신규주택공급후보지,국토교통부공고제2025-1219호(토지거래허가구역 지정 공고문)|국토교통부공고제2026-1079호(토지거래허가구역 지정 공고)
서초구,원지동,2025-10-20,기록 재개,,
서초구,원지동,2025-10-20,지정 시작,서울전역아파트|신규주택공급후보지,국토교통부공고제2025-1219호(토지거래허가구역 지정 공고문)|국토교통부공고제2026-1079호(토지거래허가구역 지정 공고)
서초구,잠원동,2025-10-20,기록 재개,,
서초구,잠원동,2025-10-20,지정 시작,공공재개발|모아타운|서울전역아파트|신속통합기획|정비사업후보지,국토교통부공고제2025-1219호(토지거래허가구역 지정 공고문)|시보20260805_p377-447
성동구,금호동2가,2025-10-20,지정 시작,서울전역아파트,국토교통부공고제2025-1219호(토지거래허가구역 지정 공고문)
성동구,금호동3가,2025-10-20,지정 시작,서울전역아파트,국토교통부공고제2025-1219호(토지거래허가구역 지정 공고문)
성동구,도선동,2025-10-20,지정 시작,서울전역아파트,국토교통부공고제2025-1219호(토지거래허가구역 지정 공고문)
성동구,상왕십리동,2025-10-20,지정 시작,서울전역아파트,국토교통부공고제2025-1219호(토지거래허가구역 지정 공고문)
성동구,옥수동,2025-10-20,지정 시작,서울전역아파트,국토교통부공고제2025-1219호(토지거래허가구역 지정 공고문)
성동구,용답동,2025-10-20,지정 시작,공공재개발|국제교류복합지구|모아타운|서울전역아파트|신속통합기획|자연녹지|정비사업후보지,국토교통부공고제2025-1219호(토지거래허가구역 지정 공고문)|시보20260513_p313-367
성동구,응봉동,2025-10-20,지정 시작,서울전역아파트,국토교통부공고제2025-1219호(토지거래허가구역 지정 공고문)
성동구,하왕십리동,2025-10-20,지정 시작,서울전역아파트,국토교통부공고제2025-1219호(토지거래허가구역 지정 공고문)
성동구,홍익동,2025-10-20,지정 시작,서울전역아파트,국토교통부공고제2025-1219호(토지거래허가구역 지정 공고문)
성북구,길음동,2025-10-20,지정 시작,서울전역아파트,국토교통부공고제2025-1219호(토지거래허가구역 지정 공고문)
성북구,동선동1가,2025-10-20,지정 시작,서울전역아파트,국토교통부공고제2025-1219호(토지거래허가구역 지정 공고문)
성북구,동선동2가,2025-10-20,지정 시작,서울전역아파트,국토교통부공고제2025-1219호(토지거래허가구역 지정 공고문)
성북구,동선동3가,2025-10-20,지정 시작,서울전역아파트,국토교통부공고제2025-1219호(토지거래허가구역 지정 공고문)
성북구,동선동4가,2025-10-20,지정 시작,서울전역아파트,국토교통부공고제2025-1219호(토지거래허가구역 지정 공고문)
성북구,동선동5가,2025-10-20,지정 시작,서울전역아파트,국토교통부공고제2025-1219호(토지거래허가구역 지정 공고문)
성북구,동소문동1가,2025-10-20,지정 시작,서울전역아파트,국토교통부공고제2025-1219호(토지거래허가구역 지정 공고문)
성북구,동소문동2가,2025-10-20,지정 시작,서울전역아파트,국토교통부공고제2025-1219호(토지거래허가구역 지정 공고문)
성북구,동소문동3가,2025-10-20,지정 시작,서울전역아파트,국토교통부공고제2025-1219호(토지거래허가구역 지정 공고문)
성북구,동소문동4가,2025-10-20,지정 시작,서울전역아파트,국토교통부공고제2025-1219호(토지거래허가구역 지정 공고문)
성북구,동소문동5가,2025-10-20,지정 시작,서울전역아파트,국토교통부공고제2025-1219호(토지거래허가구역 지정 공고문)
성북구,동소문동6가,2025-10-20,지정 시작,서울전역아파트,국토교통부공고제2025-1219호(토지거래허가구역 지정 공고문)
성북구,동소문동7가,2025-10-20,지정 시작,서울전역아파트,국토교통부공고제2025-1219호(토지거래허가구역 지정 공고문)
성북구,보문동1가,2025-10-20,지정 시작,서울전역아파트,국토교통부공고제2025-1219호(토지거래허가구역 지정 공고문)
성북구,보문동2가,2025-10-20,지정 시작,서울전역아파트,국토교통부공고제2025-1219호(토지거래허가구역 지정 공고문)
성북구,보문동3가,2025-10-20,지정 시작,서울전역아파트,국토교통부공고제2025-1219호(토지거래허가구역 지정 공고문)
성북구,보문동4가,2025-10-20,지정 시작,서울전역아파트,국토교통부공고제2025-1219호(토지거래허가구역 지정 공고문)
성북구,보문동5가,2025-10-20,지정 시작,서울전역아파트,국토교통부공고제2025-1219호(토지거래허가구역 지정 공고문)
성북구,보문동6가,2025-10-20,지정 시작,서울전역아파트,국토교통부공고제2025-1219호(토지거래허가구역 지정 공고문)
성북구,보문동7가,2025-10-20,지정 시작,서울전역아파트,국토교통부공고제2025-1219호(토지거래허가구역 지정 공고문)
성북구,삼선동1가,2025-10-20,기록 재개,,
성북구,삼선동1가,2025-10-20,지정 시작,공공재개발|모아타운|서울전역아파트|신속통합기획|정비사업후보지,국토교통부공고제2025-1219호(토지거래허가구역 지정 공고문)|시보20260805_p377-447
성북구,삼선동2가,2025-10-20,지정 시작,서울전역아파트,국토교통부공고제2025-1219호(토지거래허가구역 지정 공고문)
성북구,삼선동3가,2025-10-20,지정 시작,공공재개발|모아타운|서울전역아파트|신속통합기획|정비사업후보지,국토교통부공고제2025-1219호(토지거래허가구역 지정 공고문)|시보20260211_p499-512|시보20260805_p377-447
성북구,삼선동4가,2025-10-20,지정 시작,서울전역아파트,국토교통부공고제2025-1219호(토지거래허가구역 지정 공고문)
성북구,삼선동5가,2025-10-20,지정 시작,서울전역아파트,국토교통부공고제2025-1219호(토지거래허가구역 지정 공고문)
성북구,상월곡동,2025-10-20,지정 시작,서울전역아파트,국토교통부공고제2025-1219호(토지거래허가구역 지정 공고문)
성북구,성북동1가,2025-10-20,지정 시작,서울전역아파트,국토교통부공고제2025-1219호(토지거래허가구역 지정 공고문)
성북구,안암동1가,2025-10-20,지정 시작,서울전역아파트,국토교통부공고제2025-1219호(토지거래허가구역 지정 공고문)
성북구,안암동2가,2025-10-20,지정 시작,서울전역아파트,국토교통부공고제2025-1219호(토지거래허가구역 지정 공고문)
성북구,안암동3가,2025-10-20,지정 시작,서울전역아파트,국토교통부공고제2025-1219호(토지거래허가구역 지정 공고문)
성북구,안암동4가,2025-10-20,지정 시작,서울전역아파트,국토교통부공고제2025-1219호(토지거래허가구역 지정 공고문)
성북구,안암동5가,2025-10-20,지정 시작,서울전역아파트,국토교통부공고제2025-1219호(토지거래허가구역 지정 공고문)
송파구,가락동,2025-10-20,지정 시작,서울전역아파트,국토교통부공고제2025-1219호(토지거래허가구역 지정 공고문)
송파구,문정동,2025-10-20,지정 시작,서울전역아파트,국토교통부공고제2025-1219호(토지거래허가구역 지정 공고문)
송파구,삼전동,2025-10-20,지정 시작,서울전역아파트,국토교통부공고제2025-1219호(토지거래허가구역 지정 공고문)
송파구,석촌동,2025-10-20,지정 시작,서울전역아파트,국토교통부공고제2025-1219호(토지거래허가구역 지정 공고문)
송파구,잠실동,2025-10-20,기록 재개,,
송파구,잠실동,2025-10-20,지정 시작,공공재개발|국제교류복합지구|모아타운|서울전역아파트|신속통합기획|자연녹지|정비사업후보지,국토교통부공고제2025-1219호(토지거래허가구역 지정 공고문)|시보20260513_p313-367
송파구,장지동,2025-10-20,기록 재개,,
송파구,장지동,2025-10-20,지정 시작,서울전역아파트,국토교통부공고제2025-1219호(토지거래허가구역 지정 공고문)
영등포구,당산동,2025-10-20,지정 시작,서울전역아파트,국토교통부공고제2025-1219호(토지거래허가구역 지정 공고문)
영등포구,당산동1가,2025-10-20,지정 시작,서울전역아파트,국토교통부공고제2025-1219호(토지거래허가구역 지정 공고문)
영등포구,당산동2가,2025-10-20,지정 시작,서울전역아파트,국토교통부공고제2025-1219호(토지거래허가구역 지정 공고문)
영등포구,당산동3가,2025-10-20,지정 시작,서울전역아파트,국토교통부공고제2025-1219호(토지거래허가구역 지정 공고문)
영등포구,당산동4가,2025-10-20,지정 시작,서울전역아파트,국토교통부공고제2025-1219호(토지거래허가구역 지정 공고문)
영등포구,당산동5가,2025-10-20,지정 시작,서울전역아파트,국토교통부공고제2025-1219호(토지거래허가구역 지정 공고문)
영등포구,문래동1가,2025-10-20,지정 시작,서울전역아파트,국토교통부공고제2025-1219호(토지거래허가구역 지정 공고문)
영등포구,문래동2가,2025-10-20,지정 시작,서울전역아파트,국토교통부공고제2025-1219호(토지거래허가구역 지정 공고문)
영등포구,문래동3가,2025-10-20,지정 시작,서울전역아파트,국토교통부공고제2025-1219호(토지거래허가구역 지정 공고문)
영등포구,문래동4가,2025-10-20,지정 시작,서울전역아파트,국토교통부공고제2025-1219호(토지거래허가구역 지정 공고문)
영등포구,문래동5가,2025-10-20,지정 시작,서울전역아파트,국토교통부공고제2025-1219호(토지거래허가구역 지정 공고문)
영등포구,문래동6가,2025-10-20,지정 시작,서울전역아파트,국토교통부공고제2025-1219호(토지거래허가구역 지정 공고문)
영등포구,양평동,2025-10-20,지정 시작,서울전역아파트,국토교통부공고제2025-1219호(토지거래허가구역 지정 공고문)
영등포구,양평동1가,2025-10-20,지정 시작,서울전역아파트,국토교통부공고제2025-1219호(토지거래허가구역 지정 공고문)
영등포구,양평동3가,2025-10-20,지정 시작,서울전역아파트,국토교통부공고제2025-1219호(토지거래허가구역 지정 공고문)
영등포구,양평동4가,2025-10-20,지정 시작,서울전역아파트,국토교통부공고제2025-1219호(토지거래허가구역 지정 공고문)
영등포구,양평동5가,2025-10-20,지정 시작,서울전역아파트,국토교통부공고제2025-1219호(토지거래허가구역 지정 공고문)
영등포구,양평동6가,2025-10-20,기록 재개,,
영등포구,양평동6가,2025-10-20,지정 시작,서울전역아파트,국토교통부공고제2025-1219호(토지거래허가구역 지정 공고문)
영등포구,양화동,2025-10-20,지정 시작,서울전역아파트,국토교통부공고제2025-1219호(토지거래허가구역 지정 공고문)
영등포구,영등포동,2025-10-20,지정 시작,서울전역아파트,국토교통부공고제2025-1219호(토지거래허가구역 지정 공고문)
영등포구,영등포동1가,2025-10-20,지정 시작,서울전역아파트,국토교통부공고제2025-1219호(토지거래허가구역 지정 공고문)
영등포구,영등포동2가,2025-10-20,지정 시작,서울전역아파트,국토교통부공고제2025-1219호(토지거래허가구역 지정 공고문)
영등포구,영등포동3가,2025-10-20,지정 시작,서울전역아파트,국토교통부공고제2025-1219호(토지거래허가구역 지정 공고문)
영등포구,영등포동4가,2025-10-20,지정 시작,서울전역아파트,국토교통부공고제2025-1219호(토지거래허가구역 지정 공고문)
영등포구,영등포동5가,2025-10-20,지정 시작,서울전역아파트,국토교통부공고제2025-1219호(토지거래허가구역 지정 공고문)
영등포구,영등포동6가,2025-10-20,지정 시작,서울전역아파트,국토교통부공고제2025-1219호(토지거래허가구역 지정 공고문)
영등포구,영등포동7가,2025-10-20,지정 시작,서울전역아파트,국토교통부공고제2025-1219호(토지거래허가구역 지정 공고문)
영등포구,영등포동8가,2025-10-20,지정 시작,서울전역아파트,국토교통부공고제2025-1219호(토지거래허가구역 지정 공고문)
용산구,갈월동,2025-10-20,지정 시작,서울전역아파트|외국인|주요재건축단지,국토교통부공고제2025-1219호(토지거래허가구역 지정 공고문)|국토교통부공고제2026-1105호(토지거래허가구역 재지정 공고)
용산구,남영동,2025-10-20,지정 시작,서울전역아파트|외국인|주요재건축단지,국토교통부공고제2025-1219호(토지거래허가구역 지정 공고문)|국토교통부공고제2026-1105호(토지거래허가구역 재지정 공고)
용산구,도원동,2025-10-20,지정 시작,서울전역아파트|외국인|주요재건축단지,국토교통부공고제2025-1219호(토지거래허가구역 지정 공고문)|국토교통부공고제2026-1105호(토지거래허가구역 재지정 공고)
용산구,동빙고동,2025-10-20,지정 시작,서울전역아파트|외국인|주요재건축단지,국토교통부공고제2025-1219호(토지거래허가구역 지정 공고문)|국토교통부공고제2026-1105호(토지거래허가구역 재지정 공고)
용산구,동자동,2025-10-20,지정 시작,서울전역아파트|외국인|주요재건축단지,국토교통부공고제2025-1219호(토지거래허가구역 지정 공고문)|국토교통부공고제2026-1105호(토지거래허가구역 재지정 공고)
용산구,문배동,2025-10-20,지정 시작,서울전역아파트|외국인|주요재건축단지,국토교통부공고제2025-1219호(토지거래허가구역 지정 공고문)|국토교통부공고제2026-1105호(토지거래허가구역 재지정 공고)
용산구,보광동,2025-10-20,지정 시작,서울전역아파트|외국인|주요재건축단지,국토교통부공고제2025-1219호(토지거래허가구역 지정 공고문)|국토교통부공고제2026-1105호(토지거래허가구역 재지정 공고)
용산구,서빙고동,2025-10-20,기록 재개,,
용산구,서빙고동,2025-10-20,지정 시작,공공재개발|모아타운|서울전역아파트|신속통합기획|외국인|정비사업후보지|주요재건축단지,국토교통부공고제2025-1219호(토지거래허가구역 지정 공고문)|국토교통부공고제2026-1105호(토지거래허가구역 재지정 공고)|시보20260805_p377-447
용산구,신계동,2025-10-20,지정 시작,서울전역아파트|외국인|주요재건축단지,국토교통부공고제2025-1219호(토지거래허가구역 지정 공고문)|국토교통부공고제2026-1105호(토지거래허가구역 재지정 공고)
용산구,신창동,2025-10-20,지정 시작,공공재개발|모아타운|서울전역아파트|신속통합기획|외국인|정비사업후보지|주요재건축단지,국토교통부공고제2025-1219호(토지거래허가구역 지정 공고문)|국토교통부공고제2026-1105호(토지거래허가구역 재지정 공고)|시보20260624_p721-728|시보20260805_p377-447
용산구,용문동,2025-10-20,지정 시작,서울전역아파트|외국인|주요재건축단지,국토교통부공고제2025-1219호(토지거래허가구역 지정 공고문)|국토교통부공고제2026-1105호(토지거래허가구역 재지정 공고)
용산구,용산동1가,2025-10-20,지정 시작,서울전역아파트|외국인|주요재건축단지,국토교통부공고제2025-1219호(토지거래허가구역 지정 공고문)|국토교통부공고제2026-1105호(토지거래허가구역 재지정 공고)
용산구,용산동3가,2025-10-20,기록 재개,,
용산구,용산동3가,2025-10-20,지정 시작,서울전역아파트|외국인|용산정비창|주요재건축단지,국토교통부공고제2025-1219호(토지거래허가구역 지정 공고문)|국토교통부공고제2025-1583호(토지거래허가구역 재지정 공고문)|국토교통부공고제2026-1105호(토지거래허가구역 재지정 공고)
용산구,용산동4가,2025-10-20,지정 시작,서울전역아파트|외국인|주요재건축단지,국토교통부공고제2025-1219호(토지거래허가구역 지정 공고문)|국토교통부공고제2026-1105호(토지거래허가구역 재지정 공고)
용산구,용산동5가,2025-10-20,지정 시작,서울전역아파트|외국인|주요재건축단지,국토교통부공고제2025-1219호(토지거래허가구역 지정 공고문)|국토교통부공고제2026-1105호(토지거래허가구역 재지정 공고)
용산구,용산동6가,2025-10-20,지정 시작,서울전역아파트|외국인|주요재건축단지,국토교통부공고제2025-1219호(토지거래허가구역 지정 공고문)|국토교통부공고제2026-1105호(토지거래허가구역 재지정 공고)
용산구,원효로1가,2025-10-20,지정 시작,서울전역아파트|외국인|주요재건축단지,국토교통부공고제2025-1219호(토지거래허가구역 지정 공고문)|국토교통부공고제2026-1105호(토지거래허가구역 재지정 공고)
용산구,원효로2가,2025-10-20,지정 시작,서울전역아파트|외국인|주요재건축단지,국토교통부공고제2025-1219호(토지거래허가구역 지정 공고문)|국토교통부공고제2026-1105호(토지거래허가구역 재지정 공고)
용산구,원효로3가,2025-10-20,기록 재개,,
용산구,원효로3가,2025-10-20,지정 시작,서울전역아파트|외국인|주요재건축단지,국토교통부공고제2025-1219호(토지거래허가구역 지정 공고문)|국토교통부공고제2026-1105호(토지거래허가구역 재지정 공고)
용산구,주성동,2025-10-20,지정 시작,서울전역아파트|외국인|주요재건축단지,국토교통부공고제2025-1219호(토지거래허가구역 지정 공고문)|국토교통부공고제2026-1105호(토지거래허가구역 재지정 공고)
용산구,청암동,2025-10-20,지정 시작,서울전역아파트|외국인|주요재건축단지,국토교통부공고제2025-1219호(토지거래허가구역 지정 공고문)|국토교통부공고제2026-1105호(토지거래허가구역 재지정 공고)
용산구,청파동2가,2025-10-20,지정 시작,서울전역아파트|외국인|주요재건축단지,국토교통부공고제2025-1219호(토지거래허가구역 지정 공고문)|국토교통부공고제2026-1105호(토지거래허가구역 재지정 공고)
용산구,청파동3가,2025-10-20,지정 시작,서울전역아파트|외국인|주요재건축단지,국토교통부공고제2025-1219호(토지거래허가구역 지정 공고문)|국토교통부공고제2026-1105호(토지거래허가구역 재지정 공고)
은평구,갈현동,2025-10-20,기록 재개,,
은평구,갈현동,2025-10-20,지정 시작,공공재개발|모아타운|서울전역아파트|신속통합기획|외국인|정비사업후보지|주요재건축단지,국토교통부공고제2025-1219호(토지거래허가구역 지정 공고문)|국토교통부공고제2026-1105호(토지거래허가구역 재지정 공고)|시보20260805_p377-447
은평구,구산동,2025-10-20,지정 시작,서울전역아파트|외국인|주요재건축단지,국토교통부공고제2025-1219호(토지거래허가구역 지정 공고문)|국토교통부공고제2026-1105호(토지거래허가구역 재지정 공고)
은평구,녹번동,2025-10-20,지정 시작,공공재개발|모아타운|서울전역아파트|신속통합기획|외국인|정비사업후보지|주요재건축단지,국토교통부공고제2025-1219호(토지거래허가구역 지정 공고문)|국토교통부공고제2026-1105호(토지거래허가구역 재지정 공고)|시보20251106_p1135-1144|시보20260805_p377-447
은평구,수색동,2025-10-20,지정 시작,서울전역아파트|외국인|주요재건축단지,국토교통부공고제2025-1219호(토지거래허가구역 지정 공고문)|국토교통부공고제2026-1105호(토지거래허가구역 재지정 공고)
은평구,역촌동,2025-10-20,지정 시작,서울전역아파트|신규주택공급후보지|외국인|주요재건축단지,국토교통부공고제2025-1219호(토지거래허가구역 지정 공고문)|국토교통부공고제2026-1079호(토지거래허가구역 지정 공고)|국토교통부공고제2026-1105호(토지거래허가구역 재지정 공고)
은평구,응암동,2025-10-20,기록 재개,,
은평구,응암동,2025-10-20,지정 시작,공공재개발|모아타운|서울전역아파트|신속통합기획|외국인|정비사업후보지|주요재건축단지,국토교통부공고제2025-1219호(토지거래허가구역 지정 공고문)|국토교통부공고제2026-1105호(토지거래허가구역 재지정 공고)|시보20260211_p499-512|시보20260805_p377-447
은평구,증산동,2025-10-20,지정 시작,서울전역아파트|외국인|주요재건축단지,국토교통부공고제2025-1219호(토지거래허가구역 지정 공고문)|국토교통부공고제2026-1105호(토지거래허가구역 재지정 공고)
은평구,진관동,2025-10-20,기록 재개,,
은평구,진관동,2025-10-20,지정 시작,서울전역아파트|신규주택공급후보지|외국인|주요재건축단지,국토교통부공고제2025-1219호(토지거래허가구역 지정 공고문)|국토교통부공고제2026-1079호(토지거래허가구역 지정 공고)|국토교통부공고제2026-1105호(토지거래허가구역 재지정 공고)
종로구,가회동,2025-10-20,지정 시작,서울전역아파트|외국인|주요재건축단지,국토교통부공고제2025-1219호(토지거래허가구역 지정 공고문)|국토교통부공고제2026-1105호(토지거래허가구역 재지정 공고)
종로구,견지동,2025-10-20,지정 시작,서울전역아파트|외국인|주요재건축단지,국토교통부공고제2025-1219호(토지거래허가구역 지정 공고문)|국토교통부공고제2026-1105호(토지거래허가구역 재지정 공고)
종로구,경운동,2025-10-20,지정 시작,서울전역아파트|외국인|주요재건축단지,국토교통부공고제2025-1219호(토지거래허가구역 지정 공고문)|국토교통부공고제2026-1105호(토지거래허가구역 재지정 공고)
종로구,계동,2025-10-20,지정 시작,서울전역아파트|외국인|주요재건축단지,국토교통부공고제2025-1219호(토지거래허가구역 지정 공고문)|국토교통부공고제2026-1105호(토지거래허가구역 재지정 공고)
종로구,공평동,2025-10-20,지정 시작,서울전역아파트|외국인|주요재건축단지,국토교통부공고제2025-1219호(토지거래허가구역 지정 공고문)|국토교통부공고제2026-1105호(토지거래허가구역 재지정 공고)
종로구,관수동,2025-10-20,지정 시작,서울전역아파트|외국인|주요재건축단지,국토교통부공고제2025-1219호(토지거래허가구역 지정 공고문)|국토교통부공고제2026-1105호(토지거래허가구역 재지정 공고)
종로구,관철동,2025-10-20,지정 시작,서울전역아파트|외국인|주요재건축단지,국토교통부공고제2025-1219호(토지거래허가구역 지정 공고문)|국토교통부공고제2026-1105호(토지거래허가구역 재지정 공고)
종로구,관훈동,2025-10-20,지정 시작,서울전역아파트|외국인|주요재건축단지,국토교통부공고제2025-1219호(토지거래허가구역 지정 공고문)|국토교통부공고제2026-1105호(토지거래허가구역 재지정 공고)
종로구,교남동,2025-10-20,지정 시작,서울전역아파트|외국인|주요재건축단지,국토교통부공고제2025-1219호(토지거래허가구역 지정 공고문)|국토교통부공고제2026-1105호(토지거래허가구역 재지정 공고)
종로구,교북동,2025-10-20,지정 시작,서울전역아파트|외국인|주요재건축단지,국토교통부공고제2025-1219호(토지거래허가구역 지정 공고문)|국토교통부공고제2026-1105호(토지거래허가구역 재지정 공고)
종로구,궁정동,2025-10-20,지정 시작,서울전역아파트|외국인|주요재건축단지,국토교통부공고제2025-1219호(토지거래허가구역 지정 공고문)|국토교통부공고제2026-1105호(토지거래허가구역 재지정 공고)
종로구,권농동,2025-10-20,지정 시작,서울전역아파트|외국인|주요재건축단지,국토교통부공고제2025-1219호(토지거래허가구역 지정 공고문)|국토교통부공고제2026-1105호(토지거래허가구역 재지정 공고)
종로구,낙원동,2025-10-20,지정 시작,서울전역아파트|외국인|주요재건축단지,국토교통부공고제2025-1219호(토지거래허가구역 지정 공고문)|국토교통부공고제2026-1105호(토지거래허가구역 재지정 공고)
종로구,내수동,2025-10-20,지정 시작,서울전역아파트|외국인|주요재건축단지,국토교통부공고제2025-1219호(토지거래허가구역 지정 공고문)|국토교통부공고제2026-1105호(토지거래허가구역 재지정 공고)
종로구,내자동,2025-10-20,지정 시작,서울전역아파트|외국인|주요재건축단지,국토교통부공고제2025-1219호(토지거래허가구역 지정 공고문)|국토교통부공고제2026-1105호(토지거래허가구역 재지정 공고)
종로구,누상동,2025-10-20,지정 시작,서울전역아파트|외국인|주요재건축단지,국토교통부공고제2025-1219호(토지거래허가구역 지정 공고문)|국토교통부공고제2026-1105호(토지거래허가구역 재지정 공고)
종로구,누하동,2025-10-20,지정 시작,서울전역아파트|외국인|주요재건축단지,국토교통부공고제2025-1219호(토지거래허가구역 지정 공고문)|국토교통부공고제2026-1105호(토지거래허가구역 재지정 공고)
종로구,당주동,2025-10-20,지정 시작,서울전역아파트|외국인|주요재건축단지,국토교통부공고제2025-1219호(토지거래허가구역 지정 공고문)|국토교통부공고제2026-1105호(토지거래허가구역 재지정 공고)
종로구,도렴동,2025-10-20,지정 시작,서울전역아파트|외국인|주요재건축단지,국토교통부공고제2025-1219호(토지거래허가구역 지정 공고문)|국토교통부공고제2026-1105호(토지거래허가구역 재지정 공고)
종로구,돈의동,2025-10-20,지정 시작,서울전역아파트|외국인|주요재건축단지,국토교통부공고제2025-1219호(토지거래허가구역 지정 공고문)|국토교통부공고제2026-1105호(토지거래허가구역 재지정 공고)
종로구,동숭동,2025-10-20,지정 시작,서울전역아파트|외국인|주요재건축단지,국토교통부공고제2025-1219호(토지거래허가구역 지정 공고문)|국토교통부공고제2026-1105호(토지거래허가구역 재지정 공고)
종로구,명륜1가,2025-10-20,지정 시작,서울전역아파트|외국인|주요재건축단지,국토교통부공고제2025-1219호(토지거래허가구역 지정 공고문)|국토교통부공고제2026-1105호(토지거래허가구역 재지정 공고)
종로구,명륜2가,2025-10-20,지정 시작,서울전역아파트|외국인|주요재건축단지,국토교통부공고제2025-1219호(토지거래허가구역 지정 공고문)|국토교통부공고제2026-1105호(토지거래허가구역 재지정 공고)
종로구,명륜3가,2025-10-20,지정 시작,서울전역아파트|외국인|주요재건축단지,국토교통부공고제2025-1219호(토지거래허가구역 지정 공고문)|국토교통부공고제2026-1105호(토지거래허가구역 재지정 공고)
종로구,명륜4가,2025-10-20,지정 시작,서울전역아파트|외국인|주요재건축단지,국토교통부공고제2025-1219호(토지거래허가구역 지정 공고문)|국토교통부공고제2026-1105호(토지거래허가구역 재지정 공고)
종로구,묘동,2025-10-20,지정 시작,서울전역아파트|외국인|주요재건축단지,국토교통부공고제2025-1219호(토지거래허가구역 지정 공고문)|국토교통부공고제2026-1105호(토지거래허가구역 재지정 공고)
종로구,무악동,2025-10-20,지정 시작,서울전역아파트|외국인|주요재건축단지,국토교통부공고제2025-1219호(토지거래허가구역 지정 공고문)|국토교통부공고제2026-1105호(토지거래허가구역 재지정 공고)
종로구,봉익동,2025-10-20,지정 시작,서울전역아파트|외국인|주요재건축단지,국토교통부공고제2025-1219호(토지거래허가구역 지정 공고문)|국토교통부공고제2026-1105호(토지거래허가구역 재지정 공고)
종로구,부암동,2025-10-20,지정 시작,서울전역아파트|외국인|주요재건축단지,국토교통부공고제2025-1219호(토지거래허가구역 지정 공고문)|국토교통부공고제2026-1105호(토지거래허가구역 재지정 공고)
종로구,사간동,2025-10-20,지정 시작,서울전역아파트|외국인|주요재건축단지,국토교통부공고제2025-1219호(토지거래허가구역 지정 공고문)|국토교통부공고제2026-1105호(토지거래허가구역 재지정 공고)
종로구,사직동,2025-10-20,지정 시작,서울전역아파트|외국인|주요재건축단지,국토교통부공고제2025-1219호(토지거래허가구역 지정 공고문)|국토교통부공고제2026-1105호(토지거래허가구역 재지정 공고)
종로구,삼청동,2025-10-20,지정 시작,서울전역아파트|외국인|주요재건축단지,국토교통부공고제2025-1219호(토지거래허가구역 지정 공고문)|국토교통부공고제2026-1105호(토지거래허가구역 재지정 공고)
종로구,서린동,2025-10-20,지정 시작,서울전역아파트|외국인|주요재건축단지,국토교통부공고제2025-1219호(토지거래허가구역 지정 공고문)|국토교통부공고제2026-1105호(토지거래허가구역 재지정 공고)
종로구,세종로,2025-10-20,지정 시작,서울전역아파트|외국인|주요재건축단지,국토교통부공고제2025-1219호(토지거래허가구역 지정 공고문)|국토교통부공고제2026-1105호(토지거래허가구역 재지정 공고)
종로구,소격동,2025-10-20,지정 시작,서울전역아파트|외국인|주요재건축단지,국토교통부공고제2025-1219호(토지거래허가구역 지정 공고문)|국토교통부공고제2026-1105호(토지거래허가구역 재지정 공고)
종로구,송월동,2025-10-20,지정 시작,서울전역아파트|외국인|주요재건축단지,국토교통부공고제2025-1219호(토지거래허가구역 지정 공고문)|국토교통부공고제2026-1105호(토지거래허가구역 재지정 공고)
종로구,송현동,2025-10-20,지정 시작,서울전역아파트|외국인|주요재건축단지,국토교통부공고제2025-1219호(토지거래허가구역 지정 공고문)|국토교통부공고제2026-1105호(토지거래허가구역 재지정 공고)
종로구,수송동,2025-10-20,지정 시작,서울전역아파트|외국인|주요재건축단지,국토교통부공고제2025-1219호(토지거래허가구역 지정 공고문)|국토교통부공고제2026-1105호(토지거래허가구역 재지정 공고)
종로구,신교동,2025-10-20,지정 시작,서울전역아파트|외국인|주요재건축단지,국토교통부공고제2025-1219호(토지거래허가구역 지정 공고문)|국토교통부공고제2026-1105호(토지거래허가구역 재지정 공고)
종로구,신문로2가,2025-10-20,지정 시작,서울전역아파트|외국인|주요재건축단지,국토교통부공고제2025-1219호(토지거래허가구역 지정 공고문)|국토교통부공고제2026-1105호(토지거래허가구역 재지정 공고)
종로구,신영동,2025-10-20,지정 시작,서울전역아파트|외국인|주요재건축단지,국토교통부공고제2025-1219호(토지거래허가구역 지정 공고문)|국토교통부공고제2026-1105호(토지거래허가구역 재지정 공고)
종로구,안국동,2025-10-20,지정 시작,서울전역아파트|외국인|주요재건축단지,국토교통부공고제2025-1219호(토지거래허가구역 지정 공고문)|국토교통부공고제2026-1105호(토지거래허가구역 재지정 공고)
종로구,연건동,2025-10-20,기록 재개,,
종로구,연건동,2025-10-20,지정 시작,공공재개발|모아타운|서울전역아파트|신속통합기획|외국인|정비사업후보지|주요재건축단지,국토교통부공고제2025-1219호(토지거래허가구역 지정 공고문)|국토교통부공고제2026-1105호(토지거래허가구역 재지정 공고)|시보20260211_p499-512
종로구,연지동,2025-10-20,지정 시작,서울전역아파트|외국인|주요재건축단지,국토교통부공고제2025-1219호(토지거래허가구역 지정 공고문)|국토교통부공고제2026-1105호(토지거래허가구역 재지정 공고)
종로구,예지동,2025-10-20,지정 시작,서울전역아파트|외국인|주요재건축단지,국토교통부공고제2025-1219호(토지거래허가구역 지정 공고문)|국토교통부공고제2026-1105호(토지거래허가구역 재지정 공고)
종로구,옥인동,2025-10-20,지정 시작,서울전역아파트|신규주택공급후보지|외국인|주요재건축단지,국토교통부공고제2025-1219호(토지거래허가구역 지정 공고문)|국토교통부공고제2026-1079호(토지거래허가구역 지정 공고)|국토교통부공고제2026-1105호(토지거래허가구역 재지정 공고)
종로구,와룡동,2025-10-20,지정 시작,서울전역아파트|외국인|주요재건축단지,국토교통부공고제2025-1219호(토지거래허가구역 지정 공고문)|국토교통부공고제2026-1105호(토지거래허가구역 재지정 공고)
종로구,운니동,2025-10-20,지정 시작,서울전역아파트|외국인|주요재건축단지,국토교통부공고제2025-1219호(토지거래허가구역 지정 공고문)|국토교통부공고제2026-1105호(토지거래허가구역 재지정 공고)
종로구,원남동,2025-10-20,지정 시작,서울전역아파트|외국인|주요재건축단지,국토교통부공고제2025-1219호(토지거래허가구역 지정 공고문)|국토교통부공고제2026-1105호(토지거래허가구역 재지정 공고)
종로구,원서동,2025-10-20,지정 시작,서울전역아파트|외국인|주요재건축단지,국토교통부공고제2025-1219호(토지거래허가구역 지정 공고문)|국토교통부공고제2026-1105호(토지거래허가구역 재지정 공고)
종로구,이화동,2025-10-20,지정 시작,서울전역아파트|외국인|주요재건축단지,국토교통부공고제2025-1219호(토지거래허가구역 지정 공고문)|국토교통부공고제2026-1105호(토지거래허가구역 재지정 공고)
종로구,익선동,2025-10-20,지정 시작,서울전역아파트|외국인|주요재건축단지,국토교통부공고제2025-1219호(토지거래허가구역 지정 공고문)|국토교통부공고제2026-1105호(토지거래허가구역 재지정 공고)
종로구,인사동,2025-10-20,지정 시작,서울전역아파트|외국인|주요재건축단지,국토교통부공고제2025-1219호(토지거래허가구역 지정 공고문)|국토교통부공고제2026-1105호(토지거래허가구역 재지정 공고)
종로구,인의동,2025-10-20,지정 시작,서울전역아파트|외국인|주요재건축단지,국토교통부공고제2025-1219호(토지거래허가구역 지정 공고문)|국토교통부공고제2026-1105호(토지거래허가구역 재지정 공고)
종로구,장사동,2025-10-20,지정 시작,서울전역아파트|외국인|주요재건축단지,국토교통부공고제2025-1219호(토지거래허가구역 지정 공고문)|국토교통부공고제2026-1105호(토지거래허가구역 재지정 공고)
종로구,재동,2025-10-20,지정 시작,서울전역아파트|외국인|주요재건축단지,국토교통부공고제2025-1219호(토지거래허가구역 지정 공고문)|국토교통부공고제2026-1105호(토지거래허가구역 재지정 공고)
종로구,적선동,2025-10-20,지정 시작,서울전역아파트|외국인|주요재건축단지,국토교통부공고제2025-1219호(토지거래허가구역 지정 공고문)|국토교통부공고제2026-1105호(토지거래허가구역 재지정 공고)
종로구,종로1가,2025-10-20,지정 시작,서울전역아파트|외국인|주요재건축단지,국토교통부공고제2025-1219호(토지거래허가구역 지정 공고문)|국토교통부공고제2026-1105호(토지거래허가구역 재지정 공고)
종로구,종로2가,2025-10-20,지정 시작,서울전역아파트|외국인|주요재건축단지,국토교통부공고제2025-1219호(토지거래허가구역 지정 공고문)|국토교통부공고제2026-1105호(토지거래허가구역 재지정 공고)
종로구,종로3가,2025-10-20,지정 시작,서울전역아파트|외국인|주요재건축단지,국토교통부공고제2025-1219호(토지거래허가구역 지정 공고문)|국토교통부공고제2026-1105호(토지거래허가구역 재지정 공고)
종로구,종로4가,2025-10-20,지정 시작,서울전역아파트|외국인|주요재건축단지,국토교통부공고제2025-1219호(토지거래허가구역 지정 공고문)|국토교통부공고제2026-1105호(토지거래허가구역 재지정 공고)
종로구,종로5가,2025-10-20,지정 시작,서울전역아파트|외국인|주요재건축단지,국토교통부공고제2025-1219호(토지거래허가구역 지정 공고문)|국토교통부공고제2026-1105호(토지거래허가구역 재지정 공고)
종로구,종로6가,2025-10-20,지정 시작,서울전역아파트|외국인|주요재건축단지,국토교통부공고제2025-1219호(토지거래허가구역 지정 공고문)|국토교통부공고제2026-1105호(토지거래허가구역 재지정 공고)
종로구,중학동,2025-10-20,지정 시작,서울전역아파트|외국인|주요재건축단지,국토교통부공고제2025-1219호(토지거래허가구역 지정 공고문)|국토교통부공고제2026-1105호(토지거래허가구역 재지정 공고)
종로구,창성동,2025-10-20,지정 시작,서울전역아파트|외국인|주요재건축단지,국토교통부공고제2025-1219호(토지거래허가구역 지정 공고문)|국토교통부공고제2026-1105호(토지거래허가구역 재지정 공고)
종로구,청운동,2025-10-20,기록 재개,,
종로구,청운동,2025-10-20,지정 시작,서울전역아파트|신규주택공급후보지|외국인|주요재건축단지,국토교통부공고제2025-1219호(토지거래허가구역 지정 공고문)|국토교통부공고제2026-1079호(토지거래허가구역 지정 공고)|국토교통부공고제2026-1105호(토지거래허가구역 재지정 공고)
종로구,청진동,2025-10-20,지정 시작,서울전역아파트|외국인|주요재건축단지,국토교통부공고제2025-1219호(토지거래허가구역 지정 공고문)|국토교통부공고제2026-1105호(토지거래허가구역 재지정 공고)
종로구,체부동,2025-10-20,기록 재개,,
종로구,체부동,2025-10-20,지정 시작,서울전역아파트|외국인|주요재건축단지,국토교통부공고제2025-1219호(토지거래허가구역 지정 공고문)|국토교통부공고제2026-1105호(토지거래허가구역 재지정 공고)
종로구,충신동,2025-10-20,지정 시작,서울전역아파트|외국인|주요재건축단지,국토교통부공고제2025-1219호(토지거래허가구역 지정 공고문)|국토교통부공고제2026-1105호(토지거래허가구역 재지정 공고)
종로구,통의동,2025-10-20,지정 시작,서울전역아파트|외국인|주요재건축단지,국토교통부공고제2025-1219호(토지거래허가구역 지정 공고문)|국토교통부공고제2026-1105호(토지거래허가구역 재지정 공고)
종로구,통인동,2025-10-20,지정 시작,서울전역아파트|외국인|주요재건축단지,국토교통부공고제2025-1219호(토지거래허가구역 지정 공고문)|국토교통부공고제2026-1105호(토지거래허가구역 재지정 공고)
종로구,팔판동,2025-10-20,지정 시작,서울전역아파트|외국인|주요재건축단지,국토교통부공고제2025-1219호(토지거래허가구역 지정 공고문)|국토교통부공고제2026-1105호(토지거래허가구역 재지정 공고)
종로구,평동,2025-10-20,지정 시작,서울전역아파트|외국인|주요재건축단지,국토교통부공고제2025-1219호(토지거래허가구역 지정 공고문)|국토교통부공고제2026-1105호(토지거래허가구역 재지정 공고)
종로구,평창동,2025-10-20,기록 재개,,
종로구,평창동,2025-10-20,지정 시작,서울전역아파트|신규주택공급후보지|외국인|주요재건축단지,국토교통부공고제2025-1219호(토지거래허가구역 지정 공고문)|국토교통부공고제2026-1079호(토지거래허가구역 지정 공고)|국토교통부공고제2026-1105호(토지거래허가구역 재지정 공고)
종로구,필운동,2025-10-20,지정 시작,서울전역아파트|외국인|주요재건축단지,국토교통부공고제2025-1219호(토지거래허가구역 지정 공고문)|국토교통부공고제2026-1105호(토지거래허가구역 재지정 공고)
종로구,행촌동,2025-10-20,기록 재개,,
종로구,행촌동,2025-10-20,지정 시작,서울전역아파트|신속통합기획|외국인|정비사업후보지|주요재건축단지,국토교통부공고제2025-1219호(토지거래허가구역 지정 공고문)|국토교통부공고제2026-1105호(토지거래허가구역 재지정 공고)|시보20251106_p1135-1144
종로구,혜화동,2025-10-20,지정 시작,서울전역아파트|외국인|주요재건축단지,국토교통부공고제2025-1219호(토지거래허가구역 지정 공고문)|국토교통부공고제2026-1105호(토지거래허가구역 재지정 공고)
종로구,홍지동,2025-10-20,지정 시작,서울전역아파트|신규주택공급후보지|외국인|주요재건축단지,국토교통부공고제2025-1219호(토지거래허가구역 지정 공고문)|국토교통부공고제2026-1079호(토지거래허가구역 지정 공고)|국토교통부공고제2026-1105호(토지거래허가구역 재지정 공고)
종로구,홍파동,2025-10-20,지정 시작,서울전역아파트|외국인|주요재건축단지,국토교통부공고제2025-1219호(토지거래허가구역 지정 공고문)|국토교통부공고제2026-1105호(토지거래허가구역 재지정 공고)
종로구,화동,2025-10-20,지정 시작,서울전역아파트|외국인|주요재건축단지,국토교통부공고제2025-1219호(토지거래허가구역 지정 공고문)|국토교통부공고제2026-1105호(토지거래허가구역 재지정 공고)
종로구,효자동,2025-10-20,지정 시작,서울전역아파트|외국인|주요재건축단지,국토교통부공고제2025-1219호(토지거래허가구역 지정 공고문)|국토교통부공고제2026-1105호(토지거래허가구역 재지정 공고)
종로구,효제동,2025-10-20,지정 시작,서울전역아파트|외국인|주요재건축단지,국토교통부공고제2025-1219호(토지거래허가구역 지정 공고문)|국토교통부공고제2026-1105호(토지거래허가구역 재지정 공고)
종로구,훈정동,2025-10-20,지정 시작,서울전역아파트|외국인|주요재건축단지,국토교통부공고제2025-1219호(토지거래허가구역 지정 공고문)|국토교통부공고제2026-1105호(토지거래허가구역 재지정 공고)
중구,광희동1가,2025-10-20,지정 시작,서울전역아파트|외국인|주요재건축단지,국토교통부공고제2025-1219호(토지거래허가구역 지정 공고문)|국토교통부공고제2026-1105호(토지거래허가구역 재지정 공고)
중구,광희동2가,2025-10-20,지정 시작,서울전역아파트|외국인|주요재건축단지,국토교통부공고제2025-1219호(토지거래허가구역 지정 공고문)|국토교통부공고제2026-1105호(토지거래허가구역 재지정 공고)
중구,남대문로1가,2025-10-20,지정 시작,서울전역아파트|외국인|주요재건축단지,국토교통부공고제2025-1219호(토지거래허가구역 지정 공고문)|국토교통부공고제2026-1105호(토지거래허가구역 재지정 공고)
중구,남대문로2가,2025-10-20,지정 시작,서울전역아파트|외국인|주요재건축단지,국토교통부공고제2025-1219호(토지거래허가구역 지정 공고문)|국토교통부공고제2026-1105호(토지거래허가구역 재지정 공고)
중구,남대문로3가,2025-10-20,지정 시작,서울전역아파트|외국인|주요재건축단지,국토교통부공고제2025-1219호(토지거래허가구역 지정 공고문)|국토교통부공고제2026-1105호(토지거래허가구역 재지정 공고)
중구,남대문로4가,2025-10-20,지정 시작,서울전역아파트|외국인|주요재건축단지,국토교통부공고제2025-1219호(토지거래허가구역 지정 공고문)|국토교통부공고제2026-1105호(토지거래허가구역 재지정 공고)
중구,남대문로5가,2025-10-20,지정 시작,서울전역아파트|외국인|주요재건축단지,국토교통부공고제2025-1219호(토지거래허가구역 지정 공고문)|국토교통부공고제2026-1105호(토지거래허가구역 재지정 공고)
중구,남산동1가,2025-10-20,지정 시작,서울전역아파트|외국인|주요재건축단지,국토교통부공고제2025-1219호(토지거래허가구역 지정 공고문)|국토교통부공고제2026-1105호(토지거래허가구역 재지정 공고)
중구,남산동2가,2025-10-20,지정 시작,서울전역아파트|외국인|주요재건축단지,국토교통부공고제2025-1219호(토지거래허가구역 지정 공고문)|국토교통부공고제2026-1105호(토지거래허가구역 재지정 공고)
중구,남산동3가,2025-10-20,지정 시작,서울전역아파트|외국인|주요재건축단지,국토교통부공고제2025-1219호(토지거래허가구역 지정 공고문)|국토교통부공고제2026-1105호(토지거래허가구역 재지정 공고)
중구,남창동,2025-10-20,지정 시작,서울전역아파트|외국인|주요재건축단지,국토교통부공고제2025-1219호(토지거래허가구역 지정 공고문)|국토교통부공고제2026-1105호(토지거래허가구역 재지정 공고)
중구,남학동,2025-10-20,지정 시작,서울전역아파트|외국인|주요재건축단지,국토교통부공고제2025-1219호(토지거래허가구역 지정 공고문)|국토교통부공고제2026-1105호(토지거래허가구역 재지정 공고)
중구,다동,2025-10-20,지정 시작,서울전역아파트|외국인|주요재건축단지,국토교통부공고제2025-1219호(토지거래허가구역 지정 공고문)|국토교통부공고제2026-1105호(토지거래허가구역 재지정 공고)
중구,만리동1가,2025-10-20,지정 시작,서울전역아파트|외국인|주요재건축단지,국토교통부공고제2025-1219호(토지거래허가구역 지정 공고문)|국토교통부공고제2026-1105호(토지거래허가구역 재지정 공고)
중구,만리동2가,2025-10-20,지정 시작,서울전역아파트|외국인|주요재건축단지,국토교통부공고제2025-1219호(토지거래허가구역 지정 공고문)|국토교통부공고제2026-1105호(토지거래허가구역 재지정 공고)
중구,명동1가,2025-10-20,지정 시작,서울전역아파트|외국인|주요재건축단지,국토교통부공고제2025-1219호(토지거래허가구역 지정 공고문)|국토교통부공고제2026-1105호(토지거래허가구역 재지정 공고)
중구,명동2가,2025-10-20,지정 시작,서울전역아파트|외국인|주요재건축단지,국토교통부공고제2025-1219호(토지거래허가구역 지정 공고문)|국토교통부공고제2026-1105호(토지거래허가구역 재지정 공고)
중구,무교동,2025-10-20,지정 시작,서울전역아파트|외국인|주요재건축단지,국토교통부공고제2025-1219호(토지거래허가구역 지정 공고문)|국토교통부공고제2026-1105호(토지거래허가구역 재지정 공고)
중구,무학동,2025-10-20,지정 시작,서울전역아파트|외국인|주요재건축단지,국토교통부공고제2025-1219호(토지거래허가구역 지정 공고문)|국토교통부공고제2026-1105호(토지거래허가구역 재지정 공고)
중구,묵정동,2025-10-20,지정 시작,서울전역아파트|외국인|주요재건축단지,국토교통부공고제2025-1219호(토지거래허가구역 지정 공고문)|국토교통부공고제2026-1105호(토지거래허가구역 재지정 공고)
중구,방산동,2025-10-20,지정 시작,서울전역아파트|외국인|주요재건축단지,국토교통부공고제2025-1219호(토지거래허가구역 지정 공고문)|국토교통부공고제2026-1105호(토지거래허가구역 재지정 공고)
중구,봉래동1가,2025-10-20,지정 시작,서울전역아파트|외국인|주요재건축단지,국토교통부공고제2025-1219호(토지거래허가구역 지정 공고문)|국토교통부공고제2026-1105호(토지거래허가구역 재지정 공고)
중구,봉래동2가,2025-10-20,지정 시작,서울전역아파트|외국인|주요재건축단지,국토교통부공고제2025-1219호(토지거래허가구역 지정 공고문)|국토교통부공고제2026-1105호(토지거래허가구역 재지정 공고)
중구,북창동,2025-10-20,지정 시작,서울전역아파트|외국인|주요재건축단지,국토교통부공고제2025-1219호(토지거래허가구역 지정 공고문)|국토교통부공고제2026-1105호(토지거래허가구역 재지정 공고)
중구,산림동,2025-10-20,지정 시작,서울전역아파트|외국인|주요재건축단지,국토교통부공고제2025-1219호(토지거래허가구역 지정 공고문)|국토교통부공고제2026-1105호(토지거래허가구역 재지정 공고)
중구,삼각동,2025-10-20,지정 시작,서울전역아파트|외국인|주요재건축단지,국토교통부공고제2025-1219호(토지거래허가구역 지정 공고문)|국토교통부공고제2026-1105호(토지거래허가구역 재지정 공고)
중구,서소문동,2025-10-20,지정 시작,서울전역아파트|외국인|주요재건축단지,국토교통부공고제2025-1219호(토지거래허가구역 지정 공고문)|국토교통부공고제2026-1105호(토지거래허가구역 재지정 공고)
중구,소공동,2025-10-20,지정 시작,서울전역아파트|외국인|주요재건축단지,국토교통부공고제2025-1219호(토지거래허가구역 지정 공고문)|국토교통부공고제2026-1105호(토지거래허가구역 재지정 공고)
중구,수표동,2025-10-20,지정 시작,서울전역아파트|외국인|주요재건축단지,국토교통부공고제2025-1219호(토지거래허가구역 지정 공고문)|국토교통부공고제2026-1105호(토지거래허가구역 재지정 공고)
중구,수하동,2025-10-20,지정 시작,서울전역아파트|외국인|주요재건축단지,국토교통부공고제2025-1219호(토지거래허가구역 지정 공고문)|국토교통부공고제2026-1105호(토지거래허가구역 재지정 공고)
중구,순화동,2025-10-20,지정 시작,서울전역아파트|외국인|주요재건축단지,국토교통부공고제2025-1219호(토지거래허가구역 지정 공고문)|국토교통부공고제2026-1105호(토지거래허가구역 재지정 공고)
중구,쌍림동,2025-10-20,지정 시작,서울전역아파트|외국인|주요재건축단지,국토교통부공고제2025-1219호(토지거래허가구역 지정 공고문)|국토교통부공고제2026-1105호(토지거래허가구역 재지정 공고)
중구,예관동,2025-10-20,지정 시작,서울전역아파트|외국인|주요재건축단지,국토교통부공고제2025-1219호(토지거래허가구역 지정 공고문)|국토교통부공고제2026-1105호(토지거래허가구역 재지정 공고)
중구,예장동,2025-10-20,지정 시작,서울전역아파트|외국인|주요재건축단지,국토교통부공고제2025-1219호(토지거래허가구역 지정 공고문)|국토교통부공고제2026-1105호(토지거래허가구역 재지정 공고)
중구,오장동,2025-10-20,지정 시작,서울전역아파트|외국인|주요재건축단지,국토교통부공고제2025-1219호(토지거래허가구역 지정 공고문)|국토교통부공고제2026-1105호(토지거래허가구역 재지정 공고)
중구,을지로1가,2025-10-20,지정 시작,서울전역아파트|외국인|주요재건축단지,국토교통부공고제2025-1219호(토지거래허가구역 지정 공고문)|국토교통부공고제2026-1105호(토지거래허가구역 재지정 공고)
중구,을지로2가,2025-10-20,지정 시작,서울전역아파트|외국인|주요재건축단지,국토교통부공고제2025-1219호(토지거래허가구역 지정 공고문)|국토교통부공고제2026-1105호(토지거래허가구역 재지정 공고)
중구,을지로3가,2025-10-20,지정 시작,서울전역아파트|외국인|주요재건축단지,국토교통부공고제2025-1219호(토지거래허가구역 지정 공고문)|국토교통부공고제2026-1105호(토지거래허가구역 재지정 공고)
중구,을지로4가,2025-10-20,지정 시작,서울전역아파트|외국인|주요재건축단지,국토교통부공고제2025-1219호(토지거래허가구역 지정 공고문)|국토교통부공고제2026-1105호(토지거래허가구역 재지정 공고)
중구,을지로5가,2025-10-20,지정 시작,서울전역아파트|외국인|주요재건축단지,국토교통부공고제2025-1219호(토지거래허가구역 지정 공고문)|국토교통부공고제2026-1105호(토지거래허가구역 재지정 공고)
중구,을지로6가,2025-10-20,지정 시작,서울전역아파트|외국인|주요재건축단지,국토교통부공고제2025-1219호(토지거래허가구역 지정 공고문)|국토교통부공고제2026-1105호(토지거래허가구역 재지정 공고)
중구,을지로7가,2025-10-20,지정 시작,서울전역아파트|외국인|주요재건축단지,국토교통부공고제2025-1219호(토지거래허가구역 지정 공고문)|국토교통부공고제2026-1105호(토지거래허가구역 재지정 공고)
중구,의주로1가,2025-10-20,지정 시작,서울전역아파트|외국인|주요재건축단지,국토교통부공고제2025-1219호(토지거래허가구역 지정 공고문)|국토교통부공고제2026-1105호(토지거래허가구역 재지정 공고)
중구,의주로2가,2025-10-20,지정 시작,서울전역아파트|외국인|주요재건축단지,국토교통부공고제2025-1219호(토지거래허가구역 지정 공고문)|국토교통부공고제2026-1105호(토지거래허가구역 재지정 공고)
중구,인현동1가,2025-10-20,지정 시작,서울전역아파트|외국인|주요재건축단지,국토교통부공고제2025-1219호(토지거래허가구역 지정 공고문)|국토교통부공고제2026-1105호(토지거래허가구역 재지정 공고)
중구,인현동2가,2025-10-20,지정 시작,서울전역아파트|외국인|주요재건축단지,국토교통부공고제2025-1219호(토지거래허가구역 지정 공고문)|국토교통부공고제2026-1105호(토지거래허가구역 재지정 공고)
중구,입정동,2025-10-20,지정 시작,서울전역아파트|외국인|주요재건축단지,국토교통부공고제2025-1219호(토지거래허가구역 지정 공고문)|국토교통부공고제2026-1105호(토지거래허가구역 재지정 공고)
중구,장교동,2025-10-20,지정 시작,서울전역아파트|외국인|주요재건축단지,국토교통부공고제2025-1219호(토지거래허가구역 지정 공고문)|국토교통부공고제2026-1105호(토지거래허가구역 재지정 공고)
중구,장충동1가,2025-10-20,지정 시작,서울전역아파트|외국인|주요재건축단지,국토교통부공고제2025-1219호(토지거래허가구역 지정 공고문)|국토교통부공고제2026-1105호(토지거래허가구역 재지정 공고)
중구,저동1가,2025-10-20,지정 시작,서울전역아파트|외국인|주요재건축단지,국토교통부공고제2025-1219호(토지거래허가구역 지정 공고문)|국토교통부공고제2026-1105호(토지거래허가구역 재지정 공고)
중구,저동2가,2025-10-20,지정 시작,서울전역아파트|외국인|주요재건축단지,국토교통부공고제2025-1219호(토지거래허가구역 지정 공고문)|국토교통부공고제2026-1105호(토지거래허가구역 재지정 공고)
중구,정동,2025-10-20,지정 시작,서울전역아파트|외국인|주요재건축단지,국토교통부공고제2025-1219호(토지거래허가구역 지정 공고문)|국토교통부공고제2026-1105호(토지거래허가구역 재지정 공고)
중구,주교동,2025-10-20,지정 시작,서울전역아파트|외국인|주요재건축단지,국토교통부공고제2025-1219호(토지거래허가구역 지정 공고문)|국토교통부공고제2026-1105호(토지거래허가구역 재지정 공고)
중구,주자동,2025-10-20,지정 시작,서울전역아파트|외국인|주요재건축단지,국토교통부공고제2025-1219호(토지거래허가구역 지정 공고문)|국토교통부공고제2026-1105호(토지거래허가구역 재지정 공고)
중구,중림동,2025-10-20,지정 시작,서울전역아파트|외국인|주요재건축단지,국토교통부공고제2025-1219호(토지거래허가구역 지정 공고문)|국토교통부공고제2026-1105호(토지거래허가구역 재지정 공고)
중구,초동,2025-10-20,지정 시작,서울전역아파트|외국인|주요재건축단지,국토교통부공고제2025-1219호(토지거래허가구역 지정 공고문)|국토교통부공고제2026-1105호(토지거래허가구역 재지정 공고)
중구,충무로1가,2025-10-20,지정 시작,서울전역아파트|외국인|주요재건축단지,국토교통부공고제2025-1219호(토지거래허가구역 지정 공고문)|국토교통부공고제2026-1105호(토지거래허가구역 재지정 공고)
중구,충무로2가,2025-10-20,지정 시작,서울전역아파트|외국인|주요재건축단지,국토교통부공고제2025-1219호(토지거래허가구역 지정 공고문)|국토교통부공고제2026-1105호(토지거래허가구역 재지정 공고)
중구,충무로3가,2025-10-20,지정 시작,서울전역아파트|외국인|주요재건축단지,국토교통부공고제2025-1219호(토지거래허가구역 지정 공고문)|국토교통부공고제2026-1105호(토지거래허가구역 재지정 공고)
중구,충무로4가,2025-10-20,지정 시작,서울전역아파트|외국인|주요재건축단지,국토교통부공고제2025-1219호(토지거래허가구역 지정 공고문)|국토교통부공고제2026-1105호(토지거래허가구역 재지정 공고)
중구,충무로5가,2025-10-20,지정 시작,서울전역아파트|외국인|주요재건축단지,국토교통부공고제2025-1219호(토지거래허가구역 지정 공고문)|국토교통부공고제2026-1105호(토지거래허가구역 재지정 공고)
중구,충정로1가,2025-10-20,지정 시작,서울전역아파트|외국인|주요재건축단지,국토교통부공고제2025-1219호(토지거래허가구역 지정 공고문)|국토교통부공고제2026-1105호(토지거래허가구역 재지정 공고)
중구,태평로1가,2025-10-20,지정 시작,서울전역아파트|외국인|주요재건축단지,국토교통부공고제2025-1219호(토지거래허가구역 지정 공고문)|국토교통부공고제2026-1105호(토지거래허가구역 재지정 공고)
중구,태평로2가,2025-10-20,지정 시작,서울전역아파트|외국인|주요재건축단지,국토교통부공고제2025-1219호(토지거래허가구역 지정 공고문)|국토교통부공고제2026-1105호(토지거래허가구역 재지정 공고)
중구,필동1가,2025-10-20,지정 시작,서울전역아파트|외국인|주요재건축단지,국토교통부공고제2025-1219호(토지거래허가구역 지정 공고문)|국토교통부공고제2026-1105호(토지거래허가구역 재지정 공고)
중구,필동2가,2025-10-20,지정 시작,서울전역아파트|외국인|주요재건축단지,국토교통부공고제2025-1219호(토지거래허가구역 지정 공고문)|국토교통부공고제2026-1105호(토지거래허가구역 재지정 공고)
중구,필동3가,2025-10-20,지정 시작,서울전역아파트|외국인|주요재건축단지,국토교통부공고제2025-1219호(토지거래허가구역 지정 공고문)|국토교통부공고제2026-1105호(토지거래허가구역 재지정 공고)
중구,황학동,2025-10-20,지정 시작,서울전역아파트|외국인|주요재건축단지,국토교통부공고제2025-1219호(토지거래허가구역 지정 공고문)|국토교통부공고제2026-1105호(토지거래허가구역 재지정 공고)
중구,회현동1가,2025-10-20,지정 시작,서울전역아파트|외국인|주요재건축단지,국토교통부공고제2025-1219호(토지거래허가구역 지정 공고문)|국토교통부공고제2026-1105호(토지거래허가구역 재지정 공고)
중구,회현동2가,2025-10-20,지정 시작,서울전역아파트|외국인|주요재건축단지,국토교통부공고제2025-1219호(토지거래허가구역 지정 공고문)|국토교통부공고제2026-1105호(토지거래허가구역 재지정 공고)
중구,회현동3가,2025-10-20,지정 시작,서울전역아파트|외국인|주요재건축단지,국토교통부공고제2025-1219호(토지거래허가구역 지정 공고문)|국토교통부공고제2026-1105호(토지거래허가구역 재지정 공고)
중구,흥인동,2025-10-20,지정 시작,서울전역아파트|외국인|주요재건축단지,국토교통부공고제2025-1219호(토지거래허가구역 지정 공고문)|국토교통부공고제2026-1105호(토지거래허가구역 재지정 공고)
금천구,가산동,2027-01-01,지정 종료,서울전역아파트,국토교통부공고제2025-1219호(토지거래허가구역 지정 공고문)
노원구,공릉동,2027-01-01,지정 종료,서울전역아파트|신규주택공급후보지,국토교통부공고제2025-1219호(토지거래허가구역 지정 공고문)|국토교통부공고제2026-1079호(토지거래허가구역 지정 공고)
노원구,중계동,2027-01-01,지정 종료,서울전역아파트|신규주택공급후보지,국토교통부공고제2025-1219호(토지거래허가구역 지정 공고문)|국토교통부공고제2026-1079호(토지거래허가구역 지정 공고)
노원구,하계동,2027-01-01,지정 종료,서울전역아파트|신규주택공급후보지,국토교통부공고제2025-1219호(토지거래허가구역 지정 공고문)|국토교통부공고제2026-1079호(토지거래허가구역 지정 공고)
도봉구,도봉동,2027-01-01,지정 종료,서울전역아파트|신규주택공급후보지,국토교통부공고제2025-1219호(토지거래허가구역 지정 공고문)|국토교통부공고제2026-1079호(토지거래허가구역 지정 공고)
동대문구,제기동,2027-01-01,지정 종료,서울전역아파트,국토교통부공고제2025-1219호(토지거래허가구역 지정 공고문)
동대문구,회기동,2027-01-01,지정 종료,서울전역아파트,국토교통부공고제2025-1219호(토지거래허가구역 지정 공고문)
동대문구,휘경동,2027-01-01,지정 종료,서울전역아파트,국토교통부공고제2025-1219호(토지거래허가구역 지정 공고문)
동작구,대방동,2027-01-01,지정 종료,서울전역아파트,국토교통부공고제2025-1219호(토지거래허가구역 지정 공고문)
동작구,상도1동,2027-01-01,지정 종료,서울전역아파트,국토교통부공고제2025-1219호(토지거래허가구역 지정 공고문)
마포구,구수동,2027-01-01,지정 종료,서울전역아파트,국토교통부공고제2025-1219호(토지거래허가구역 지정 공고문)
마포구,노고산동,2027-01-01,지정 종료,서울전역아파트,국토교통부공고제2025-1219호(토지거래허가구역 지정 공고문)
마포구,당인동,2027-01-01,지정 종료,서울전역아파트,국토교통부공고제2025-1219호(토지거래허가구역 지정 공고문)
마포구,도화동,2027-01-01,지정 종료,서울전역아파트,국토교통부공고제2025-1219호(토지거래허가구역 지정 공고문)
마포구,동교동,2027-01-01,지정 종료,서울전역아파트,국토교통부공고제2025-1219호(토지거래허가구역 지정 공고문)
마포구,마포동,2027-01-01,지정 종료,서울전역아파트,국토교통부공고제2025-1219호(토지거래허가구역 지정 공고문)
마포구,상수동,2027-01-01,지정 종료,서울전역아파트,국토교통부공고제2025-1219호(토지거래허가구역 지정 공고문)
마포구,상암동,2027-01-01,지정 종료,서울전역아파트|신규주택공급후보지,국토교통부공고제2025-1219호(토지거래허가구역 지정 공고문)|국토교통부공고제2026-1079호(토지거래허가구역 지정 공고)
마포구,서교동,2027-01-01,지정 종료,서울전역아파트,국토교통부공고제2025-1219호(토지거래허가구역 지정 공고문)
마포구,신공덕동,2027-01-01,지정 종료,서울전역아파트,국토교통부공고제2025-1219호(토지거래허가구역 지정 공고문)
마포구,신정동,2027-01-01,지정 종료,서울전역아파트,국토교통부공고제2025-1219호(토지거래허가구역 지정 공고문)
마포구,연남동,2027-01-01,지정 종료,서울전역아파트,국토교통부공고제2025-1219호(토지거래허가구역 지정 공고문)
마포구,염리동,2027-01-01,지정 종료,서울전역아파트,국토교통부공고제2025-1219호(토지거래허가구역 지정 공고문)
마포구,창전동,2027-01-01,지정 종료,모아타운|서울전역아파트|신속통합기획|정비사업후보지|주요재건축단지,국토교통부공고제2025-1219호(토지거래허가구역 지정 공고문)|시보20250409_p451-469
마포구,토정동,2027-01-01,지정 종료,서울전역아파트,국토교통부공고제2025-1219호(토지거래허가구역 지정 공고문)
마포구,하중동,2027-01-01,지정 종료,서울전역아파트,국토교통부공고제2025-1219호(토지거래허가구역 지정 공고문)
마포구,현석동,2027-01-01,지정 종료,서울전역아파트,국토교통부공고제2025-1219호(토지거래허가구역 지정 공고문)
서대문구,남가좌동,2027-01-01,지정 종료,서울전역아파트,국토교통부공고제2025-1219호(토지거래허가구역 지정 공고문)
서대문구,냉천동,2027-01-01,지정 종료,서울전역아파트,국토교통부공고제2025-1219호(토지거래허가구역 지정 공고문)
서대문구,대신동,2027-01-01,지정 종료,서울전역아파트,국토교통부공고제2025-1219호(토지거래허가구역 지정 공고문)
서대문구,대현동,2027-01-01,지정 종료,서울전역아파트,국토교통부공고제2025-1219호(토지거래허가구역 지정 공고문)
서대문구,미근동,2027-01-01,지정 종료,서울전역아파트,국토교통부공고제2025-1219호(토지거래허가구역 지정 공고문)
서대문구,봉원동,2027-01-01,지정 종료,서울전역아파트,국토교통부공고제2025-1219호(토지거래허가구역 지정 공고문)
서대문구,북아현동,2027-01-01,지정 종료,서울전역아파트,국토교통부공고제2025-1219호(토지거래허가구역 지정 공고문)
서대문구,신촌동,2027-01-01,지정 종료,서울전역아파트,국토교통부공고제2025-1219호(토지거래허가구역 지정 공고문)
서대문구,영천동,2027-01-01,지정 종료,서울전역아파트,국토교통부공고제2025-1219호(토지거래허가구역 지정 공고문)
서대문구,창천동,2027-01-01,지정 종료,서울전역아파트,국토교통부공고제2025-1219호(토지거래허가구역 지정 공고문)
서대문구,충정로2가,2027-01-01,지정 종료,서울전역아파트,국토교통부공고제2025-1219호(토지거래허가구역 지정 공고문)
서대문구,합동,2027-01-01,지정 종료,서울전역아파트,국토교통부공고제2025-1219호(토지거래허가구역 지정 공고문)
서초구,내곡동,2027-01-01,지정 종료,서울전역아파트|신규주택공급후보지,국토교통부공고제2025-1219호(토지거래허가구역 지정 공고문)|국토교통부공고제2026-1079호(토지거래허가구역 지정 공고)
서초구,반포동,2027-01-01,지정 종료,서울전역아파트,국토교통부공고제2025-1219호(토지거래허가구역 지정 공고문)
서초구,방배동,2027-01-01,지정 종료,서울전역아파트|신규주택공급후보지,국토교통부공고제2025-1219호(토지거래허가구역 지정 공고문)|국토교통부공고제2026-1079호(토지거래허가구역 지정 공고)
서초구,신원동,2027-01-01,지정 종료,서울전역아파트|신규주택공급후보지,국토교통부공고제2025-1219호(토지거래허가구역 지정 공고문)|국토교통부공고제2026-1079호(토지거래허가구역 지정 공고)
서초구,염곡동,2027-01-01,지정 종료,서울전역아파트|신규주택공급후보지,국토교통부공고제2025-1219호(토지거래허가구역 지정 공고문)|국토교통부공고제2026-1079호(토지거래허가구역 지정 공고)
서초구,원지동,2027-01-01,지정 종료,서울전역아파트|신규주택공급후보지,국토교통부공고제2025-1219호(토지거래허가구역 지정 공고문)|국토교통부공고제2026-1079호(토지거래허가구역 지정 공고)
성동구,금호동2가,2027-01-01,지정 종료,서울전역아파트,국토교통부공고제2025-1219호(토지거래허가구역 지정 공고문)
성동구,금호동3가,2027-01-01,지정 종료,서울전역아파트,국토교통부공고제2025-1219호(토지거래허가구역 지정 공고문)
성동구,도선동,2027-01-01,지정 종료,서울전역아파트,국토교통부공고제2025-1219호(토지거래허가구역 지정 공고문)
성동구,상왕십리동,2027-01-01,지정 종료,서울전역아파트,국토교통부공고제2025-1219호(토지거래허가구역 지정 공고문)
성동구,성수동1가,2027-01-01,지정 종료,모아타운|서울전역아파트|신속통합기획|정비사업후보지|주요재건축단지,국토교통부공고제2025-1219호(토지거래허가구역 지정 공고문)|시보20210422_p253-257|시보20220420_p356-360|시보20230419_p263-267|시보20240418_p342-346|시보20
성동구,성수동2가,2027-01-01,지정 종료,모아타운|서울전역아파트|신속통합기획|정비사업후보지|주요재건축단지,국토교통부공고제2025-1219호(토지거래허가구역 지정 공고문)|시보20210422_p253-257|시보20220420_p356-360|시보20230419_p263-267|시보20240418_p342-346|시보20
성동구,옥수동,2027-01-01,지정 종료,서울전역아파트,국토교통부공고제2025-1219호(토지거래허가구역 지정 공고문)
성동구,응봉동,2027-01-01,지정 종료,서울전역아파트,국토교통부공고제2025-1219호(토지거래허가구역 지정 공고문)
성동구,하왕십리동,2027-01-01,지정 종료,서울전역아파트,국토교통부공고제2025-1219호(토지거래허가구역 지정 공고문)
성동구,홍익동,2027-01-01,지정 종료,서울전역아파트,국토교통부공고제2025-1219호(토지거래허가구역 지정 공고문)
성북구,길음동,2027-01-01,지정 종료,서울전역아파트,국토교통부공고제2025-1219호(토지거래허가구역 지정 공고문)
성북구,동선동1가,2027-01-01,지정 종료,서울전역아파트,국토교통부공고제2025-1219호(토지거래허가구역 지정 공고문)
성북구,동선동2가,2027-01-01,지정 종료,서울전역아파트,국토교통부공고제2025-1219호(토지거래허가구역 지정 공고문)
성북구,동선동3가,2027-01-01,지정 종료,서울전역아파트,국토교통부공고제2025-1219호(토지거래허가구역 지정 공고문)
성북구,동선동4가,2027-01-01,지정 종료,서울전역아파트,국토교통부공고제2025-1219호(토지거래허가구역 지정 공고문)
성북구,동선동5가,2027-01-01,지정 종료,서울전역아파트,국토교통부공고제2025-1219호(토지거래허가구역 지정 공고문)
성북구,동소문동1가,2027-01-01,지정 종료,서울전역아파트,국토교통부공고제2025-1219호(토지거래허가구역 지정 공고문)
성북구,동소문동2가,2027-01-01,지정 종료,서울전역아파트,국토교통부공고제2025-1219호(토지거래허가구역 지정 공고문)
성북구,동소문동3가,2027-01-01,지정 종료,서울전역아파트,국토교통부공고제2025-1219호(토지거래허가구역 지정 공고문)
성북구,동소문동4가,2027-01-01,지정 종료,서울전역아파트,국토교통부공고제2025-1219호(토지거래허가구역 지정 공고문)
성북구,동소문동5가,2027-01-01,지정 종료,서울전역아파트,국토교통부공고제2025-1219호(토지거래허가구역 지정 공고문)
성북구,동소문동6가,2027-01-01,지정 종료,서울전역아파트,국토교통부공고제2025-1219호(토지거래허가구역 지정 공고문)
성북구,동소문동7가,2027-01-01,지정 종료,서울전역아파트,국토교통부공고제2025-1219호(토지거래허가구역 지정 공고문)
성북구,보문동1가,2027-01-01,지정 종료,서울전역아파트,국토교통부공고제2025-1219호(토지거래허가구역 지정 공고문)
성북구,보문동2가,2027-01-01,지정 종료,서울전역아파트,국토교통부공고제2025-1219호(토지거래허가구역 지정 공고문)
성북구,보문동3가,2027-01-01,지정 종료,서울전역아파트,국토교통부공고제2025-1219호(토지거래허가구역 지정 공고문)
성북구,보문동4가,2027-01-01,지정 종료,서울전역아파트,국토교통부공고제2025-1219호(토지거래허가구역 지정 공고문)
성북구,보문동5가,2027-01-01,지정 종료,서울전역아파트,국토교통부공고제2025-1219호(토지거래허가구역 지정 공고문)
성북구,보문동6가,2027-01-01,지정 종료,서울전역아파트,국토교통부공고제2025-1219호(토지거래허가구역 지정 공고문)
성북구,보문동7가,2027-01-01,지정 종료,서울전역아파트,국토교통부공고제2025-1219호(토지거래허가구역 지정 공고문)
성북구,삼선동2가,2027-01-01,지정 종료,서울전역아파트,국토교통부공고제2025-1219호(토지거래허가구역 지정 공고문)
성북구,삼선동4가,2027-01-01,지정 종료,서울전역아파트,국토교통부공고제2025-1219호(토지거래허가구역 지정 공고문)
성북구,삼선동5가,2027-01-01,지정 종료,서울전역아파트,국토교통부공고제2025-1219호(토지거래허가구역 지정 공고문)
성북구,상월곡동,2027-01-01,지정 종료,서울전역아파트,국토교통부공고제2025-1219호(토지거래허가구역 지정 공고문)
성북구,성북동1가,2027-01-01,지정 종료,서울전역아파트,국토교통부공고제2025-1219호(토지거래허가구역 지정 공고문)
성북구,안암동1가,2027-01-01,지정 종료,서울전역아파트,국토교통부공고제2025-1219호(토지거래허가구역 지정 공고문)
성북구,안암동2가,2027-01-01,지정 종료,서울전역아파트,국토교통부공고제2025-1219호(토지거래허가구역 지정 공고문)
성북구,안암동3가,2027-01-01,지정 종료,서울전역아파트,국토교통부공고제2025-1219호(토지거래허가구역 지정 공고문)
성북구,안암동4가,2027-01-01,지정 종료,서울전역아파트,국토교통부공고제2025-1219호(토지거래허가구역 지정 공고문)
성북구,안암동5가,2027-01-01,지정 종료,서울전역아파트,국토교통부공고제2025-1219호(토지거래허가구역 지정 공고문)
송파구,가락동,2027-01-01,지정 종료,서울전역아파트,국토교통부공고제2025-1219호(토지거래허가구역 지정 공고문)
송파구,문정동,2027-01-01,지정 종료,서울전역아파트,국토교통부공고제2025-1219호(토지거래허가구역 지정 공고문)
송파구,삼전동,2027-01-01,지정 종료,서울전역아파트,국토교통부공고제2025-1219호(토지거래허가구역 지정 공고문)
송파구,석촌동,2027-01-01,지정 종료,서울전역아파트,국토교통부공고제2025-1219호(토지거래허가구역 지정 공고문)
송파구,장지동,2027-01-01,지정 종료,서울전역아파트,국토교통부공고제2025-1219호(토지거래허가구역 지정 공고문)
영등포구,당산동,2027-01-01,지정 종료,서울전역아파트,국토교통부공고제2025-1219호(토지거래허가구역 지정 공고문)
영등포구,당산동1가,2027-01-01,지정 종료,서울전역아파트,국토교통부공고제2025-1219호(토지거래허가구역 지정 공고문)
영등포구,당산동2가,2027-01-01,지정 종료,서울전역아파트,국토교통부공고제2025-1219호(토지거래허가구역 지정 공고문)
영등포구,당산동3가,2027-01-01,지정 종료,서울전역아파트,국토교통부공고제2025-1219호(토지거래허가구역 지정 공고문)
영등포구,당산동4가,2027-01-01,지정 종료,서울전역아파트,국토교통부공고제2025-1219호(토지거래허가구역 지정 공고문)
영등포구,당산동5가,2027-01-01,지정 종료,서울전역아파트,국토교통부공고제2025-1219호(토지거래허가구역 지정 공고문)
영등포구,문래동1가,2027-01-01,지정 종료,서울전역아파트,국토교통부공고제2025-1219호(토지거래허가구역 지정 공고문)
영등포구,문래동2가,2027-01-01,지정 종료,서울전역아파트,국토교통부공고제2025-1219호(토지거래허가구역 지정 공고문)
영등포구,문래동3가,2027-01-01,지정 종료,서울전역아파트,국토교통부공고제2025-1219호(토지거래허가구역 지정 공고문)
영등포구,문래동4가,2027-01-01,지정 종료,서울전역아파트,국토교통부공고제2025-1219호(토지거래허가구역 지정 공고문)
영등포구,문래동5가,2027-01-01,지정 종료,서울전역아파트,국토교통부공고제2025-1219호(토지거래허가구역 지정 공고문)
영등포구,문래동6가,2027-01-01,지정 종료,서울전역아파트,국토교통부공고제2025-1219호(토지거래허가구역 지정 공고문)
영등포구,양평동,2027-01-01,지정 종료,서울전역아파트,국토교통부공고제2025-1219호(토지거래허가구역 지정 공고문)
영등포구,양평동1가,2027-01-01,지정 종료,서울전역아파트,국토교통부공고제2025-1219호(토지거래허가구역 지정 공고문)
영등포구,양평동3가,2027-01-01,지정 종료,서울전역아파트,국토교통부공고제2025-1219호(토지거래허가구역 지정 공고문)
영등포구,양평동4가,2027-01-01,지정 종료,서울전역아파트,국토교통부공고제2025-1219호(토지거래허가구역 지정 공고문)
영등포구,양평동5가,2027-01-01,지정 종료,서울전역아파트,국토교통부공고제2025-1219호(토지거래허가구역 지정 공고문)
영등포구,양평동6가,2027-01-01,지정 종료,서울전역아파트,국토교통부공고제2025-1219호(토지거래허가구역 지정 공고문)
영등포구,양화동,2027-01-01,지정 종료,서울전역아파트,국토교통부공고제2025-1219호(토지거래허가구역 지정 공고문)
영등포구,여의도동,2027-01-01,지정 종료,모아타운|서울전역아파트|신속통합기획|정비사업후보지|주요재건축단지,국토교통부공고제2025-1219호(토지거래허가구역 지정 공고문)|시보20210422_p253-257|시보20220420_p356-360|시보20230419_p263-267|시보20240418_p342-346|시보20
영등포구,영등포동,2027-01-01,지정 종료,서울전역아파트,국토교통부공고제2025-1219호(토지거래허가구역 지정 공고문)
영등포구,영등포동1가,2027-01-01,지정 종료,서울전역아파트,국토교통부공고제2025-1219호(토지거래허가구역 지정 공고문)
영등포구,영등포동2가,2027-01-01,지정 종료,서울전역아파트,국토교통부공고제2025-1219호(토지거래허가구역 지정 공고문)
영등포구,영등포동3가,2027-01-01,지정 종료,서울전역아파트,국토교통부공고제2025-1219호(토지거래허가구역 지정 공고문)
영등포구,영등포동4가,2027-01-01,지정 종료,서울전역아파트,국토교통부공고제2025-1219호(토지거래허가구역 지정 공고문)
영등포구,영등포동5가,2027-01-01,지정 종료,서울전역아파트,국토교통부공고제2025-1219호(토지거래허가구역 지정 공고문)
영등포구,영등포동6가,2027-01-01,지정 종료,서울전역아파트,국토교통부공고제2025-1219호(토지거래허가구역 지정 공고문)
영등포구,영등포동7가,2027-01-01,지정 종료,서울전역아파트,국토교통부공고제2025-1219호(토지거래허가구역 지정 공고문)
영등포구,영등포동8가,2027-01-01,지정 종료,서울전역아파트,국토교통부공고제2025-1219호(토지거래허가구역 지정 공고문)
동대문구,신설동,2027-01-29,지정 종료,공공재개발|모아타운|서울전역아파트|신속통합기획|정비사업후보지|주요재건축단지,국토교통부공고제2025-1219호(토지거래허가구역 지정 공고문)|시보20240118_p119-141|시보20241218_p364-437|시보20251217_p614-692
동대문구,용두동,2027-01-29,지정 종료,공공재개발|모아타운|서울전역아파트|신속통합기획|정비사업후보지|주요재건축단지,국토교통부공고제2025-1219호(토지거래허가구역 지정 공고문)|시보20220826_p38-82|시보20221230_p179-233|시보20231220_p249-307|시보20240118_p119-141|시보2024
동대문구,청량리동,2027-01-29,지정 종료,공공재개발|모아타운|서울전역아파트|신속통합기획|정비사업후보지|주요재건축단지,국토교통부공고제2025-1219호(토지거래허가구역 지정 공고문)|시보20241218_p364-437|시보20251217_p614-692
마포구,신수동,2027-01-29,지정 종료,공공재개발|서울전역아파트|신속통합기획|정비사업후보지,국토교통부공고제2025-1219호(토지거래허가구역 지정 공고문)|시보20251231_p134-146
송파구,송파동,2027-01-29,지정 종료,공공재개발|모아타운|미분류|서울전역아파트|신속통합기획|정비사업후보지|주요재건축단지,국토교통부공고제2025-1219호(토지거래허가구역 지정 공고문)|시보20220124_p7-53|시보20230118_p234-257|시보20240118_p119-141|시보20241218_p364-437|시보20251
송파구,신천동,2027-01-29,지정 종료,공공재개발|모아타운|미분류|서울전역아파트|신속통합기획|정비사업후보지|주요재건축단지,국토교통부공고제2025-1219호(토지거래허가구역 지정 공고문)|시보20220124_p7-53|시보20230118_p234-257|시보20240118_p119-141|시보20241218_p364-437|시보20251
영등포구,당산동6가,2027-01-29,지정 종료,공공재개발|모아타운|서울전역아파트|신속통합기획|정비사업후보지|주요재건축단지,국토교통부공고제2025-1219호(토지거래허가구역 지정 공고문)|시보20241218_p364-437|시보20251217_p614-692
영등포구,대림동,2027-01-29,지정 종료,공공재개발|모아타운|서울전역아파트|신속통합기획|정비사업후보지|주요재건축단지,국토교통부공고제2025-1219호(토지거래허가구역 지정 공고문)|시보20241218_p364-437|시보20251217_p614-692
영등포구,양평동2가,2027-01-29,지정 종료,공공재개발|모아타운|서울전역아파트|신속통합기획|정비사업후보지|주요재건축단지,국토교통부공고제2025-1219호(토지거래허가구역 지정 공고문)|시보20240118_p119-141|시보20241218_p364-437|시보20251217_p614-692
동대문구,전농동,2027-04-04,지정 종료,공공재개발|모아타운|미분류|서울전역아파트|신속통합기획|정비사업후보지|주요재건축단지,국토교통부공고제2025-1219호(토지거래허가구역 지정 공고문)|시보20210330_p16-33|시보20220124_p7-53|시보20220323_p91-108|시보20221230_p179-233|시보20230118
동작구,본동,2027-04-04,지정 종료,공공재개발|서울전역아파트|신속통합기획|정비사업후보지,국토교통부공고제2025-1219호(토지거래허가구역 지정 공고문)|시보20210330_p16-33|시보20220323_p91-108|시보20230322_p181-205|시보20240320_p339-342|시보20250
서대문구,충정로3가,2027-04-04,지정 종료,공공재개발|서울전역아파트|신속통합기획|정비사업후보지,국토교통부공고제2025-1219호(토지거래허가구역 지정 공고문)|시보20210330_p16-33|시보20220323_p91-108|시보20230322_p181-205|시보20240320_p339-342|시보20250
성북구,성북동,2027-04-04,지정 종료,공공재개발|국제교류복합지구|모아타운|서울전역아파트|신규주택공급후보지|신속통합기획|정비사업후보지|주요재건축단지,국토교통부공고제2025-1219호(토지거래허가구역 지정 공고문)|국토교통부공고제2026-1079호(토지거래허가구역 지정 공고)|시보20210330_p16-33|시보20220323_p91-108|시보20220826_p
송파구,거여동,2027-04-04,지정 종료,공공재개발|서울전역아파트|신속통합기획|정비사업후보지,국토교통부공고제2025-1219호(토지거래허가구역 지정 공고문)|시보20210330_p16-33|시보20220323_p91-108|시보20230322_p181-205|시보20240320_p339-342|시보20250
강남구,개포동,2027-08-26,지정 종료,공공재개발|모아타운|서울전역아파트|신규주택공급후보지|신속통합기획|외국인|정비사업후보지|주요재건축단지,국토교통부공고제2025-1058호(토지거래허가구역 지정 공고)|국토교통부공고제2025-1219호(토지거래허가구역 지정 공고문)|국토교통부공고제2026-1079호(토지거래허가구역 지정 공고)|국토교통부공고제2026-1
강남구,논현동,2027-08-26,지정 종료,서울전역아파트|외국인|주요재건축단지,국토교통부공고제2025-1058호(토지거래허가구역 지정 공고)|국토교통부공고제2025-1219호(토지거래허가구역 지정 공고문)|국토교통부공고제2026-1105호(토지거래허가구역 재지정 공고)
강남구,대치동,2027-08-26,지정 종료,서울전역아파트|외국인|주요재건축단지,국토교통부공고제2025-1058호(토지거래허가구역 지정 공고)|국토교통부공고제2025-1219호(토지거래허가구역 지정 공고문)|국토교통부공고제2026-1105호(토지거래허가구역 재지정 공고)
강남구,도곡동,2027-08-26,지정 종료,서울전역아파트|외국인|주요재건축단지,국토교통부공고제2025-1058호(토지거래허가구역 지정 공고)|국토교통부공고제2025-1219호(토지거래허가구역 지정 공고문)|국토교통부공고제2026-1105호(토지거래허가구역 재지정 공고)
강남구,세곡동,2027-08-26,지정 종료,서울전역아파트|신규주택공급후보지|외국인|주요재건축단지,국토교통부공고제2025-1058호(토지거래허가구역 지정 공고)|국토교통부공고제2025-1219호(토지거래허가구역 지정 공고문)|국토교통부공고제2026-1079호(토지거래허가구역 지정 공고)|국토교통부공고제2026-1
강남구,수서동,2027-08-26,지정 종료,서울전역아파트|신규주택공급후보지|외국인|주요재건축단지,국토교통부공고제2025-1058호(토지거래허가구역 지정 공고)|국토교통부공고제2025-1219호(토지거래허가구역 지정 공고문)|국토교통부공고제2026-1079호(토지거래허가구역 지정 공고)|국토교통부공고제2026-1
강남구,신사동,2027-08-26,지정 종료,서울전역아파트|외국인|주요재건축단지,국토교통부공고제2025-1058호(토지거래허가구역 지정 공고)|국토교통부공고제2025-1219호(토지거래허가구역 지정 공고문)|국토교통부공고제2026-1105호(토지거래허가구역 재지정 공고)
강남구,압구정동,2027-08-26,지정 종료,모아타운|서울전역아파트|신속통합기획|외국인|정비사업후보지|주요재건축단지,국토교통부공고제2025-1058호(토지거래허가구역 지정 공고)|국토교통부공고제2025-1219호(토지거래허가구역 지정 공고문)|국토교통부공고제2026-1105호(토지거래허가구역 재지정 공고)|시보20210422_p2
강남구,역삼동,2027-08-26,지정 종료,서울전역아파트|외국인|주요재건축단지,국토교통부공고제2025-1058호(토지거래허가구역 지정 공고)|국토교통부공고제2025-1219호(토지거래허가구역 지정 공고문)|국토교통부공고제2026-1105호(토지거래허가구역 재지정 공고)
강남구,율현동,2027-08-26,지정 종료,국제교류복합지구|서울전역아파트|신규주택공급후보지|외국인|주요재건축단지,국토교통부공고제2025-1058호(토지거래허가구역 지정 공고)|국토교통부공고제2025-1219호(토지거래허가구역 지정 공고문)|국토교통부공고제2026-1079호(토지거래허가구역 지정 공고)|국토교통부공고제2026-1
강남구,일원동,2027-08-26,지정 종료,공공재개발|국제교류복합지구|모아타운|서울전역아파트|신규주택공급후보지|신속통합기획|외국인|정비사업후보지|주요재건축단지,국토교통부공고제2025-1058호(토지거래허가구역 지정 공고)|국토교통부공고제2025-1219호(토지거래허가구역 지정 공고문)|국토교통부공고제2026-1079호(토지거래허가구역 지정 공고)|국토교통부공고제2026-1
강남구,자곡동,2027-08-26,지정 종료,국제교류복합지구|서울전역아파트|신규주택공급후보지|외국인|주요재건축단지,국토교통부공고제2025-1058호(토지거래허가구역 지정 공고)|국토교통부공고제2025-1219호(토지거래허가구역 지정 공고문)|국토교통부공고제2026-1079호(토지거래허가구역 지정 공고)|국토교통부공고제2026-1
강남구,청담동,2027-08-26,지정 종료,공공재개발|국제교류복합지구|서울전역아파트|신속통합기획|외국인|정비사업후보지|주요재건축단지,국토교통부공고제2025-1058호(토지거래허가구역 지정 공고)|국토교통부공고제2025-1219호(토지거래허가구역 지정 공고문)|국토교통부공고제2026-1105호(토지거래허가구역 재지정 공고)|시보2020호3590_p
강동구,강일동,2027-08-26,지정 종료,서울전역아파트|외국인|주요재건축단지,국토교통부공고제2025-1058호(토지거래허가구역 지정 공고)|국토교통부공고제2025-1219호(토지거래허가구역 지정 공고문)|국토교통부공고제2026-1105호(토지거래허가구역 재지정 공고)
강동구,고덕동,2027-08-26,지정 종료,서울전역아파트|외국인|주요재건축단지,국토교통부공고제2025-1058호(토지거래허가구역 지정 공고)|국토교통부공고제2025-1219호(토지거래허가구역 지정 공고문)|국토교통부공고제2026-1105호(토지거래허가구역 재지정 공고)
강동구,길동,2027-08-26,지정 종료,서울전역아파트|외국인|주요재건축단지,국토교통부공고제2025-1058호(토지거래허가구역 지정 공고)|국토교통부공고제2025-1219호(토지거래허가구역 지정 공고문)|국토교통부공고제2026-1105호(토지거래허가구역 재지정 공고)
강동구,명일동,2027-08-26,지정 종료,공공재개발|국제교류복합지구|모아타운|미분류|서울전역아파트|신속통합기획|외국인|정비사업후보지|주요재건축단지,국토교통부공고제2025-1058호(토지거래허가구역 지정 공고)|국토교통부공고제2025-1219호(토지거래허가구역 지정 공고문)|국토교통부공고제2026-1105호(토지거래허가구역 재지정 공고)|시보20220124_p7
강동구,상일동,2027-08-26,지정 종료,서울전역아파트|외국인|주요재건축단지,국토교통부공고제2025-1058호(토지거래허가구역 지정 공고)|국토교통부공고제2025-1219호(토지거래허가구역 지정 공고문)|국토교통부공고제2026-1105호(토지거래허가구역 재지정 공고)
강동구,성내동,2027-08-26,지정 종료,서울전역아파트|외국인|주요재건축단지,국토교통부공고제2025-1058호(토지거래허가구역 지정 공고)|국토교통부공고제2025-1219호(토지거래허가구역 지정 공고문)|국토교통부공고제2026-1105호(토지거래허가구역 재지정 공고)
강북구,우이동,2027-08-26,지정 종료,서울전역아파트|신규주택공급후보지|외국인|주요재건축단지,국토교통부공고제2025-1058호(토지거래허가구역 지정 공고)|국토교통부공고제2025-1219호(토지거래허가구역 지정 공고문)|국토교통부공고제2026-1079호(토지거래허가구역 지정 공고)|국토교통부공고제2026-1
강서구,가양동,2027-08-26,지정 종료,서울전역아파트|외국인|주요재건축단지,국토교통부공고제2025-1058호(토지거래허가구역 지정 공고)|국토교통부공고제2025-1219호(토지거래허가구역 지정 공고문)|국토교통부공고제2026-1105호(토지거래허가구역 재지정 공고)
강서구,개화동,2027-08-26,지정 종료,서울전역아파트|외국인|주요재건축단지,국토교통부공고제2025-1058호(토지거래허가구역 지정 공고)|국토교통부공고제2025-1219호(토지거래허가구역 지정 공고문)|국토교통부공고제2026-1105호(토지거래허가구역 재지정 공고)
강서구,과해동,2027-08-26,지정 종료,서울전역아파트|외국인|주요재건축단지,국토교통부공고제2025-1058호(토지거래허가구역 지정 공고)|국토교통부공고제2025-1219호(토지거래허가구역 지정 공고문)|국토교통부공고제2026-1105호(토지거래허가구역 재지정 공고)
강서구,내발산동,2027-08-26,지정 종료,서울전역아파트|외국인|주요재건축단지,국토교통부공고제2025-1058호(토지거래허가구역 지정 공고)|국토교통부공고제2025-1219호(토지거래허가구역 지정 공고문)|국토교통부공고제2026-1105호(토지거래허가구역 재지정 공고)
강서구,마곡동,2027-08-26,지정 종료,서울전역아파트|외국인|주요재건축단지,국토교통부공고제2025-1058호(토지거래허가구역 지정 공고)|국토교통부공고제2025-1219호(토지거래허가구역 지정 공고문)|국토교통부공고제2026-1105호(토지거래허가구역 재지정 공고)
강서구,염창동,2027-08-26,지정 종료,서울전역아파트|외국인|주요재건축단지,국토교통부공고제2025-1058호(토지거래허가구역 지정 공고)|국토교통부공고제2025-1219호(토지거래허가구역 지정 공고문)|국토교통부공고제2026-1105호(토지거래허가구역 재지정 공고)
강서구,오곡동,2027-08-26,지정 종료,서울전역아파트|신규주택공급후보지|외국인|주요재건축단지,국토교통부공고제2025-1058호(토지거래허가구역 지정 공고)|국토교통부공고제2025-1219호(토지거래허가구역 지정 공고문)|국토교통부공고제2026-1079호(토지거래허가구역 지정 공고)|국토교통부공고제2026-1
강서구,오쇠동,2027-08-26,지정 종료,서울전역아파트|신규주택공급후보지|외국인|주요재건축단지,국토교통부공고제2025-1058호(토지거래허가구역 지정 공고)|국토교통부공고제2025-1219호(토지거래허가구역 지정 공고문)|국토교통부공고제2026-1079호(토지거래허가구역 지정 공고)|국토교통부공고제2026-1
강서구,외발산동,2027-08-26,지정 종료,서울전역아파트|신규주택공급후보지|외국인|주요재건축단지,국토교통부공고제2025-1058호(토지거래허가구역 지정 공고)|국토교통부공고제2025-1219호(토지거래허가구역 지정 공고문)|국토교통부공고제2026-1079호(토지거래허가구역 지정 공고)|국토교통부공고제2026-1
관악구,남현동,2027-08-26,지정 종료,서울전역아파트|신규주택공급후보지|외국인|주요재건축단지,국토교통부공고제2025-1058호(토지거래허가구역 지정 공고)|국토교통부공고제2025-1219호(토지거래허가구역 지정 공고문)|국토교통부공고제2026-1079호(토지거래허가구역 지정 공고)|국토교통부공고제2026-1
광진구,군자동,2027-08-26,지정 종료,서울전역아파트|외국인|주요재건축단지,국토교통부공고제2025-1058호(토지거래허가구역 지정 공고)|국토교통부공고제2025-1219호(토지거래허가구역 지정 공고문)|국토교통부공고제2026-1105호(토지거래허가구역 재지정 공고)
광진구,능동,2027-08-26,지정 종료,서울전역아파트|외국인|주요재건축단지,국토교통부공고제2025-1058호(토지거래허가구역 지정 공고)|국토교통부공고제2025-1219호(토지거래허가구역 지정 공고문)|국토교통부공고제2026-1105호(토지거래허가구역 재지정 공고)
광진구,화양동,2027-08-26,지정 종료,서울전역아파트|외국인|주요재건축단지,국토교통부공고제2025-1058호(토지거래허가구역 지정 공고)|국토교통부공고제2025-1219호(토지거래허가구역 지정 공고문)|국토교통부공고제2026-1105호(토지거래허가구역 재지정 공고)
구로구,궁동,2027-08-26,지정 종료,공공재개발|모아타운|서울전역아파트|신규주택공급후보지|신속통합기획|외국인|정비사업후보지|주요재건축단지,국토교통부공고제2025-1058호(토지거래허가구역 지정 공고)|국토교통부공고제2025-1219호(토지거래허가구역 지정 공고문)|국토교통부공고제2026-1079호(토지거래허가구역 지정 공고)|국토교통부공고제2026-1
구로구,신도림동,2027-08-26,지정 종료,서울전역아파트|외국인|주요재건축단지,국토교통부공고제2025-1058호(토지거래허가구역 지정 공고)|국토교통부공고제2025-1219호(토지거래허가구역 지정 공고문)|국토교통부공고제2026-1105호(토지거래허가구역 재지정 공고)
구로구,오류동,2027-08-26,지정 종료,공공재개발|국제교류복합지구|서울전역아파트|신규주택공급후보지|신속통합기획|외국인|정비사업후보지|주요재건축단지,국토교통부공고제2025-1058호(토지거래허가구역 지정 공고)|국토교통부공고제2025-1219호(토지거래허가구역 지정 공고문)|국토교통부공고제2026-1079호(토지거래허가구역 지정 공고)|국토교통부공고제2026-1
구로구,천왕동,2027-08-26,지정 종료,서울전역아파트|신규주택공급후보지|외국인|주요재건축단지,국토교통부공고제2025-1058호(토지거래허가구역 지정 공고)|국토교통부공고제2025-1219호(토지거래허가구역 지정 공고문)|국토교통부공고제2026-1079호(토지거래허가구역 지정 공고)|국토교통부공고제2026-1
구로구,항동,2027-08-26,지정 종료,서울전역아파트|신규주택공급후보지|외국인|주요재건축단지,국토교통부공고제2025-1058호(토지거래허가구역 지정 공고)|국토교통부공고제2025-1219호(토지거래허가구역 지정 공고문)|국토교통부공고제2026-1079호(토지거래허가구역 지정 공고)|국토교통부공고제2026-1
용산구,갈월동,2027-08-26,지정 종료,서울전역아파트|외국인|주요재건축단지,국토교통부공고제2025-1219호(토지거래허가구역 지정 공고문)|국토교통부공고제2026-1105호(토지거래허가구역 재지정 공고)
용산구,남영동,2027-08-26,지정 종료,서울전역아파트|외국인|주요재건축단지,국토교통부공고제2025-1219호(토지거래허가구역 지정 공고문)|국토교통부공고제2026-1105호(토지거래허가구역 재지정 공고)
용산구,도원동,2027-08-26,지정 종료,서울전역아파트|외국인|주요재건축단지,국토교통부공고제2025-1219호(토지거래허가구역 지정 공고문)|국토교통부공고제2026-1105호(토지거래허가구역 재지정 공고)
용산구,동빙고동,2027-08-26,지정 종료,서울전역아파트|외국인|주요재건축단지,국토교통부공고제2025-1219호(토지거래허가구역 지정 공고문)|국토교통부공고제2026-1105호(토지거래허가구역 재지정 공고)
용산구,동자동,2027-08-26,지정 종료,서울전역아파트|외국인|주요재건축단지,국토교통부공고제2025-1219호(토지거래허가구역 지정 공고문)|국토교통부공고제2026-1105호(토지거래허가구역 재지정 공고)
용산구,문배동,2027-08-26,지정 종료,서울전역아파트|외국인|주요재건축단지,국토교통부공고제2025-1219호(토지거래허가구역 지정 공고문)|국토교통부공고제2026-1105호(토지거래허가구역 재지정 공고)
용산구,보광동,2027-08-26,지정 종료,서울전역아파트|외국인|주요재건축단지,국토교통부공고제2025-1219호(토지거래허가구역 지정 공고문)|국토교통부공고제2026-1105호(토지거래허가구역 재지정 공고)
용산구,신계동,2027-08-26,지정 종료,서울전역아파트|외국인|주요재건축단지,국토교통부공고제2025-1219호(토지거래허가구역 지정 공고문)|국토교통부공고제2026-1105호(토지거래허가구역 재지정 공고)
용산구,용문동,2027-08-26,지정 종료,서울전역아파트|외국인|주요재건축단지,국토교통부공고제2025-1219호(토지거래허가구역 지정 공고문)|국토교통부공고제2026-1105호(토지거래허가구역 재지정 공고)
용산구,용산동1가,2027-08-26,지정 종료,서울전역아파트|외국인|주요재건축단지,국토교통부공고제2025-1219호(토지거래허가구역 지정 공고문)|국토교통부공고제2026-1105호(토지거래허가구역 재지정 공고)
용산구,용산동3가,2027-08-26,지정 종료,서울전역아파트|외국인|용산정비창|주요재건축단지,국토교통부공고제2025-1219호(토지거래허가구역 지정 공고문)|국토교통부공고제2025-1583호(토지거래허가구역 재지정 공고문)|국토교통부공고제2026-1105호(토지거래허가구역 재지정 공고)
용산구,용산동4가,2027-08-26,지정 종료,서울전역아파트|외국인|주요재건축단지,국토교통부공고제2025-1219호(토지거래허가구역 지정 공고문)|국토교통부공고제2026-1105호(토지거래허가구역 재지정 공고)
용산구,용산동5가,2027-08-26,지정 종료,서울전역아파트|외국인|주요재건축단지,국토교통부공고제2025-1219호(토지거래허가구역 지정 공고문)|국토교통부공고제2026-1105호(토지거래허가구역 재지정 공고)
용산구,용산동6가,2027-08-26,지정 종료,서울전역아파트|외국인|주요재건축단지,국토교통부공고제2025-1219호(토지거래허가구역 지정 공고문)|국토교통부공고제2026-1105호(토지거래허가구역 재지정 공고)
용산구,원효로1가,2027-08-26,지정 종료,서울전역아파트|외국인|주요재건축단지,국토교통부공고제2025-1219호(토지거래허가구역 지정 공고문)|국토교통부공고제2026-1105호(토지거래허가구역 재지정 공고)
용산구,원효로2가,2027-08-26,지정 종료,서울전역아파트|외국인|주요재건축단지,국토교통부공고제2025-1219호(토지거래허가구역 지정 공고문)|국토교통부공고제2026-1105호(토지거래허가구역 재지정 공고)
용산구,원효로3가,2027-08-26,지정 종료,서울전역아파트|외국인|주요재건축단지,국토교통부공고제2025-1219호(토지거래허가구역 지정 공고문)|국토교통부공고제2026-1105호(토지거래허가구역 재지정 공고)
용산구,이촌동,2027-08-26,지정 종료,미분류|서울전역아파트|외국인|용산정비창|자연녹지|주요재건축단지,국토교통부공고제2020-657호(토지거래허가구역 지정)|국토교통부공고제2021-658호(토지거래허가구역 재지정 공고)|국토교통부공고제2022-532호(토지거래허가구역 재지정 공고)|국토교통부공고제2023-487호(토
용산구,이태원동,2027-08-26,지정 종료,공공재개발|서울전역아파트|신속통합기획|외국인|정비사업후보지|주요재건축단지,국토교통부공고제2025-1219호(토지거래허가구역 지정 공고문)|국토교통부공고제2026-1105호(토지거래허가구역 재지정 공고)|시보20250314_p3-51|시보20251106_p1135-1144|시보2026031
용산구,주성동,2027-08-26,지정 종료,서울전역아파트|외국인|주요재건축단지,국토교통부공고제2025-1219호(토지거래허가구역 지정 공고문)|국토교통부공고제2026-1105호(토지거래허가구역 재지정 공고)
용산구,청암동,2027-08-26,지정 종료,서울전역아파트|외국인|주요재건축단지,국토교통부공고제2025-1219호(토지거래허가구역 지정 공고문)|국토교통부공고제2026-1105호(토지거래허가구역 재지정 공고)
용산구,청파동1가,2027-08-26,지정 종료,공공재개발|모아타운|서울전역아파트|신속통합기획|외국인|정비사업후보지|주요재건축단지,국토교통부공고제2025-1219호(토지거래허가구역 지정 공고문)|국토교통부공고제2026-1105호(토지거래허가구역 재지정 공고)|시보20241218_p364-437|시보20251217_p614-692
용산구,청파동2가,2027-08-26,지정 종료,서울전역아파트|외국인|주요재건축단지,국토교통부공고제2025-1219호(토지거래허가구역 지정 공고문)|국토교통부공고제2026-1105호(토지거래허가구역 재지정 공고)
용산구,청파동3가,2027-08-26,지정 종료,서울전역아파트|외국인|주요재건축단지,국토교통부공고제2025-1219호(토지거래허가구역 지정 공고문)|국토교통부공고제2026-1105호(토지거래허가구역 재지정 공고)
용산구,한강로1가,2027-08-26,지정 종료,서울전역아파트|외국인|용산정비창|주요재건축단지,국토교통부공고제2022-532호(토지거래허가구역 재지정 공고)|국토교통부공고제2023-487호(토지거래허가구역 재지정 공고)|국토교통부공고제2024-703호(토지거래허가구역 조정 공고)|국토교통부공고제2025-121
용산구,한강로2가,2027-08-26,지정 종료,공공재개발|국제교류복합지구|서울전역아파트|신속통합기획|외국인|정비사업후보지|주요재건축단지,국토교통부공고제2025-1219호(토지거래허가구역 지정 공고문)|국토교통부공고제2026-1105호(토지거래허가구역 재지정 공고)|시보20250925_p151-164
용산구,한강로3가,2027-08-26,지정 종료,공공재개발|국제교류복합지구|서울전역아파트|신속통합기획|외국인|용산정비창|정비사업후보지|주요재건축단지,국토교통부공고제2022-532호(토지거래허가구역 재지정 공고)|국토교통부공고제2023-487호(토지거래허가구역 재지정 공고)|국토교통부공고제2024-703호(토지거래허가구역 조정 공고)|국토교통부공고제2025-121
용산구,한남동,2027-08-26,지정 종료,공공재개발|국제교류복합지구|서울전역아파트|신속통합기획|외국인|정비사업후보지|주요재건축단지,국토교통부공고제2025-1219호(토지거래허가구역 지정 공고문)|국토교통부공고제2026-1105호(토지거래허가구역 재지정 공고)|시보20250925_p151-164
용산구,효창동,2027-08-26,지정 종료,공공재개발|국제교류복합지구|서울전역아파트|신속통합기획|외국인|정비사업후보지|주요재건축단지,국토교통부공고제2025-1219호(토지거래허가구역 지정 공고문)|국토교통부공고제2026-1105호(토지거래허가구역 재지정 공고)|시보20250319_p3-8|시보20250925_p151-164
은평구,구산동,2027-08-26,지정 종료,서울전역아파트|외국인|주요재건축단지,국토교통부공고제2025-1219호(토지거래허가구역 지정 공고문)|국토교통부공고제2026-1105호(토지거래허가구역 재지정 공고)
은평구,수색동,2027-08-26,지정 종료,서울전역아파트|외국인|주요재건축단지,국토교통부공고제2025-1219호(토지거래허가구역 지정 공고문)|국토교통부공고제2026-1105호(토지거래허가구역 재지정 공고)
은평구,신사동,2027-08-26,지정 종료,공공재개발|모아타운|서울전역아파트|신속통합기획|외국인|정비사업후보지|주요재건축단지,국토교통부공고제2025-1219호(토지거래허가구역 지정 공고문)|국토교통부공고제2026-1105호(토지거래허가구역 재지정 공고)|시보20241218_p364-437|시보20251217_p614-692|시보202512
은평구,역촌동,2027-08-26,지정 종료,서울전역아파트|신규주택공급후보지|외국인|주요재건축단지,국토교통부공고제2025-1219호(토지거래허가구역 지정 공고문)|국토교통부공고제2026-1079호(토지거래허가구역 지정 공고)|국토교통부공고제2026-1105호(토지거래허가구역 재지정 공고)
은평구,증산동,2027-08-26,지정 종료,서울전역아파트|외국인|주요재건축단지,국토교통부공고제2025-1219호(토지거래허가구역 지정 공고문)|국토교통부공고제2026-1105호(토지거래허가구역 재지정 공고)
은평구,진관동,2027-08-26,지정 종료,서울전역아파트|신규주택공급후보지|외국인|주요재건축단지,국토교통부공고제2025-1219호(토지거래허가구역 지정 공고문)|국토교통부공고제2026-1079호(토지거래허가구역 지정 공고)|국토교통부공고제2026-1105호(토지거래허가구역 재지정 공고)
종로구,가회동,2027-08-26,지정 종료,서울전역아파트|외국인|주요재건축단지,국토교통부공고제2025-1219호(토지거래허가구역 지정 공고문)|국토교통부공고제2026-1105호(토지거래허가구역 재지정 공고)
종로구,견지동,2027-08-26,지정 종료,서울전역아파트|외국인|주요재건축단지,국토교통부공고제2025-1219호(토지거래허가구역 지정 공고문)|국토교통부공고제2026-1105호(토지거래허가구역 재지정 공고)
종로구,경운동,2027-08-26,지정 종료,서울전역아파트|외국인|주요재건축단지,국토교통부공고제2025-1219호(토지거래허가구역 지정 공고문)|국토교통부공고제2026-1105호(토지거래허가구역 재지정 공고)
종로구,계동,2027-08-26,지정 종료,서울전역아파트|외국인|주요재건축단지,국토교통부공고제2025-1219호(토지거래허가구역 지정 공고문)|국토교통부공고제2026-1105호(토지거래허가구역 재지정 공고)
종로구,공평동,2027-08-26,지정 종료,서울전역아파트|외국인|주요재건축단지,국토교통부공고제2025-1219호(토지거래허가구역 지정 공고문)|국토교통부공고제2026-1105호(토지거래허가구역 재지정 공고)
종로구,관수동,2027-08-26,지정 종료,서울전역아파트|외국인|주요재건축단지,국토교통부공고제2025-1219호(토지거래허가구역 지정 공고문)|국토교통부공고제2026-1105호(토지거래허가구역 재지정 공고)
종로구,관철동,2027-08-26,지정 종료,서울전역아파트|외국인|주요재건축단지,국토교통부공고제2025-1219호(토지거래허가구역 지정 공고문)|국토교통부공고제2026-1105호(토지거래허가구역 재지정 공고)
종로구,관훈동,2027-08-26,지정 종료,서울전역아파트|외국인|주요재건축단지,국토교통부공고제2025-1219호(토지거래허가구역 지정 공고문)|국토교통부공고제2026-1105호(토지거래허가구역 재지정 공고)
종로구,교남동,2027-08-26,지정 종료,서울전역아파트|외국인|주요재건축단지,국토교통부공고제2025-1219호(토지거래허가구역 지정 공고문)|국토교통부공고제2026-1105호(토지거래허가구역 재지정 공고)
종로구,교북동,2027-08-26,지정 종료,서울전역아파트|외국인|주요재건축단지,국토교통부공고제2025-1219호(토지거래허가구역 지정 공고문)|국토교통부공고제2026-1105호(토지거래허가구역 재지정 공고)
종로구,궁정동,2027-08-26,지정 종료,서울전역아파트|외국인|주요재건축단지,국토교통부공고제2025-1219호(토지거래허가구역 지정 공고문)|국토교통부공고제2026-1105호(토지거래허가구역 재지정 공고)
종로구,권농동,2027-08-26,지정 종료,서울전역아파트|외국인|주요재건축단지,국토교통부공고제2025-1219호(토지거래허가구역 지정 공고문)|국토교통부공고제2026-1105호(토지거래허가구역 재지정 공고)
종로구,낙원동,2027-08-26,지정 종료,서울전역아파트|외국인|주요재건축단지,국토교통부공고제2025-1219호(토지거래허가구역 지정 공고문)|국토교통부공고제2026-1105호(토지거래허가구역 재지정 공고)
종로구,내수동,2027-08-26,지정 종료,서울전역아파트|외국인|주요재건축단지,국토교통부공고제2025-1219호(토지거래허가구역 지정 공고문)|국토교통부공고제2026-1105호(토지거래허가구역 재지정 공고)
종로구,내자동,2027-08-26,지정 종료,서울전역아파트|외국인|주요재건축단지,국토교통부공고제2025-1219호(토지거래허가구역 지정 공고문)|국토교통부공고제2026-1105호(토지거래허가구역 재지정 공고)
종로구,누상동,2027-08-26,지정 종료,서울전역아파트|외국인|주요재건축단지,국토교통부공고제2025-1219호(토지거래허가구역 지정 공고문)|국토교통부공고제2026-1105호(토지거래허가구역 재지정 공고)
종로구,누하동,2027-08-26,지정 종료,서울전역아파트|외국인|주요재건축단지,국토교통부공고제2025-1219호(토지거래허가구역 지정 공고문)|국토교통부공고제2026-1105호(토지거래허가구역 재지정 공고)
종로구,당주동,2027-08-26,지정 종료,서울전역아파트|외국인|주요재건축단지,국토교통부공고제2025-1219호(토지거래허가구역 지정 공고문)|국토교통부공고제2026-1105호(토지거래허가구역 재지정 공고)
종로구,도렴동,2027-08-26,지정 종료,서울전역아파트|외국인|주요재건축단지,국토교통부공고제2025-1219호(토지거래허가구역 지정 공고문)|국토교통부공고제2026-1105호(토지거래허가구역 재지정 공고)
종로구,돈의동,2027-08-26,지정 종료,서울전역아파트|외국인|주요재건축단지,국토교통부공고제2025-1219호(토지거래허가구역 지정 공고문)|국토교통부공고제2026-1105호(토지거래허가구역 재지정 공고)
종로구,동숭동,2027-08-26,지정 종료,서울전역아파트|외국인|주요재건축단지,국토교통부공고제2025-1219호(토지거래허가구역 지정 공고문)|국토교통부공고제2026-1105호(토지거래허가구역 재지정 공고)
종로구,명륜1가,2027-08-26,지정 종료,서울전역아파트|외국인|주요재건축단지,국토교통부공고제2025-1219호(토지거래허가구역 지정 공고문)|국토교통부공고제2026-1105호(토지거래허가구역 재지정 공고)
종로구,명륜2가,2027-08-26,지정 종료,서울전역아파트|외국인|주요재건축단지,국토교통부공고제2025-1219호(토지거래허가구역 지정 공고문)|국토교통부공고제2026-1105호(토지거래허가구역 재지정 공고)
종로구,명륜3가,2027-08-26,지정 종료,서울전역아파트|외국인|주요재건축단지,국토교통부공고제2025-1219호(토지거래허가구역 지정 공고문)|국토교통부공고제2026-1105호(토지거래허가구역 재지정 공고)
종로구,명륜4가,2027-08-26,지정 종료,서울전역아파트|외국인|주요재건축단지,국토교통부공고제2025-1219호(토지거래허가구역 지정 공고문)|국토교통부공고제2026-1105호(토지거래허가구역 재지정 공고)
종로구,묘동,2027-08-26,지정 종료,서울전역아파트|외국인|주요재건축단지,국토교통부공고제2025-1219호(토지거래허가구역 지정 공고문)|국토교통부공고제2026-1105호(토지거래허가구역 재지정 공고)
종로구,무악동,2027-08-26,지정 종료,서울전역아파트|외국인|주요재건축단지,국토교통부공고제2025-1219호(토지거래허가구역 지정 공고문)|국토교통부공고제2026-1105호(토지거래허가구역 재지정 공고)
종로구,봉익동,2027-08-26,지정 종료,서울전역아파트|외국인|주요재건축단지,국토교통부공고제2025-1219호(토지거래허가구역 지정 공고문)|국토교통부공고제2026-1105호(토지거래허가구역 재지정 공고)
종로구,부암동,2027-08-26,지정 종료,서울전역아파트|외국인|주요재건축단지,국토교통부공고제2025-1219호(토지거래허가구역 지정 공고문)|국토교통부공고제2026-1105호(토지거래허가구역 재지정 공고)
종로구,사간동,2027-08-26,지정 종료,서울전역아파트|외국인|주요재건축단지,국토교통부공고제2025-1219호(토지거래허가구역 지정 공고문)|국토교통부공고제2026-1105호(토지거래허가구역 재지정 공고)
종로구,사직동,2027-08-26,지정 종료,서울전역아파트|외국인|주요재건축단지,국토교통부공고제2025-1219호(토지거래허가구역 지정 공고문)|국토교통부공고제2026-1105호(토지거래허가구역 재지정 공고)
종로구,삼청동,2027-08-26,지정 종료,서울전역아파트|외국인|주요재건축단지,국토교통부공고제2025-1219호(토지거래허가구역 지정 공고문)|국토교통부공고제2026-1105호(토지거래허가구역 재지정 공고)
종로구,서린동,2027-08-26,지정 종료,서울전역아파트|외국인|주요재건축단지,국토교통부공고제2025-1219호(토지거래허가구역 지정 공고문)|국토교통부공고제2026-1105호(토지거래허가구역 재지정 공고)
종로구,세종로,2027-08-26,지정 종료,서울전역아파트|외국인|주요재건축단지,국토교통부공고제2025-1219호(토지거래허가구역 지정 공고문)|국토교통부공고제2026-1105호(토지거래허가구역 재지정 공고)
종로구,소격동,2027-08-26,지정 종료,서울전역아파트|외국인|주요재건축단지,국토교통부공고제2025-1219호(토지거래허가구역 지정 공고문)|국토교통부공고제2026-1105호(토지거래허가구역 재지정 공고)
종로구,송월동,2027-08-26,지정 종료,서울전역아파트|외국인|주요재건축단지,국토교통부공고제2025-1219호(토지거래허가구역 지정 공고문)|국토교통부공고제2026-1105호(토지거래허가구역 재지정 공고)
종로구,송현동,2027-08-26,지정 종료,서울전역아파트|외국인|주요재건축단지,국토교통부공고제2025-1219호(토지거래허가구역 지정 공고문)|국토교통부공고제2026-1105호(토지거래허가구역 재지정 공고)
종로구,수송동,2027-08-26,지정 종료,서울전역아파트|외국인|주요재건축단지,국토교통부공고제2025-1219호(토지거래허가구역 지정 공고문)|국토교통부공고제2026-1105호(토지거래허가구역 재지정 공고)
종로구,숭인동,2027-08-26,지정 종료,공공재개발|모아타운|서울전역아파트|신속통합기획|외국인|정비사업후보지|주요재건축단지,국토교통부공고제2025-1219호(토지거래허가구역 지정 공고문)|국토교통부공고제2026-1105호(토지거래허가구역 재지정 공고)|시보20210330_p16-33|시보20211228_p17-40|시보20220323_p
종로구,신교동,2027-08-26,지정 종료,서울전역아파트|외국인|주요재건축단지,국토교통부공고제2025-1219호(토지거래허가구역 지정 공고문)|국토교통부공고제2026-1105호(토지거래허가구역 재지정 공고)
종로구,신문로1가,2027-08-26,지정 종료,공공재개발|모아타운|서울전역아파트|신속통합기획|외국인|정비사업후보지|주요재건축단지,국토교통부공고제2025-1219호(토지거래허가구역 지정 공고문)|국토교통부공고제2026-1105호(토지거래허가구역 재지정 공고)|시보20240118_p119-141|시보20241218_p364-437|시보202512
종로구,신문로2가,2027-08-26,지정 종료,서울전역아파트|외국인|주요재건축단지,국토교통부공고제2025-1219호(토지거래허가구역 지정 공고문)|국토교통부공고제2026-1105호(토지거래허가구역 재지정 공고)
종로구,신영동,2027-08-26,지정 종료,서울전역아파트|외국인|주요재건축단지,국토교통부공고제2025-1219호(토지거래허가구역 지정 공고문)|국토교통부공고제2026-1105호(토지거래허가구역 재지정 공고)
종로구,안국동,2027-08-26,지정 종료,서울전역아파트|외국인|주요재건축단지,국토교통부공고제2025-1219호(토지거래허가구역 지정 공고문)|국토교통부공고제2026-1105호(토지거래허가구역 재지정 공고)
종로구,연지동,2027-08-26,지정 종료,서울전역아파트|외국인|주요재건축단지,국토교통부공고제2025-1219호(토지거래허가구역 지정 공고문)|국토교통부공고제2026-1105호(토지거래허가구역 재지정 공고)
종로구,예지동,2027-08-26,지정 종료,서울전역아파트|외국인|주요재건축단지,국토교통부공고제2025-1219호(토지거래허가구역 지정 공고문)|국토교통부공고제2026-1105호(토지거래허가구역 재지정 공고)
종로구,옥인동,2027-08-26,지정 종료,서울전역아파트|신규주택공급후보지|외국인|주요재건축단지,국토교통부공고제2025-1219호(토지거래허가구역 지정 공고문)|국토교통부공고제2026-1079호(토지거래허가구역 지정 공고)|국토교통부공고제2026-1105호(토지거래허가구역 재지정 공고)
종로구,와룡동,2027-08-26,지정 종료,서울전역아파트|외국인|주요재건축단지,국토교통부공고제2025-1219호(토지거래허가구역 지정 공고문)|국토교통부공고제2026-1105호(토지거래허가구역 재지정 공고)
종로구,운니동,2027-08-26,지정 종료,서울전역아파트|외국인|주요재건축단지,국토교통부공고제2025-1219호(토지거래허가구역 지정 공고문)|국토교통부공고제2026-1105호(토지거래허가구역 재지정 공고)
종로구,원남동,2027-08-26,지정 종료,서울전역아파트|외국인|주요재건축단지,국토교통부공고제2025-1219호(토지거래허가구역 지정 공고문)|국토교통부공고제2026-1105호(토지거래허가구역 재지정 공고)
종로구,원서동,2027-08-26,지정 종료,서울전역아파트|외국인|주요재건축단지,국토교통부공고제2025-1219호(토지거래허가구역 지정 공고문)|국토교통부공고제2026-1105호(토지거래허가구역 재지정 공고)
종로구,이화동,2027-08-26,지정 종료,서울전역아파트|외국인|주요재건축단지,국토교통부공고제2025-1219호(토지거래허가구역 지정 공고문)|국토교통부공고제2026-1105호(토지거래허가구역 재지정 공고)
종로구,익선동,2027-08-26,지정 종료,서울전역아파트|외국인|주요재건축단지,국토교통부공고제2025-1219호(토지거래허가구역 지정 공고문)|국토교통부공고제2026-1105호(토지거래허가구역 재지정 공고)
종로구,인사동,2027-08-26,지정 종료,서울전역아파트|외국인|주요재건축단지,국토교통부공고제2025-1219호(토지거래허가구역 지정 공고문)|국토교통부공고제2026-1105호(토지거래허가구역 재지정 공고)
종로구,인의동,2027-08-26,지정 종료,서울전역아파트|외국인|주요재건축단지,국토교통부공고제2025-1219호(토지거래허가구역 지정 공고문)|국토교통부공고제2026-1105호(토지거래허가구역 재지정 공고)
종로구,장사동,2027-08-26,지정 종료,서울전역아파트|외국인|주요재건축단지,국토교통부공고제2025-1219호(토지거래허가구역 지정 공고문)|국토교통부공고제2026-1105호(토지거래허가구역 재지정 공고)
종로구,재동,2027-08-26,지정 종료,서울전역아파트|외국인|주요재건축단지,국토교통부공고제2025-1219호(토지거래허가구역 지정 공고문)|국토교통부공고제2026-1105호(토지거래허가구역 재지정 공고)
종로구,적선동,2027-08-26,지정 종료,서울전역아파트|외국인|주요재건축단지,국토교통부공고제2025-1219호(토지거래허가구역 지정 공고문)|국토교통부공고제2026-1105호(토지거래허가구역 재지정 공고)
종로구,종로1가,2027-08-26,지정 종료,서울전역아파트|외국인|주요재건축단지,국토교통부공고제2025-1219호(토지거래허가구역 지정 공고문)|국토교통부공고제2026-1105호(토지거래허가구역 재지정 공고)
종로구,종로2가,2027-08-26,지정 종료,서울전역아파트|외국인|주요재건축단지,국토교통부공고제2025-1219호(토지거래허가구역 지정 공고문)|국토교통부공고제2026-1105호(토지거래허가구역 재지정 공고)
종로구,종로3가,2027-08-26,지정 종료,서울전역아파트|외국인|주요재건축단지,국토교통부공고제2025-1219호(토지거래허가구역 지정 공고문)|국토교통부공고제2026-1105호(토지거래허가구역 재지정 공고)
종로구,종로4가,2027-08-26,지정 종료,서울전역아파트|외국인|주요재건축단지,국토교통부공고제2025-1219호(토지거래허가구역 지정 공고문)|국토교통부공고제2026-1105호(토지거래허가구역 재지정 공고)
종로구,종로5가,2027-08-26,지정 종료,서울전역아파트|외국인|주요재건축단지,국토교통부공고제2025-1219호(토지거래허가구역 지정 공고문)|국토교통부공고제2026-1105호(토지거래허가구역 재지정 공고)
종로구,종로6가,2027-08-26,지정 종료,서울전역아파트|외국인|주요재건축단지,국토교통부공고제2025-1219호(토지거래허가구역 지정 공고문)|국토교통부공고제2026-1105호(토지거래허가구역 재지정 공고)
종로구,중학동,2027-08-26,지정 종료,서울전역아파트|외국인|주요재건축단지,국토교통부공고제2025-1219호(토지거래허가구역 지정 공고문)|국토교통부공고제2026-1105호(토지거래허가구역 재지정 공고)
종로구,창성동,2027-08-26,지정 종료,서울전역아파트|외국인|주요재건축단지,국토교통부공고제2025-1219호(토지거래허가구역 지정 공고문)|국토교통부공고제2026-1105호(토지거래허가구역 재지정 공고)
종로구,청운동,2027-08-26,지정 종료,서울전역아파트|신규주택공급후보지|외국인|주요재건축단지,국토교통부공고제2025-1219호(토지거래허가구역 지정 공고문)|국토교통부공고제2026-1079호(토지거래허가구역 지정 공고)|국토교통부공고제2026-1105호(토지거래허가구역 재지정 공고)
종로구,청진동,2027-08-26,지정 종료,서울전역아파트|외국인|주요재건축단지,국토교통부공고제2025-1219호(토지거래허가구역 지정 공고문)|국토교통부공고제2026-1105호(토지거래허가구역 재지정 공고)
종로구,체부동,2027-08-26,지정 종료,서울전역아파트|외국인|주요재건축단지,국토교통부공고제2025-1219호(토지거래허가구역 지정 공고문)|국토교통부공고제2026-1105호(토지거래허가구역 재지정 공고)
종로구,충신동,2027-08-26,지정 종료,서울전역아파트|외국인|주요재건축단지,국토교통부공고제2025-1219호(토지거래허가구역 지정 공고문)|국토교통부공고제2026-1105호(토지거래허가구역 재지정 공고)
종로구,통의동,2027-08-26,지정 종료,서울전역아파트|외국인|주요재건축단지,국토교통부공고제2025-1219호(토지거래허가구역 지정 공고문)|국토교통부공고제2026-1105호(토지거래허가구역 재지정 공고)
종로구,통인동,2027-08-26,지정 종료,서울전역아파트|외국인|주요재건축단지,국토교통부공고제2025-1219호(토지거래허가구역 지정 공고문)|국토교통부공고제2026-1105호(토지거래허가구역 재지정 공고)
종로구,팔판동,2027-08-26,지정 종료,서울전역아파트|외국인|주요재건축단지,국토교통부공고제2025-1219호(토지거래허가구역 지정 공고문)|국토교통부공고제2026-1105호(토지거래허가구역 재지정 공고)
종로구,평동,2027-08-26,지정 종료,서울전역아파트|외국인|주요재건축단지,국토교통부공고제2025-1219호(토지거래허가구역 지정 공고문)|국토교통부공고제2026-1105호(토지거래허가구역 재지정 공고)
종로구,평창동,2027-08-26,지정 종료,서울전역아파트|신규주택공급후보지|외국인|주요재건축단지,국토교통부공고제2025-1219호(토지거래허가구역 지정 공고문)|국토교통부공고제2026-1079호(토지거래허가구역 지정 공고)|국토교통부공고제2026-1105호(토지거래허가구역 재지정 공고)
종로구,필운동,2027-08-26,지정 종료,서울전역아파트|외국인|주요재건축단지,국토교통부공고제2025-1219호(토지거래허가구역 지정 공고문)|국토교통부공고제2026-1105호(토지거래허가구역 재지정 공고)
종로구,행촌동,2027-08-26,지정 종료,서울전역아파트|신속통합기획|외국인|정비사업후보지|주요재건축단지,국토교통부공고제2025-1219호(토지거래허가구역 지정 공고문)|국토교통부공고제2026-1105호(토지거래허가구역 재지정 공고)|시보20251106_p1135-1144
종로구,혜화동,2027-08-26,지정 종료,서울전역아파트|외국인|주요재건축단지,국토교통부공고제2025-1219호(토지거래허가구역 지정 공고문)|국토교통부공고제2026-1105호(토지거래허가구역 재지정 공고)
종로구,홍지동,2027-08-26,지정 종료,서울전역아파트|신규주택공급후보지|외국인|주요재건축단지,국토교통부공고제2025-1219호(토지거래허가구역 지정 공고문)|국토교통부공고제2026-1079호(토지거래허가구역 지정 공고)|국토교통부공고제2026-1105호(토지거래허가구역 재지정 공고)
종로구,홍파동,2027-08-26,지정 종료,서울전역아파트|외국인|주요재건축단지,국토교통부공고제2025-1219호(토지거래허가구역 지정 공고문)|국토교통부공고제2026-1105호(토지거래허가구역 재지정 공고)
종로구,화동,2027-08-26,지정 종료,서울전역아파트|외국인|주요재건축단지,국토교통부공고제2025-1219호(토지거래허가구역 지정 공고문)|국토교통부공고제2026-1105호(토지거래허가구역 재지정 공고)
종로구,효자동,2027-08-26,지정 종료,서울전역아파트|외국인|주요재건축단지,국토교통부공고제2025-1219호(토지거래허가구역 지정 공고문)|국토교통부공고제2026-1105호(토지거래허가구역 재지정 공고)
종로구,효제동,2027-08-26,지정 종료,서울전역아파트|외국인|주요재건축단지,국토교통부공고제2025-1219호(토지거래허가구역 지정 공고문)|국토교통부공고제2026-1105호(토지거래허가구역 재지정 공고)
종로구,훈정동,2027-08-26,지정 종료,서울전역아파트|외국인|주요재건축단지,국토교통부공고제2025-1219호(토지거래허가구역 지정 공고문)|국토교통부공고제2026-1105호(토지거래허가구역 재지정 공고)
중구,광희동1가,2027-08-26,지정 종료,서울전역아파트|외국인|주요재건축단지,국토교통부공고제2025-1219호(토지거래허가구역 지정 공고문)|국토교통부공고제2026-1105호(토지거래허가구역 재지정 공고)
중구,광희동2가,2027-08-26,지정 종료,서울전역아파트|외국인|주요재건축단지,국토교통부공고제2025-1219호(토지거래허가구역 지정 공고문)|국토교통부공고제2026-1105호(토지거래허가구역 재지정 공고)
중구,남대문로1가,2027-08-26,지정 종료,서울전역아파트|외국인|주요재건축단지,국토교통부공고제2025-1219호(토지거래허가구역 지정 공고문)|국토교통부공고제2026-1105호(토지거래허가구역 재지정 공고)
중구,남대문로2가,2027-08-26,지정 종료,서울전역아파트|외국인|주요재건축단지,국토교통부공고제2025-1219호(토지거래허가구역 지정 공고문)|국토교통부공고제2026-1105호(토지거래허가구역 재지정 공고)
중구,남대문로3가,2027-08-26,지정 종료,서울전역아파트|외국인|주요재건축단지,국토교통부공고제2025-1219호(토지거래허가구역 지정 공고문)|국토교통부공고제2026-1105호(토지거래허가구역 재지정 공고)
중구,남대문로4가,2027-08-26,지정 종료,서울전역아파트|외국인|주요재건축단지,국토교통부공고제2025-1219호(토지거래허가구역 지정 공고문)|국토교통부공고제2026-1105호(토지거래허가구역 재지정 공고)
중구,남대문로5가,2027-08-26,지정 종료,서울전역아파트|외국인|주요재건축단지,국토교통부공고제2025-1219호(토지거래허가구역 지정 공고문)|국토교통부공고제2026-1105호(토지거래허가구역 재지정 공고)
중구,남산동1가,2027-08-26,지정 종료,서울전역아파트|외국인|주요재건축단지,국토교통부공고제2025-1219호(토지거래허가구역 지정 공고문)|국토교통부공고제2026-1105호(토지거래허가구역 재지정 공고)
중구,남산동2가,2027-08-26,지정 종료,서울전역아파트|외국인|주요재건축단지,국토교통부공고제2025-1219호(토지거래허가구역 지정 공고문)|국토교통부공고제2026-1105호(토지거래허가구역 재지정 공고)
중구,남산동3가,2027-08-26,지정 종료,서울전역아파트|외국인|주요재건축단지,국토교통부공고제2025-1219호(토지거래허가구역 지정 공고문)|국토교통부공고제2026-1105호(토지거래허가구역 재지정 공고)
중구,남창동,2027-08-26,지정 종료,서울전역아파트|외국인|주요재건축단지,국토교통부공고제2025-1219호(토지거래허가구역 지정 공고문)|국토교통부공고제2026-1105호(토지거래허가구역 재지정 공고)
중구,남학동,2027-08-26,지정 종료,서울전역아파트|외국인|주요재건축단지,국토교통부공고제2025-1219호(토지거래허가구역 지정 공고문)|국토교통부공고제2026-1105호(토지거래허가구역 재지정 공고)
중구,다동,2027-08-26,지정 종료,서울전역아파트|외국인|주요재건축단지,국토교통부공고제2025-1219호(토지거래허가구역 지정 공고문)|국토교통부공고제2026-1105호(토지거래허가구역 재지정 공고)
중구,만리동1가,2027-08-26,지정 종료,서울전역아파트|외국인|주요재건축단지,국토교통부공고제2025-1219호(토지거래허가구역 지정 공고문)|국토교통부공고제2026-1105호(토지거래허가구역 재지정 공고)
중구,만리동2가,2027-08-26,지정 종료,서울전역아파트|외국인|주요재건축단지,국토교통부공고제2025-1219호(토지거래허가구역 지정 공고문)|국토교통부공고제2026-1105호(토지거래허가구역 재지정 공고)
중구,명동1가,2027-08-26,지정 종료,서울전역아파트|외국인|주요재건축단지,국토교통부공고제2025-1219호(토지거래허가구역 지정 공고문)|국토교통부공고제2026-1105호(토지거래허가구역 재지정 공고)
중구,명동2가,2027-08-26,지정 종료,서울전역아파트|외국인|주요재건축단지,국토교통부공고제2025-1219호(토지거래허가구역 지정 공고문)|국토교통부공고제2026-1105호(토지거래허가구역 재지정 공고)
중구,무교동,2027-08-26,지정 종료,서울전역아파트|외국인|주요재건축단지,국토교통부공고제2025-1219호(토지거래허가구역 지정 공고문)|국토교통부공고제2026-1105호(토지거래허가구역 재지정 공고)
중구,무학동,2027-08-26,지정 종료,서울전역아파트|외국인|주요재건축단지,국토교통부공고제2025-1219호(토지거래허가구역 지정 공고문)|국토교통부공고제2026-1105호(토지거래허가구역 재지정 공고)
중구,묵정동,2027-08-26,지정 종료,서울전역아파트|외국인|주요재건축단지,국토교통부공고제2025-1219호(토지거래허가구역 지정 공고문)|국토교통부공고제2026-1105호(토지거래허가구역 재지정 공고)
중구,방산동,2027-08-26,지정 종료,서울전역아파트|외국인|주요재건축단지,국토교통부공고제2025-1219호(토지거래허가구역 지정 공고문)|국토교통부공고제2026-1105호(토지거래허가구역 재지정 공고)
중구,봉래동1가,2027-08-26,지정 종료,서울전역아파트|외국인|주요재건축단지,국토교통부공고제2025-1219호(토지거래허가구역 지정 공고문)|국토교통부공고제2026-1105호(토지거래허가구역 재지정 공고)
중구,봉래동2가,2027-08-26,지정 종료,서울전역아파트|외국인|주요재건축단지,국토교통부공고제2025-1219호(토지거래허가구역 지정 공고문)|국토교통부공고제2026-1105호(토지거래허가구역 재지정 공고)
중구,북창동,2027-08-26,지정 종료,서울전역아파트|외국인|주요재건축단지,국토교통부공고제2025-1219호(토지거래허가구역 지정 공고문)|국토교통부공고제2026-1105호(토지거래허가구역 재지정 공고)
중구,산림동,2027-08-26,지정 종료,서울전역아파트|외국인|주요재건축단지,국토교통부공고제2025-1219호(토지거래허가구역 지정 공고문)|국토교통부공고제2026-1105호(토지거래허가구역 재지정 공고)
중구,삼각동,2027-08-26,지정 종료,서울전역아파트|외국인|주요재건축단지,국토교통부공고제2025-1219호(토지거래허가구역 지정 공고문)|국토교통부공고제2026-1105호(토지거래허가구역 재지정 공고)
중구,서소문동,2027-08-26,지정 종료,서울전역아파트|외국인|주요재건축단지,국토교통부공고제2025-1219호(토지거래허가구역 지정 공고문)|국토교통부공고제2026-1105호(토지거래허가구역 재지정 공고)
중구,소공동,2027-08-26,지정 종료,서울전역아파트|외국인|주요재건축단지,국토교통부공고제2025-1219호(토지거래허가구역 지정 공고문)|국토교통부공고제2026-1105호(토지거래허가구역 재지정 공고)
중구,수표동,2027-08-26,지정 종료,서울전역아파트|외국인|주요재건축단지,국토교통부공고제2025-1219호(토지거래허가구역 지정 공고문)|국토교통부공고제2026-1105호(토지거래허가구역 재지정 공고)
중구,수하동,2027-08-26,지정 종료,서울전역아파트|외국인|주요재건축단지,국토교통부공고제2025-1219호(토지거래허가구역 지정 공고문)|국토교통부공고제2026-1105호(토지거래허가구역 재지정 공고)
중구,순화동,2027-08-26,지정 종료,서울전역아파트|외국인|주요재건축단지,국토교통부공고제2025-1219호(토지거래허가구역 지정 공고문)|국토교통부공고제2026-1105호(토지거래허가구역 재지정 공고)
중구,쌍림동,2027-08-26,지정 종료,서울전역아파트|외국인|주요재건축단지,국토교통부공고제2025-1219호(토지거래허가구역 지정 공고문)|국토교통부공고제2026-1105호(토지거래허가구역 재지정 공고)
중구,예관동,2027-08-26,지정 종료,서울전역아파트|외국인|주요재건축단지,국토교통부공고제2025-1219호(토지거래허가구역 지정 공고문)|국토교통부공고제2026-1105호(토지거래허가구역 재지정 공고)
중구,예장동,2027-08-26,지정 종료,서울전역아파트|외국인|주요재건축단지,국토교통부공고제2025-1219호(토지거래허가구역 지정 공고문)|국토교통부공고제2026-1105호(토지거래허가구역 재지정 공고)
중구,오장동,2027-08-26,지정 종료,서울전역아파트|외국인|주요재건축단지,국토교통부공고제2025-1219호(토지거래허가구역 지정 공고문)|국토교통부공고제2026-1105호(토지거래허가구역 재지정 공고)
중구,을지로1가,2027-08-26,지정 종료,서울전역아파트|외국인|주요재건축단지,국토교통부공고제2025-1219호(토지거래허가구역 지정 공고문)|국토교통부공고제2026-1105호(토지거래허가구역 재지정 공고)
중구,을지로2가,2027-08-26,지정 종료,서울전역아파트|외국인|주요재건축단지,국토교통부공고제2025-1219호(토지거래허가구역 지정 공고문)|국토교통부공고제2026-1105호(토지거래허가구역 재지정 공고)
중구,을지로3가,2027-08-26,지정 종료,서울전역아파트|외국인|주요재건축단지,국토교통부공고제2025-1219호(토지거래허가구역 지정 공고문)|국토교통부공고제2026-1105호(토지거래허가구역 재지정 공고)
중구,을지로4가,2027-08-26,지정 종료,서울전역아파트|외국인|주요재건축단지,국토교통부공고제2025-1219호(토지거래허가구역 지정 공고문)|국토교통부공고제2026-1105호(토지거래허가구역 재지정 공고)
중구,을지로5가,2027-08-26,지정 종료,서울전역아파트|외국인|주요재건축단지,국토교통부공고제2025-1219호(토지거래허가구역 지정 공고문)|국토교통부공고제2026-1105호(토지거래허가구역 재지정 공고)
중구,을지로6가,2027-08-26,지정 종료,서울전역아파트|외국인|주요재건축단지,국토교통부공고제2025-1219호(토지거래허가구역 지정 공고문)|국토교통부공고제2026-1105호(토지거래허가구역 재지정 공고)
중구,을지로7가,2027-08-26,지정 종료,서울전역아파트|외국인|주요재건축단지,국토교통부공고제2025-1219호(토지거래허가구역 지정 공고문)|국토교통부공고제2026-1105호(토지거래허가구역 재지정 공고)
중구,의주로1가,2027-08-26,지정 종료,서울전역아파트|외국인|주요재건축단지,국토교통부공고제2025-1219호(토지거래허가구역 지정 공고문)|국토교통부공고제2026-1105호(토지거래허가구역 재지정 공고)
중구,의주로2가,2027-08-26,지정 종료,서울전역아파트|외국인|주요재건축단지,국토교통부공고제2025-1219호(토지거래허가구역 지정 공고문)|국토교통부공고제2026-1105호(토지거래허가구역 재지정 공고)
중구,인현동1가,2027-08-26,지정 종료,서울전역아파트|외국인|주요재건축단지,국토교통부공고제2025-1219호(토지거래허가구역 지정 공고문)|국토교통부공고제2026-1105호(토지거래허가구역 재지정 공고)
중구,인현동2가,2027-08-26,지정 종료,서울전역아파트|외국인|주요재건축단지,국토교통부공고제2025-1219호(토지거래허가구역 지정 공고문)|국토교통부공고제2026-1105호(토지거래허가구역 재지정 공고)
중구,입정동,2027-08-26,지정 종료,서울전역아파트|외국인|주요재건축단지,국토교통부공고제2025-1219호(토지거래허가구역 지정 공고문)|국토교통부공고제2026-1105호(토지거래허가구역 재지정 공고)
중구,장교동,2027-08-26,지정 종료,서울전역아파트|외국인|주요재건축단지,국토교통부공고제2025-1219호(토지거래허가구역 지정 공고문)|국토교통부공고제2026-1105호(토지거래허가구역 재지정 공고)
중구,장충동1가,2027-08-26,지정 종료,서울전역아파트|외국인|주요재건축단지,국토교통부공고제2025-1219호(토지거래허가구역 지정 공고문)|국토교통부공고제2026-1105호(토지거래허가구역 재지정 공고)
중구,장충동2가,2027-08-26,지정 종료,공공재개발|모아타운|미분류|서울전역아파트|신속통합기획|외국인|정비사업후보지|주요재건축단지,국토교통부공고제2025-1219호(토지거래허가구역 지정 공고문)|국토교통부공고제2026-1105호(토지거래허가구역 재지정 공고)|시보20220124_p7-53|시보20230118_p234-257|시보20240118_
중구,저동1가,2027-08-26,지정 종료,서울전역아파트|외국인|주요재건축단지,국토교통부공고제2025-1219호(토지거래허가구역 지정 공고문)|국토교통부공고제2026-1105호(토지거래허가구역 재지정 공고)
중구,저동2가,2027-08-26,지정 종료,서울전역아파트|외국인|주요재건축단지,국토교통부공고제2025-1219호(토지거래허가구역 지정 공고문)|국토교통부공고제2026-1105호(토지거래허가구역 재지정 공고)
중구,정동,2027-08-26,지정 종료,서울전역아파트|외국인|주요재건축단지,국토교통부공고제2025-1219호(토지거래허가구역 지정 공고문)|국토교통부공고제2026-1105호(토지거래허가구역 재지정 공고)
중구,주교동,2027-08-26,지정 종료,서울전역아파트|외국인|주요재건축단지,국토교통부공고제2025-1219호(토지거래허가구역 지정 공고문)|국토교통부공고제2026-1105호(토지거래허가구역 재지정 공고)
중구,주자동,2027-08-26,지정 종료,서울전역아파트|외국인|주요재건축단지,국토교통부공고제2025-1219호(토지거래허가구역 지정 공고문)|국토교통부공고제2026-1105호(토지거래허가구역 재지정 공고)
중구,중림동,2027-08-26,지정 종료,서울전역아파트|외국인|주요재건축단지,국토교통부공고제2025-1219호(토지거래허가구역 지정 공고문)|국토교통부공고제2026-1105호(토지거래허가구역 재지정 공고)
중구,초동,2027-08-26,지정 종료,서울전역아파트|외국인|주요재건축단지,국토교통부공고제2025-1219호(토지거래허가구역 지정 공고문)|국토교통부공고제2026-1105호(토지거래허가구역 재지정 공고)
중구,충무로1가,2027-08-26,지정 종료,서울전역아파트|외국인|주요재건축단지,국토교통부공고제2025-1219호(토지거래허가구역 지정 공고문)|국토교통부공고제2026-1105호(토지거래허가구역 재지정 공고)
중구,충무로2가,2027-08-26,지정 종료,서울전역아파트|외국인|주요재건축단지,국토교통부공고제2025-1219호(토지거래허가구역 지정 공고문)|국토교통부공고제2026-1105호(토지거래허가구역 재지정 공고)
중구,충무로3가,2027-08-26,지정 종료,서울전역아파트|외국인|주요재건축단지,국토교통부공고제2025-1219호(토지거래허가구역 지정 공고문)|국토교통부공고제2026-1105호(토지거래허가구역 재지정 공고)
중구,충무로4가,2027-08-26,지정 종료,서울전역아파트|외국인|주요재건축단지,국토교통부공고제2025-1219호(토지거래허가구역 지정 공고문)|국토교통부공고제2026-1105호(토지거래허가구역 재지정 공고)
중구,충무로5가,2027-08-26,지정 종료,서울전역아파트|외국인|주요재건축단지,국토교통부공고제2025-1219호(토지거래허가구역 지정 공고문)|국토교통부공고제2026-1105호(토지거래허가구역 재지정 공고)
중구,충정로1가,2027-08-26,지정 종료,서울전역아파트|외국인|주요재건축단지,국토교통부공고제2025-1219호(토지거래허가구역 지정 공고문)|국토교통부공고제2026-1105호(토지거래허가구역 재지정 공고)
중구,태평로1가,2027-08-26,지정 종료,서울전역아파트|외국인|주요재건축단지,국토교통부공고제2025-1219호(토지거래허가구역 지정 공고문)|국토교통부공고제2026-1105호(토지거래허가구역 재지정 공고)
중구,태평로2가,2027-08-26,지정 종료,서울전역아파트|외국인|주요재건축단지,국토교통부공고제2025-1219호(토지거래허가구역 지정 공고문)|국토교통부공고제2026-1105호(토지거래허가구역 재지정 공고)
중구,필동1가,2027-08-26,지정 종료,서울전역아파트|외국인|주요재건축단지,국토교통부공고제2025-1219호(토지거래허가구역 지정 공고문)|국토교통부공고제2026-1105호(토지거래허가구역 재지정 공고)
중구,필동2가,2027-08-26,지정 종료,서울전역아파트|외국인|주요재건축단지,국토교통부공고제2025-1219호(토지거래허가구역 지정 공고문)|국토교통부공고제2026-1105호(토지거래허가구역 재지정 공고)
중구,필동3가,2027-08-26,지정 종료,서울전역아파트|외국인|주요재건축단지,국토교통부공고제2025-1219호(토지거래허가구역 지정 공고문)|국토교통부공고제2026-1105호(토지거래허가구역 재지정 공고)
중구,황학동,2027-08-26,지정 종료,서울전역아파트|외국인|주요재건축단지,국토교통부공고제2025-1219호(토지거래허가구역 지정 공고문)|국토교통부공고제2026-1105호(토지거래허가구역 재지정 공고)
중구,회현동1가,2027-08-26,지정 종료,서울전역아파트|외국인|주요재건축단지,국토교통부공고제2025-1219호(토지거래허가구역 지정 공고문)|국토교통부공고제2026-1105호(토지거래허가구역 재지정 공고)
중구,회현동2가,2027-08-26,지정 종료,서울전역아파트|외국인|주요재건축단지,국토교통부공고제2025-1219호(토지거래허가구역 지정 공고문)|국토교통부공고제2026-1105호(토지거래허가구역 재지정 공고)
중구,회현동3가,2027-08-26,지정 종료,서울전역아파트|외국인|주요재건축단지,국토교통부공고제2025-1219호(토지거래허가구역 지정 공고문)|국토교통부공고제2026-1105호(토지거래허가구역 재지정 공고)
중구,흥인동,2027-08-26,지정 종료,서울전역아파트|외국인|주요재건축단지,국토교통부공고제2025-1219호(토지거래허가구역 지정 공고문)|국토교통부공고제2026-1105호(토지거래허가구역 재지정 공고)
강동구,둔촌동,2029-09-10,지정 종료,국제교류복합지구|모아타운|서울전역아파트|외국인|주요재건축단지,국토교통부공고제2025-1058호(토지거래허가구역 지정 공고)|국토교통부공고제2025-1219호(토지거래허가구역 지정 공고문)|국토교통부공고제2026-1105호(토지거래허가구역 재지정 공고)|시보20240808_p4
강서구,공항동,2029-09-10,지정 종료,모아타운|서울전역아파트|외국인|주요재건축단지,국토교통부공고제2025-1058호(토지거래허가구역 지정 공고)|국토교통부공고제2025-1219호(토지거래허가구역 지정 공고문)|국토교통부공고제2026-1105호(토지거래허가구역 재지정 공고)|시보20240905_p3
강서구,등촌동,2029-09-10,지정 종료,모아타운|서울전역아파트|외국인|주요재건축단지,국토교통부공고제2025-1058호(토지거래허가구역 지정 공고)|국토교통부공고제2025-1219호(토지거래허가구역 지정 공고문)|국토교통부공고제2026-1105호(토지거래허가구역 재지정 공고)|시보20240905_p3
강서구,방화동,2029-09-10,지정 종료,공공재개발|모아타운|서울전역아파트|신속통합기획|외국인|정비사업후보지|주요재건축단지,국토교통부공고제2025-1058호(토지거래허가구역 지정 공고)|국토교통부공고제2025-1219호(토지거래허가구역 지정 공고문)|국토교통부공고제2026-1105호(토지거래허가구역 재지정 공고)|시보20211228_p1
강서구,화곡동,2029-09-10,지정 종료,모아타운|서울전역아파트|외국인|주요재건축단지,국토교통부공고제2025-1058호(토지거래허가구역 지정 공고)|국토교통부공고제2025-1219호(토지거래허가구역 지정 공고문)|국토교통부공고제2026-1105호(토지거래허가구역 재지정 공고)|시보20240905_p3
관악구,봉천동,2029-09-10,지정 종료,공공재개발|국제교류복합지구|모아타운|서울전역아파트|신규주택공급후보지|신속통합기획|외국인|정비사업후보지|주요재건축단지,국토교통부공고제2025-1058호(토지거래허가구역 지정 공고)|국토교통부공고제2025-1219호(토지거래허가구역 지정 공고문)|국토교통부공고제2026-1079호(토지거래허가구역 지정 공고)|국토교통부공고제2026-1
구로구,고척동,2029-09-10,지정 종료,공공재개발|모아타운|서울전역아파트|신속통합기획|외국인|정비사업후보지|주요재건축단지,국토교통부공고제2025-1058호(토지거래허가구역 지정 공고)|국토교통부공고제2025-1219호(토지거래허가구역 지정 공고문)|국토교통부공고제2026-1105호(토지거래허가구역 재지정 공고)|시보20221230_p1
노원구,상계동,2029-09-10,지정 종료,공공재개발|국제교류복합지구|모아타운|서울전역아파트|신규주택공급후보지|신속통합기획|정비사업후보지|주요재건축단지,국토교통부공고제2025-1219호(토지거래허가구역 지정 공고문)|국토교통부공고제2026-1079호(토지거래허가구역 지정 공고)|시보20210330_p16-33|시보20211228_p17-40|시보20220323_p9
노원구,월계동,2029-09-10,지정 종료,모아타운|서울전역아파트|신속통합기획|정비사업후보지|주요재건축단지,국토교통부공고제2025-1219호(토지거래허가구역 지정 공고문)|시보20240905_p3-79|시보20250409_p451-469
동대문구,이문동,2029-09-10,지정 종료,서울전역아파트|주요재건축단지,국토교통부공고제2025-1219호(토지거래허가구역 지정 공고문)|시보20240925_p538-545
마포구,대흥동,2029-09-10,지정 종료,공공재개발|모아타운|미분류|서울전역아파트|신속통합기획|정비사업후보지|주요재건축단지,국토교통부공고제2025-1219호(토지거래허가구역 지정 공고문)|시보20220124_p7-53|시보20230118_p234-257|시보20240118_p119-141|시보20240320_p339-342|시보20240
마포구,망원동,2029-09-10,지정 종료,공공재개발|모아타운|미분류|서울전역아파트|신속통합기획|정비사업후보지|주요재건축단지,국토교통부공고제2025-1219호(토지거래허가구역 지정 공고문)|시보20220124_p7-53|시보20220826_p38-82|시보20221230_p179-233|시보20231220_p249-307|시보2024090
마포구,성산동,2029-09-10,지정 종료,모아타운|서울전역아파트|주요재건축단지,국토교통부공고제2025-1219호(토지거래허가구역 지정 공고문)|시보20240905_p3-79
마포구,용강동,2029-09-10,지정 종료,모아타운|서울전역아파트|주요재건축단지,국토교통부공고제2025-1219호(토지거래허가구역 지정 공고문)|시보20240905_p3-79
마포구,중동,2029-09-10,지정 종료,모아타운|서울전역아파트|주요재건축단지,국토교통부공고제2025-1219호(토지거래허가구역 지정 공고문)|시보20240905_p3-79
마포구,합정동,2029-09-10,지정 종료,공공재개발|모아타운|서울전역아파트|신속통합기획|정비사업후보지|주요재건축단지,국토교통부공고제2025-1219호(토지거래허가구역 지정 공고문)|시보20240905_p3-79|시보20251106_p1135-1144|시보20260316_p419-470
서대문구,현저동,2029-09-10,지정 종료,모아타운|서울전역아파트|주요재건축단지,국토교통부공고제2025-1219호(토지거래허가구역 지정 공고문)|시보20240905_p3-79
성동구,금호동1가,2029-09-10,지정 종료,모아타운|서울전역아파트|주요재건축단지,국토교통부공고제2025-1219호(토지거래허가구역 지정 공고문)|시보20240905_p3-79
성동구,마장동,2029-09-10,지정 종료,공공재개발|모아타운|서울전역아파트|신속통합기획|정비사업후보지|주요재건축단지,국토교통부공고제2025-1219호(토지거래허가구역 지정 공고문)|시보20211228_p17-40|시보20221223_p7-30|시보20231220_p249-307|시보20240905_p3-79|시보20241218_p
성동구,송정동,2029-09-10,지정 종료,모아타운|서울전역아파트|주요재건축단지,국토교통부공고제2025-1219호(토지거래허가구역 지정 공고문)|시보20240905_p3-79
성동구,행당동,2029-09-10,지정 종료,공공재개발|모아타운|미분류|서울전역아파트|신속통합기획|정비사업후보지|주요재건축단지,국토교통부공고제2025-1219호(토지거래허가구역 지정 공고문)|시보20220124_p7-53|시보20221230_p179-233|시보20231220_p249-307|시보20240731_p291-312|시보20240
성북구,돈암동,2029-09-10,지정 종료,모아타운|서울전역아파트|주요재건축단지,국토교통부공고제2025-1219호(토지거래허가구역 지정 공고문)|시보20240905_p3-79|시보20240925_p538-545
송파구,풍납동,2029-09-10,지정 종료,국제교류복합지구|모아타운|서울전역아파트|주요재건축단지,국토교통부공고제2025-1219호(토지거래허가구역 지정 공고문)|시보20240905_p3-79|시보20250319_p3-8
용산구,산천동,2029-09-10,지정 종료,모아타운|서울전역아파트|외국인|주요재건축단지,국토교통부공고제2025-1219호(토지거래허가구역 지정 공고문)|국토교통부공고제2026-1105호(토지거래허가구역 재지정 공고)|시보20240905_p3-79
용산구,서계동,2029-09-10,지정 종료,공공재개발|모아타운|미분류|서울전역아파트|신속통합기획|외국인|정비사업후보지|주요재건축단지,국토교통부공고제2025-1219호(토지거래허가구역 지정 공고문)|국토교통부공고제2026-1105호(토지거래허가구역 재지정 공고)|시보20220124_p7-53|시보20221230_p179-233|시보20231220_
은평구,대조동,2029-09-10,지정 종료,모아타운|서울전역아파트|외국인|주요재건축단지,국토교통부공고제2025-1219호(토지거래허가구역 지정 공고문)|국토교통부공고제2026-1105호(토지거래허가구역 재지정 공고)|시보20240905_p3-79
종로구,구기동,2029-09-10,지정 종료,모아타운|서울전역아파트|외국인|주요재건축단지,국토교통부공고제2025-1219호(토지거래허가구역 지정 공고문)|국토교통부공고제2026-1105호(토지거래허가구역 재지정 공고)|시보20240905_p3-79
중랑구,묵동,2029-09-10,지정 종료,모아타운|서울전역아파트|외국인|주요재건축단지,국토교통부공고제2025-1219호(토지거래허가구역 지정 공고문)|국토교통부공고제2026-1105호(토지거래허가구역 재지정 공고)|시보20240905_p3-79
중랑구,상봉동,2029-09-10,지정 종료,모아타운|서울전역아파트|외국인|주요재건축단지,국토교통부공고제2025-1219호(토지거래허가구역 지정 공고문)|국토교통부공고제2026-1105호(토지거래허가구역 재지정 공고)|시보20240905_p3-79
중랑구,중화동,2029-09-10,지정 종료,공공재개발|모아타운|서울전역아파트|신속통합기획|외국인|정비사업후보지|주요재건축단지,국토교통부공고제2025-1219호(토지거래허가구역 지정 공고문)|국토교통부공고제2026-1105호(토지거래허가구역 재지정 공고)|시보20210330_p16-33|시보20220323_p91-108|시보20220819_
송파구,마천동,2029-11-10,지정 종료,공공재개발|모아타운|미분류|서울전역아파트|신규주택공급후보지|신속통합기획|자연녹지|정비사업후보지|주요재건축단지,국토교통부공고제2024-1140호(토지거래허가구역 지정 공고)|국토교통부공고제2024-1506호(토지거래허가구역 지정 및 해제 공고)|국토교통부공고제2025-1219호(토지거래허가구역 지정 공고문)|국토교통부공고제2
송파구,오금동,2029-11-10,지정 종료,미분류|서울전역아파트|신규주택공급후보지|자연녹지,국토교통부공고제2024-1140호(토지거래허가구역 지정 공고)|국토교통부공고제2024-1506호(토지거래허가구역 지정 및 해제 공고)|국토교통부공고제2025-1219호(토지거래허가구역 지정 공고문)|국토교통부공고제2
강북구,번동,2030-02-18,지정 종료,공공재개발|모아타운|미분류|서울전역아파트|신속통합기획|외국인|정비사업후보지|주요재건축단지,국토교통부공고제2025-1058호(토지거래허가구역 지정 공고)|국토교통부공고제2025-1219호(토지거래허가구역 지정 공고문)|국토교통부공고제2026-1105호(토지거래허가구역 재지정 공고)|시보20220124_p7
동대문구,답십리동,2030-02-18,지정 종료,공공재개발|모아타운|서울전역아파트|신속통합기획|정비사업후보지|주요재건축단지,국토교통부공고제2025-1219호(토지거래허가구역 지정 공고문)|시보20221230_p179-233|시보20231220_p249-307|시보20240905_p3-79|시보20240925_p538-545|시보20241
서대문구,홍제동,2030-02-18,지정 종료,공공재개발|국제교류복합지구|모아타운|서울전역아파트|신규주택공급후보지|신속통합기획|정비사업후보지|주요재건축단지,국토교통부공고제2025-1219호(토지거래허가구역 지정 공고문)|국토교통부공고제2026-1079호(토지거래허가구역 지정 공고)|시보20220826_p38-82|시보20221230_p179-233|시보20231220_
서초구,우면동,2030-02-18,지정 종료,공공재개발|국제교류복합지구|모아타운|서울전역아파트|신규주택공급후보지|신속통합기획|정비사업후보지|주요재건축단지,국토교통부공고제2025-1219호(토지거래허가구역 지정 공고문)|국토교통부공고제2026-1079호(토지거래허가구역 지정 공고)|시보20250212_p403-428|시보20250319_p3-8
양천구,목동,2030-02-18,지정 종료,공공재개발|모아타운|서울전역아파트|신속통합기획|정비사업후보지|주요재건축단지,국토교통부공고제2025-1219호(토지거래허가구역 지정 공고문)|시보20210422_p253-257|시보20220420_p356-360|시보20221230_p179-233|시보20230419_p263-267|시보20
중랑구,신내동,2030-02-18,지정 종료,공공재개발|모아타운|서울전역아파트|신규주택공급후보지|신속통합기획|외국인|정비사업후보지|주요재건축단지,국토교통부공고제2025-1219호(토지거래허가구역 지정 공고문)|국토교통부공고제2026-1079호(토지거래허가구역 지정 공고)|국토교통부공고제2026-1105호(토지거래허가구역 재지정 공고)|시보20250212_p4
광진구,광장동,2030-09-02,지정 종료,공공재개발|모아타운|서울전역아파트|신규주택공급후보지|신속통합기획|외국인|정비사업후보지|주요재건축단지,국토교통부공고제2025-1058호(토지거래허가구역 지정 공고)|국토교통부공고제2025-1219호(토지거래허가구역 지정 공고문)|국토교통부공고제2026-1079호(토지거래허가구역 지정 공고)|국토교통부공고제2026-1
동작구,동작동,2030-09-02,지정 종료,공공재개발|모아타운|서울전역아파트|신속통합기획|정비사업후보지,국토교통부공고제2025-1219호(토지거래허가구역 지정 공고문)|시보20250827_p1056-1070
성동구,사근동,2030-09-02,지정 종료,공공재개발|모아타운|미분류|서울전역아파트|신속통합기획|정비사업후보지|주요재건축단지,국토교통부공고제2025-1219호(토지거래허가구역 지정 공고문)|시보20220124_p7-53|시보20220826_p38-82|시보20221230_p179-233|시보20231220_p249-307|시보2024090
종로구,창신동,2030-09-02,지정 종료,공공재개발|모아타운|서울전역아파트|신속통합기획|외국인|정비사업후보지|주요재건축단지,국토교통부공고제2025-1219호(토지거래허가구역 지정 공고문)|국토교통부공고제2026-1105호(토지거래허가구역 재지정 공고)|시보20241218_p364-437|시보20250827_p1056-1070|시보2025
중구,신당동,2030-09-02,지정 종료,공공재개발|모아타운|미분류|서울전역아파트|신속통합기획|외국인|정비사업후보지|주요재건축단지,국토교통부공고제2025-1219호(토지거래허가구역 지정 공고문)|국토교통부공고제2026-1105호(토지거래허가구역 재지정 공고)|시보20220124_p7-53|시보20230118_p234-257|시보20240118_
서대문구,홍은동,2031-02-17,지정 종료,공공재개발|국제교류복합지구|모아타운|서울전역아파트|신규주택공급후보지|신속통합기획|정비사업후보지|주요재건축단지,국토교통부공고제2025-1219호(토지거래허가구역 지정 공고문)|국토교통부공고제2026-1079호(토지거래허가구역 지정 공고)|시보20210330_p16-33|시보20211228_p17-40|시보20220323_p9
성동구,금호동4가,2031-02-17,지정 종료,공공재개발|모아타운|서울전역아파트|신속통합기획|정비사업후보지,국토교통부공고제2025-1219호(토지거래허가구역 지정 공고문)|시보20210330_p16-33|시보20220323_p91-108|시보20230322_p181-205|시보20240320_p339-342|시보20250
종로구,연건동,2031-02-17,지정 종료,공공재개발|모아타운|서울전역아파트|신속통합기획|외국인|정비사업후보지|주요재건축단지,국토교통부공고제2025-1219호(토지거래허가구역 지정 공고문)|국토교통부공고제2026-1105호(토지거래허가구역 재지정 공고)|시보20260211_p499-512
강남구,삼성동,2031-05-19,지정 종료,공공재개발|국제교류복합지구|모아타운|서울전역아파트|신속통합기획|외국인|자연녹지|정비사업후보지|주요재건축단지,국토교통부공고제2025-1058호(토지거래허가구역 지정 공고)|국토교통부공고제2025-1219호(토지거래허가구역 지정 공고문)|국토교통부공고제2026-1105호(토지거래허가구역 재지정 공고)|시보20260513_p3
강동구,천호동,2031-05-19,지정 종료,공공재개발|국제교류복합지구|모아타운|미분류|서울전역아파트|신속통합기획|외국인|자연녹지|정비사업후보지|주요재건축단지,국토교통부공고제2025-1058호(토지거래허가구역 지정 공고)|국토교통부공고제2025-1219호(토지거래허가구역 지정 공고문)|국토교통부공고제2026-1105호(토지거래허가구역 재지정 공고)|시보20210330_p1
광진구,중곡동,2031-05-19,지정 종료,공공재개발|국제교류복합지구|모아타운|서울전역아파트|신규주택공급후보지|신속통합기획|외국인|자연녹지|정비사업후보지|주요재건축단지,국토교통부공고제2025-1058호(토지거래허가구역 지정 공고)|국토교통부공고제2025-1219호(토지거래허가구역 지정 공고문)|국토교통부공고제2026-1079호(토지거래허가구역 지정 공고)|국토교통부공고제2026-1
구로구,온수동,2031-05-19,지정 종료,공공재개발|국제교류복합지구|모아타운|서울전역아파트|신규주택공급후보지|신속통합기획|외국인|자연녹지|정비사업후보지|주요재건축단지,국토교통부공고제2025-1058호(토지거래허가구역 지정 공고)|국토교통부공고제2025-1219호(토지거래허가구역 지정 공고문)|국토교통부공고제2026-1079호(토지거래허가구역 지정 공고)|국토교통부공고제2026-1
서대문구,연희동,2031-05-19,지정 종료,공공재개발|국제교류복합지구|모아타운|서울전역아파트|신속통합기획|자연녹지|정비사업후보지,국토교통부공고제2025-1219호(토지거래허가구역 지정 공고문)|시보20210330_p16-33|시보20220323_p91-108|시보20230322_p181-205|시보20240320_p339-342|시보20250
성동구,용답동,2031-05-19,지정 종료,공공재개발|국제교류복합지구|모아타운|서울전역아파트|신속통합기획|자연녹지|정비사업후보지,국토교통부공고제2025-1219호(토지거래허가구역 지정 공고문)|시보20260513_p313-367
성북구,종암동,2031-05-19,지정 종료,공공재개발|국제교류복합지구|모아타운|서울전역아파트|신속통합기획|자연녹지|정비사업후보지|주요재건축단지,국토교통부공고제2025-1219호(토지거래허가구역 지정 공고문)|시보20221230_p179-233|시보20231220_p249-307|시보20240905_p3-79|시보20241218_p364-437|시보20251
송파구,잠실동,2031-05-19,지정 종료,공공재개발|국제교류복합지구|모아타운|서울전역아파트|신속통합기획|자연녹지|정비사업후보지,국토교통부공고제2025-1219호(토지거래허가구역 지정 공고문)|시보20260513_p313-367
용산구,용산동2가,2031-05-19,지정 종료,공공재개발|국제교류복합지구|모아타운|서울전역아파트|신속통합기획|외국인|자연녹지|정비사업후보지|주요재건축단지,국토교통부공고제2025-1219호(토지거래허가구역 지정 공고문)|국토교통부공고제2026-1105호(토지거래허가구역 재지정 공고)|시보20250925_p151-164|시보20251106_p1135-1144|시보2026
용산구,원효로4가,2031-05-19,지정 종료,공공재개발|국제교류복합지구|모아타운|서울전역아파트|신속통합기획|외국인|용산정비창|자연녹지|정비사업후보지|주요재건축단지,국토교통부공고제2025-1219호(토지거래허가구역 지정 공고문)|국토교통부공고제2025-1583호(토지거래허가구역 재지정 공고문)|국토교통부공고제2026-1105호(토지거래허가구역 재지정 공고)|시보20240905_
은평구,불광동,2031-05-19,지정 종료,공공재개발|국제교류복합지구|모아타운|서울전역아파트|신속통합기획|외국인|자연녹지|정비사업후보지|주요재건축단지,국토교통부공고제2025-1219호(토지거래허가구역 지정 공고문)|국토교통부공고제2026-1105호(토지거래허가구역 재지정 공고)|시보20211228_p17-40|시보20221223_p7-30|시보20221230_p1
서초구,양재동,2031-06-30,지정 종료,모아타운|서울전역아파트|신속통합기획|정비사업후보지,국토교통부공고제2025-1219호(토지거래허가구역 지정 공고문)|시보20260624_p721-728
송파구,방이동,2031-06-30,지정 종료,모아타운|미분류|서울전역아파트|신규주택공급후보지|신속통합기획|자연녹지|정비사업후보지,국토교통부공고제2024-1140호(토지거래허가구역 지정 공고)|국토교통부공고제2024-1506호(토지거래허가구역 지정 및 해제 공고)|국토교통부공고제2025-1219호(토지거래허가구역 지정 공고문)|국토교통부공고제2
강동구,암사동,2031-08-11,지정 종료,공공재개발|모아타운|서울전역아파트|신규주택공급후보지|신속통합기획|외국인|정비사업후보지|주요재건축단지,국토교통부공고제2025-1058호(토지거래허가구역 지정 공고)|국토교통부공고제2025-1219호(토지거래허가구역 지정 공고문)|국토교통부공고제2026-1079호(토지거래허가구역 지정 공고)|국토교통부공고제2026-1
강북구,미아동,2031-08-11,지정 종료,공공재개발|국제교류복합지구|모아타운|미분류|서울전역아파트|신속통합기획|외국인|정비사업후보지|주요재건축단지,국토교통부공고제2025-1058호(토지거래허가구역 지정 공고)|국토교통부공고제2025-1219호(토지거래허가구역 지정 공고문)|국토교통부공고제2026-1105호(토지거래허가구역 재지정 공고)|시보20220124_p7
강북구,수유동,2031-08-11,지정 종료,공공재개발|국제교류복합지구|모아타운|미분류|서울전역아파트|신규주택공급후보지|신속통합기획|외국인|자연녹지|정비사업후보지|주요재건축단지,국토교통부공고제2025-1058호(토지거래허가구역 지정 공고)|국토교통부공고제2025-1219호(토지거래허가구역 지정 공고문)|국토교통부공고제2026-1079호(토지거래허가구역 지정 공고)|국토교통부공고제2026-1
관악구,신림동,2031-08-11,지정 종료,공공재개발|국제교류복합지구|모아타운|서울전역아파트|신규주택공급후보지|신속통합기획|외국인|정비사업후보지|주요재건축단지,국토교통부공고제2025-1058호(토지거래허가구역 지정 공고)|국토교통부공고제2025-1219호(토지거래허가구역 지정 공고문)|국토교통부공고제2026-1079호(토지거래허가구역 지정 공고)|국토교통부공고제2026-1
광진구,구의동,2031-08-11,지정 종료,공공재개발|국제교류복합지구|모아타운|서울전역아파트|신규주택공급후보지|신속통합기획|외국인|자연녹지|정비사업후보지|주요재건축단지,국토교통부공고제2025-1058호(토지거래허가구역 지정 공고)|국토교통부공고제2025-1219호(토지거래허가구역 지정 공고문)|국토교통부공고제2026-1079호(토지거래허가구역 지정 공고)|국토교통부공고제2026-1
광진구,자양동,2031-08-11,지정 종료,공공재개발|국제교류복합지구|모아타운|미분류|서울전역아파트|신속통합기획|외국인|자연녹지|정비사업후보지|주요재건축단지,국토교통부공고제2025-1058호(토지거래허가구역 지정 공고)|국토교통부공고제2025-1219호(토지거래허가구역 지정 공고문)|국토교통부공고제2026-1105호(토지거래허가구역 재지정 공고)|시보20220124_p7
구로구,가리봉동,2031-08-11,지정 종료,공공재개발|국제교류복합지구|모아타운|서울전역아파트|신속통합기획|외국인|정비사업후보지|주요재건축단지,국토교통부공고제2025-1058호(토지거래허가구역 지정 공고)|국토교통부공고제2025-1219호(토지거래허가구역 지정 공고문)|국토교통부공고제2026-1105호(토지거래허가구역 재지정 공고)|시보20241218_p3
구로구,개봉동,2031-08-11,지정 종료,공공재개발|국제교류복합지구|모아타운|서울전역아파트|신규주택공급후보지|신속통합기획|외국인|자연녹지|정비사업후보지|주요재건축단지,국토교통부공고제2025-1058호(토지거래허가구역 지정 공고)|국토교통부공고제2025-1219호(토지거래허가구역 지정 공고문)|국토교통부공고제2026-1079호(토지거래허가구역 지정 공고)|국토교통부공고제2026-1
구로구,구로동,2031-08-11,지정 종료,공공재개발|국제교류복합지구|모아타운|서울전역아파트|신속통합기획|외국인|자연녹지|정비사업후보지|주요재건축단지,국토교통부공고제2025-1058호(토지거래허가구역 지정 공고)|국토교통부공고제2025-1219호(토지거래허가구역 지정 공고문)|국토교통부공고제2026-1105호(토지거래허가구역 재지정 공고)|시보20240731_p2
금천구,독산동,2031-08-11,지정 종료,공공재개발|모아타운|서울전역아파트|신속통합기획|정비사업후보지|주요재건축단지,국토교통부공고제2025-1219호(토지거래허가구역 지정 공고문)|시보20240320_p339-342|시보20240905_p3-79|시보20250314_p3-51|시보20250403_p3-4|시보20251231_p13
금천구,시흥동,2031-08-11,지정 종료,공공재개발|국제교류복합지구|모아타운|서울전역아파트|신규주택공급후보지|신속통합기획|정비사업후보지|주요재건축단지,국토교통부공고제2025-1219호(토지거래허가구역 지정 공고문)|국토교통부공고제2026-1079호(토지거래허가구역 지정 공고)|시보20211228_p17-40|시보20220826_p38-82|시보20221223_p7
도봉구,방학동,2031-08-11,지정 종료,공공재개발|국제교류복합지구|모아타운|미분류|서울전역아파트|신규주택공급후보지|신속통합기획|정비사업후보지|주요재건축단지,국토교통부공고제2025-1219호(토지거래허가구역 지정 공고문)|국토교통부공고제2026-1079호(토지거래허가구역 지정 공고)|시보20220124_p7-53|시보20221230_p179-233|시보20231220_p
도봉구,쌍문동,2031-08-11,지정 종료,공공재개발|국제교류복합지구|모아타운|서울전역아파트|신규주택공급후보지|신속통합기획|정비사업후보지|주요재건축단지,국토교통부공고제2025-1219호(토지거래허가구역 지정 공고문)|국토교통부공고제2026-1079호(토지거래허가구역 지정 공고)|시보20211228_p17-40|시보20221223_p7-30|시보20221230_p17
도봉구,창동,2031-08-11,지정 종료,공공재개발|국제교류복합지구|모아타운|서울전역아파트|신속통합기획|자연녹지|정비사업후보지|주요재건축단지,국토교통부공고제2025-1219호(토지거래허가구역 지정 공고문)|시보20240320_p339-342|시보20240731_p291-312|시보20240905_p3-79|시보20260513_p313-367|시보20260
동대문구,장안동,2031-08-11,지정 종료,공공재개발|모아타운|서울전역아파트|신속통합기획|정비사업후보지,국토교통부공고제2025-1219호(토지거래허가구역 지정 공고문)|시보20260805_p377-447
동작구,노량진동,2031-08-11,지정 종료,공공재개발|국제교류복합지구|모아타운|서울전역아파트|신속통합기획|자연녹지|정비사업후보지|주요재건축단지,국토교통부공고제2025-1219호(토지거래허가구역 지정 공고문)|시보20240905_p3-79|시보20260513_p313-367|시보20260624_p721-728|시보20260805_p377-447
동작구,사당동,2031-08-11,지정 종료,공공재개발|국제교류복합지구|모아타운|서울전역아파트|신속통합기획|자연녹지|정비사업후보지|주요재건축단지,국토교통부공고제2025-1219호(토지거래허가구역 지정 공고문)|시보20221230_p179-233|시보20231220_p249-307|시보20240905_p3-79|시보20241114_p608-610|시보20241
동작구,상도동,2031-08-11,지정 종료,공공재개발|국제교류복합지구|모아타운|서울전역아파트|신속통합기획|정비사업후보지|주요재건축단지,국토교통부공고제2025-1219호(토지거래허가구역 지정 공고문)|시보20211228_p17-40|시보20221223_p7-30|시보20221230_p179-233|시보20231220_p249-307|시보2024090
동작구,신대방동,2031-08-11,지정 종료,공공재개발|모아타운|서울전역아파트|신속통합기획|정비사업후보지,국토교통부공고제2025-1219호(토지거래허가구역 지정 공고문)|시보20260805_p377-447
동작구,흑석동,2031-08-11,지정 종료,공공재개발|모아타운|서울전역아파트|신속통합기획|정비사업후보지|주요재건축단지,국토교통부공고제2025-1219호(토지거래허가구역 지정 공고문)|시보20240118_p119-141|시보20241218_p364-437|시보20251217_p614-692|시보20260805_p377-447
마포구,공덕동,2031-08-11,지정 종료,공공재개발|모아타운|서울전역아파트|신속통합기획|정비사업후보지|주요재건축단지,국토교통부공고제2025-1219호(토지거래허가구역 지정 공고문)|시보20211228_p17-40|시보20221223_p7-30|시보20231220_p249-307|시보20240731_p291-312|시보2024121
마포구,아현동,2031-08-11,지정 종료,공공재개발|국제교류복합지구|모아타운|서울전역아파트|신속통합기획|정비사업후보지|주요재건축단지,국토교통부공고제2025-1219호(토지거래허가구역 지정 공고문)|시보20250925_p151-164|시보20260805_p377-447
서대문구,북가좌동,2031-08-11,지정 종료,공공재개발|국제교류복합지구|모아타운|서울전역아파트|신속통합기획|자연녹지|정비사업후보지,국토교통부공고제2025-1219호(토지거래허가구역 지정 공고문)|시보20250314_p3-51|시보20260316_p419-470|시보20260513_p313-367|시보20260805_p377-447
서대문구,옥천동,2031-08-11,지정 종료,공공재개발|모아타운|서울전역아파트|신속통합기획|정비사업후보지|주요재건축단지,국토교통부공고제2025-1219호(토지거래허가구역 지정 공고문)|시보20240905_p3-79|시보20260316_p419-470|시보20260805_p377-447
서대문구,천연동,2031-08-11,지정 종료,공공재개발|모아타운|서울전역아파트|신속통합기획|정비사업후보지|주요재건축단지,국토교통부공고제2025-1219호(토지거래허가구역 지정 공고문)|시보20240905_p3-79|시보20260805_p377-447
서초구,서초동,2031-08-11,지정 종료,공공재개발|모아타운|서울전역아파트|신속통합기획|정비사업후보지,국토교통부공고제2025-1219호(토지거래허가구역 지정 공고문)|시보20250827_p1056-1070|시보20260805_p377-447
서초구,잠원동,2031-08-11,지정 종료,공공재개발|모아타운|서울전역아파트|신속통합기획|정비사업후보지,국토교통부공고제2025-1219호(토지거래허가구역 지정 공고문)|시보20260805_p377-447
성북구,삼선동1가,2031-08-11,지정 종료,공공재개발|모아타운|서울전역아파트|신속통합기획|정비사업후보지,국토교통부공고제2025-1219호(토지거래허가구역 지정 공고문)|시보20260805_p377-447
성북구,삼선동3가,2031-08-11,지정 종료,공공재개발|모아타운|서울전역아파트|신속통합기획|정비사업후보지,국토교통부공고제2025-1219호(토지거래허가구역 지정 공고문)|시보20260211_p499-512|시보20260805_p377-447
성북구,석관동,2031-08-11,지정 종료,공공재개발|국제교류복합지구|모아타운|미분류|서울전역아파트|신속통합기획|자연녹지|정비사업후보지|주요재건축단지,국토교통부공고제2025-1219호(토지거래허가구역 지정 공고문)|시보20220124_p7-53|시보20221230_p179-233|시보20231220_p249-307|시보20240905_p3-79|시보20241218
성북구,장위동,2031-08-11,지정 종료,공공재개발|국제교류복합지구|모아타운|서울전역아파트|신속통합기획|자연녹지|정비사업후보지,국토교통부공고제2025-1219호(토지거래허가구역 지정 공고문)|시보20210330_p16-33|시보20220323_p91-108|시보20230322_p181-205|시보20240320_p339-342|시보20250
성북구,정릉동,2031-08-11,지정 종료,공공재개발|국제교류복합지구|모아타운|서울전역아파트|신규주택공급후보지|신속통합기획|정비사업후보지|주요재건축단지,국토교통부공고제2025-1219호(토지거래허가구역 지정 공고문)|국토교통부공고제2026-1079호(토지거래허가구역 지정 공고)|시보20240529_p301-309|시보20240808_p4-7|시보20240905_p3
성북구,하월곡동,2031-08-11,지정 종료,공공재개발|국제교류복합지구|모아타운|서울전역아파트|신속통합기획|자연녹지|정비사업후보지|주요재건축단지,국토교통부공고제2025-1219호(토지거래허가구역 지정 공고문)|시보20241218_p364-437|시보20251217_p614-692|시보20260211_p499-512|시보20260513_p313-367|시보20
양천구,신월동,2031-08-11,지정 종료,공공재개발|국제교류복합지구|모아타운|서울전역아파트|신규주택공급후보지|신속통합기획|자연녹지|정비사업후보지|주요재건축단지,국토교통부공고제2025-1219호(토지거래허가구역 지정 공고문)|국토교통부공고제2026-1079호(토지거래허가구역 지정 공고)|시보20210330_p16-33|시보20220323_p91-108|시보20220826_p
양천구,신정동,2031-08-11,지정 종료,공공재개발|국제교류복합지구|모아타운|미분류|서울전역아파트|신규주택공급후보지|신속통합기획|정비사업후보지|주요재건축단지,국토교통부공고제2025-1219호(토지거래허가구역 지정 공고문)|국토교통부공고제2026-1079호(토지거래허가구역 지정 공고)|시보20220124_p7-53|시보20230118_p234-257|시보20240118_p
영등포구,도림동,2031-08-11,지정 종료,공공재개발|국제교류복합지구|모아타운|서울전역아파트|신속통합기획|정비사업후보지|주요재건축단지,국토교통부공고제2025-1219호(토지거래허가구역 지정 공고문)|시보20250925_p151-164|시보20260805_p377-447
영등포구,신길동,2031-08-11,지정 종료,공공재개발|모아타운|미분류|서울전역아파트|신속통합기획|정비사업후보지|주요재건축단지,국토교통부공고제2025-1219호(토지거래허가구역 지정 공고문)|시보20210330_p16-33|시보20220124_p7-53|시보20220323_p91-108|시보20220826_p38-82|시보20230118_p
용산구,서빙고동,2031-08-11,지정 종료,공공재개발|모아타운|서울전역아파트|신속통합기획|외국인|정비사업후보지|주요재건축단지,국토교통부공고제2025-1219호(토지거래허가구역 지정 공고문)|국토교통부공고제2026-1105호(토지거래허가구역 재지정 공고)|시보20260805_p377-447
용산구,신창동,2031-08-11,지정 종료,공공재개발|모아타운|서울전역아파트|신속통합기획|외국인|정비사업후보지|주요재건축단지,국토교통부공고제2025-1219호(토지거래허가구역 지정 공고문)|국토교통부공고제2026-1105호(토지거래허가구역 재지정 공고)|시보20260624_p721-728|시보20260805_p377-447
용산구,후암동,2031-08-11,지정 종료,공공재개발|국제교류복합지구|모아타운|서울전역아파트|신속통합기획|외국인|정비사업후보지|주요재건축단지,국토교통부공고제2025-1219호(토지거래허가구역 지정 공고문)|국토교통부공고제2026-1105호(토지거래허가구역 재지정 공고)|시보20240731_p291-312|시보20241017_p245-252|시보202503
은평구,갈현동,2031-08-11,지정 종료,공공재개발|모아타운|서울전역아파트|신속통합기획|외국인|정비사업후보지|주요재건축단지,국토교통부공고제2025-1219호(토지거래허가구역 지정 공고문)|국토교통부공고제2026-1105호(토지거래허가구역 재지정 공고)|시보20260805_p377-447
은평구,녹번동,2031-08-11,지정 종료,공공재개발|모아타운|서울전역아파트|신속통합기획|외국인|정비사업후보지|주요재건축단지,국토교통부공고제2025-1219호(토지거래허가구역 지정 공고문)|국토교통부공고제2026-1105호(토지거래허가구역 재지정 공고)|시보20251106_p1135-1144|시보20260805_p377-447
은평구,응암동,2031-08-11,지정 종료,공공재개발|모아타운|서울전역아파트|신속통합기획|외국인|정비사업후보지|주요재건축단지,국토교통부공고제2025-1219호(토지거래허가구역 지정 공고문)|국토교통부공고제2026-1105호(토지거래허가구역 재지정 공고)|시보20260211_p499-512|시보20260805_p377-447
중랑구,망우동,2031-08-11,지정 종료,공공재개발|국제교류복합지구|모아타운|미분류|서울전역아파트|신규주택공급후보지|신속통합기획|외국인|정비사업후보지|주요재건축단지,국토교통부공고제2025-1219호(토지거래허가구역 지정 공고문)|국토교통부공고제2026-1079호(토지거래허가구역 지정 공고)|국토교통부공고제2026-1105호(토지거래허가구역 재지정 공고)|시보20220124_p7
중랑구,면목동,2031-08-11,지정 종료,공공재개발|국제교류복합지구|모아타운|미분류|서울전역아파트|신규주택공급후보지|신속통합기획|외국인|정비사업후보지|주요재건축단지,국토교통부공고제2025-1219호(토지거래허가구역 지정 공고문)|국토교통부공고제2026-1079호(토지거래허가구역 지정 공고)|국토교통부공고제2026-1105호(토지거래허가구역 재지정 공고)|시보20211228_p1
