자치구,법정동,연월,상태,계열
강남구,개포동,2024-08,지정,국제교류복합지구
강남구,개포동,2024-09,지정,국제교류복합지구
강남구,개포동,2024-10,지정,국제교류복합지구
강남구,개포동,2024-11,지정,국제교류복합지구
강남구,개포동,2024-12,지정,국제교류복합지구
강남구,개포동,2025-01,불명,
강남구,개포동,2025-02,불명,
강남구,개포동,2025-03,불명,
강남구,개포동,2025-04,불명,
강남구,개포동,2025-05,불명,
강남구,개포동,2025-06,불명,
강남구,개포동,2025-07,불명,
강남구,개포동,2025-08,불명,
강남구,개포동,2025-09,불명,
강남구,개포동,2025-10,불명,
강남구,개포동,2025-11,불명,
강남구,개포동,2025-12,불명,
강남구,개포동,2026-01,불명,
강남구,개포동,2026-02,불명,
강남구,개포동,2026-03,불명,
강남구,개포동,2026-04,불명,
강남구,개포동,2026-05,불명,
강남구,개포동,2026-06,불명,
강남구,개포동,2026-07,불명,
강남구,개포동,2026-08,지정,신규주택공급후보지
강남구,대치동,2020-06,지정,국제교류복합지구
강남구,대치동,2020-07,지정,국제교류복합지구
강남구,대치동,2020-08,지정,국제교류복합지구
강남구,대치동,2020-09,지정,국제교류복합지구
강남구,대치동,2020-10,지정,국제교류복합지구
강남구,대치동,2020-11,지정,국제교류복합지구
강남구,대치동,2020-12,지정,국제교류복합지구
강남구,대치동,2021-01,지정,국제교류복합지구
강남구,대치동,2021-02,지정,국제교류복합지구
강남구,대치동,2021-03,지정,국제교류복합지구
강남구,대치동,2021-04,지정,국제교류복합지구
강남구,대치동,2021-05,지정,국제교류복합지구
강남구,대치동,2021-06,지정,국제교류복합지구
강남구,대치동,2021-07,지정,국제교류복합지구
강남구,대치동,2021-08,지정,국제교류복합지구
강남구,대치동,2021-09,지정,국제교류복합지구
강남구,대치동,2021-10,지정,국제교류복합지구
강남구,대치동,2021-11,지정,국제교류복합지구
강남구,대치동,2021-12,지정,국제교류복합지구
강남구,대치동,2022-01,지정,국제교류복합지구
강남구,대치동,2022-02,지정,국제교류복합지구
강남구,대치동,2022-03,지정,국제교류복합지구
강남구,대치동,2022-04,지정,국제교류복합지구
강남구,대치동,2022-05,지정,국제교류복합지구
강남구,대치동,2022-06,지정,국제교류복합지구
강남구,대치동,2022-07,지정,국제교류복합지구
강남구,대치동,2022-08,지정,국제교류복합지구
강남구,대치동,2022-09,지정,국제교류복합지구
강남구,대치동,2022-10,지정,국제교류복합지구
강남구,대치동,2022-11,지정,국제교류복합지구
강남구,대치동,2022-12,지정,국제교류복합지구
강남구,대치동,2023-01,지정,국제교류복합지구
강남구,대치동,2023-02,지정,국제교류복합지구
강남구,대치동,2023-03,지정,국제교류복합지구
강남구,대치동,2023-04,지정,국제교류복합지구
강남구,대치동,2023-05,지정,국제교류복합지구
강남구,대치동,2023-06,지정,국제교류복합지구
강남구,대치동,2023-07,지정,국제교류복합지구
강남구,대치동,2023-08,지정,국제교류복합지구
강남구,대치동,2023-09,지정,국제교류복합지구
강남구,대치동,2023-10,지정,국제교류복합지구
강남구,대치동,2023-11,지정,국제교류복합지구
강남구,대치동,2023-12,지정,국제교류복합지구
강남구,대치동,2024-01,지정,국제교류복합지구
강남구,대치동,2024-02,지정,국제교류복합지구
강남구,대치동,2024-03,지정,국제교류복합지구
강남구,대치동,2024-04,지정,국제교류복합지구
강남구,대치동,2024-05,지정,국제교류복합지구
강남구,대치동,2024-06,지정,국제교류복합지구
강남구,대치동,2024-07,지정,국제교류복합지구
강남구,대치동,2024-08,지정,국제교류복합지구
강남구,대치동,2024-09,지정,국제교류복합지구
강남구,대치동,2024-10,지정,국제교류복합지구
강남구,대치동,2024-11,지정,국제교류복합지구
강남구,대치동,2024-12,지정,국제교류복합지구
강남구,대치동,2025-01,지정,국제교류복합지구
강남구,대치동,2025-02,지정,국제교류복합지구
강남구,대치동,2025-03,지정,국제교류복합지구
강남구,대치동,2025-04,지정,국제교류복합지구
강남구,대치동,2025-05,지정,국제교류복합지구
강남구,대치동,2025-06,지정,국제교류복합지구
강남구,삼성동,2020-06,지정,국제교류복합지구
강남구,삼성동,2020-07,지정,국제교류복합지구
강남구,삼성동,2020-08,지정,국제교류복합지구
강남구,삼성동,2020-09,지정,국제교류복합지구
강남구,삼성동,2020-10,지정,국제교류복합지구
강남구,삼성동,2020-11,지정,국제교류복합지구
강남구,삼성동,2020-12,지정,국제교류복합지구
강남구,삼성동,2021-01,지정,국제교류복합지구
강남구,삼성동,2021-02,지정,국제교류복합지구
강남구,삼성동,2021-03,지정,국제교류복합지구
강남구,삼성동,2021-04,지정,국제교류복합지구
강남구,삼성동,2021-05,지정,국제교류복합지구
강남구,삼성동,2021-06,지정,국제교류복합지구
강남구,삼성동,2021-07,지정,국제교류복합지구
강남구,삼성동,2021-08,지정,국제교류복합지구
강남구,삼성동,2021-09,지정,국제교류복합지구
강남구,삼성동,2021-10,지정,국제교류복합지구
강남구,삼성동,2021-11,지정,국제교류복합지구
강남구,삼성동,2021-12,지정,국제교류복합지구
강남구,삼성동,2022-01,지정,국제교류복합지구
강남구,삼성동,2022-02,지정,국제교류복합지구
강남구,삼성동,2022-03,지정,국제교류복합지구
강남구,삼성동,2022-04,지정,국제교류복합지구
강남구,삼성동,2022-05,지정,국제교류복합지구
강남구,삼성동,2022-06,지정,국제교류복합지구
강남구,삼성동,2022-07,지정,국제교류복합지구
강남구,삼성동,2022-08,지정,국제교류복합지구
강남구,삼성동,2022-09,지정,국제교류복합지구
강남구,삼성동,2022-10,지정,국제교류복합지구
강남구,삼성동,2022-11,지정,국제교류복합지구
강남구,삼성동,2022-12,지정,국제교류복합지구
강남구,삼성동,2023-01,지정,국제교류복합지구
강남구,삼성동,2023-02,지정,국제교류복합지구
강남구,삼성동,2023-03,지정,국제교류복합지구
강남구,삼성동,2023-04,지정,국제교류복합지구
강남구,삼성동,2023-05,지정,국제교류복합지구
강남구,삼성동,2023-06,지정,국제교류복합지구
강남구,삼성동,2023-07,지정,국제교류복합지구
강남구,삼성동,2023-08,지정,국제교류복합지구
강남구,삼성동,2023-09,지정,국제교류복합지구
강남구,삼성동,2023-10,지정,국제교류복합지구
강남구,삼성동,2023-11,지정,국제교류복합지구
강남구,삼성동,2023-12,지정,국제교류복합지구
강남구,삼성동,2024-01,지정,국제교류복합지구
강남구,삼성동,2024-02,지정,국제교류복합지구
강남구,삼성동,2024-03,지정,국제교류복합지구
강남구,삼성동,2024-04,지정,국제교류복합지구
강남구,삼성동,2024-05,지정,국제교류복합지구
강남구,삼성동,2024-06,지정,국제교류복합지구
강남구,삼성동,2024-07,지정,국제교류복합지구
강남구,삼성동,2024-08,지정,국제교류복합지구
강남구,삼성동,2024-09,지정,국제교류복합지구
강남구,삼성동,2024-10,지정,국제교류복합지구
강남구,삼성동,2024-11,지정,국제교류복합지구
강남구,삼성동,2024-12,지정,국제교류복합지구
강남구,삼성동,2025-01,지정,국제교류복합지구
강남구,삼성동,2025-02,지정,국제교류복합지구
강남구,삼성동,2025-03,지정,국제교류복합지구
강남구,삼성동,2025-04,지정,국제교류복합지구
강남구,삼성동,2025-05,지정,국제교류복합지구
강남구,삼성동,2025-06,지정,국제교류복합지구
강남구,세곡동,2024-08,지정,국제교류복합지구
강남구,세곡동,2024-09,지정,국제교류복합지구
강남구,세곡동,2024-10,지정,국제교류복합지구
강남구,세곡동,2024-11,지정,국제교류복합지구
강남구,세곡동,2024-12,지정,국제교류복합지구
강남구,세곡동,2025-01,불명,
강남구,세곡동,2025-02,불명,
강남구,세곡동,2025-03,불명,
강남구,세곡동,2025-04,불명,
강남구,세곡동,2025-05,불명,
강남구,세곡동,2025-06,불명,
강남구,세곡동,2025-07,불명,
강남구,세곡동,2025-08,불명,
강남구,세곡동,2025-09,불명,
강남구,세곡동,2025-10,불명,
강남구,세곡동,2025-11,불명,
강남구,세곡동,2025-12,불명,
강남구,세곡동,2026-01,불명,
강남구,세곡동,2026-02,불명,
강남구,세곡동,2026-03,불명,
강남구,세곡동,2026-04,불명,
강남구,세곡동,2026-05,불명,
강남구,세곡동,2026-06,불명,
강남구,세곡동,2026-07,불명,
강남구,세곡동,2026-08,지정,신규주택공급후보지
강남구,수서동,2024-08,지정,국제교류복합지구
강남구,수서동,2024-09,지정,국제교류복합지구
강남구,수서동,2024-10,지정,국제교류복합지구
강남구,수서동,2024-11,지정,국제교류복합지구
강남구,수서동,2024-12,지정,국제교류복합지구
강남구,수서동,2025-01,불명,
강남구,수서동,2025-02,불명,
강남구,수서동,2025-03,불명,
강남구,수서동,2025-04,불명,
강남구,수서동,2025-05,불명,
강남구,수서동,2025-06,불명,
강남구,수서동,2025-07,불명,
강남구,수서동,2025-08,불명,
강남구,수서동,2025-09,불명,
강남구,수서동,2025-10,불명,
강남구,수서동,2025-11,불명,
강남구,수서동,2025-12,불명,
강남구,수서동,2026-01,불명,
강남구,수서동,2026-02,불명,
강남구,수서동,2026-03,불명,
강남구,수서동,2026-04,불명,
강남구,수서동,2026-05,불명,
강남구,수서동,2026-06,불명,
강남구,수서동,2026-07,불명,
강남구,수서동,2026-08,지정,신규주택공급후보지
강남구,압구정동,2021-04,지정,주요재건축단지
강남구,압구정동,2021-05,지정,주요재건축단지
강남구,압구정동,2021-06,지정,주요재건축단지
강남구,압구정동,2021-07,지정,주요재건축단지
강남구,압구정동,2021-08,지정,주요재건축단지
강남구,압구정동,2021-09,지정,주요재건축단지
강남구,압구정동,2021-10,지정,주요재건축단지
강남구,압구정동,2021-11,지정,주요재건축단지
강남구,압구정동,2021-12,지정,주요재건축단지
강남구,압구정동,2022-01,지정,주요재건축단지
강남구,압구정동,2022-02,지정,주요재건축단지
강남구,압구정동,2022-03,지정,주요재건축단지
강남구,압구정동,2022-04,지정,주요재건축단지
강남구,압구정동,2022-05,지정,주요재건축단지
강남구,압구정동,2022-06,지정,주요재건축단지
강남구,압구정동,2022-07,지정,주요재건축단지
강남구,압구정동,2022-08,지정,주요재건축단지
강남구,압구정동,2022-09,지정,주요재건축단지
강남구,압구정동,2022-10,지정,주요재건축단지
강남구,압구정동,2022-11,지정,주요재건축단지
강남구,압구정동,2022-12,지정,주요재건축단지
강남구,압구정동,2023-01,지정,주요재건축단지
강남구,압구정동,2023-02,지정,주요재건축단지
강남구,압구정동,2023-03,지정,주요재건축단지
강남구,압구정동,2023-04,지정,주요재건축단지
강남구,압구정동,2023-05,지정,주요재건축단지
강남구,압구정동,2023-06,지정,주요재건축단지
강남구,압구정동,2023-07,지정,주요재건축단지
강남구,압구정동,2023-08,지정,주요재건축단지
강남구,압구정동,2023-09,지정,주요재건축단지
강남구,압구정동,2023-10,지정,주요재건축단지
강남구,압구정동,2023-11,지정,주요재건축단지
강남구,압구정동,2023-12,지정,주요재건축단지
강남구,압구정동,2024-01,지정,주요재건축단지
강남구,압구정동,2024-02,지정,주요재건축단지
강남구,압구정동,2024-03,지정,주요재건축단지
강남구,압구정동,2024-04,지정,주요재건축단지
강남구,압구정동,2024-05,지정,주요재건축단지
강남구,압구정동,2024-06,지정,주요재건축단지
강남구,압구정동,2024-07,지정,주요재건축단지
강남구,압구정동,2024-08,지정,주요재건축단지
강남구,압구정동,2024-09,지정,주요재건축단지
강남구,압구정동,2024-10,지정,주요재건축단지
강남구,압구정동,2024-11,지정,주요재건축단지
강남구,압구정동,2024-12,지정,주요재건축단지
강남구,압구정동,2025-01,지정,주요재건축단지
강남구,압구정동,2025-02,지정,주요재건축단지
강남구,압구정동,2025-03,지정,주요재건축단지
강남구,압구정동,2025-04,지정,주요재건축단지|주요재건축단지|신속통합기획|모아타운|정비사업후보지
강남구,압구정동,2025-05,지정,주요재건축단지|신속통합기획|모아타운|정비사업후보지
강남구,압구정동,2025-06,지정,주요재건축단지|신속통합기획|모아타운|정비사업후보지
강남구,압구정동,2025-07,지정,주요재건축단지|신속통합기획|모아타운|정비사업후보지
강남구,압구정동,2025-08,지정,주요재건축단지|신속통합기획|모아타운|정비사업후보지
강남구,압구정동,2025-09,지정,주요재건축단지|신속통합기획|모아타운|정비사업후보지
강남구,압구정동,2025-10,지정,주요재건축단지|신속통합기획|모아타운|정비사업후보지
강남구,압구정동,2025-11,지정,주요재건축단지|신속통합기획|모아타운|정비사업후보지
강남구,압구정동,2025-12,지정,주요재건축단지|신속통합기획|모아타운|정비사업후보지
강남구,압구정동,2026-01,지정,주요재건축단지|신속통합기획|모아타운|정비사업후보지
강남구,압구정동,2026-02,지정,주요재건축단지|신속통합기획|모아타운|정비사업후보지
강남구,압구정동,2026-03,지정,주요재건축단지|신속통합기획|모아타운|정비사업후보지
강남구,압구정동,2026-04,지정,주요재건축단지|신속통합기획|모아타운|정비사업후보지
강남구,율현동,2024-08,지정,국제교류복합지구
강남구,율현동,2024-09,지정,국제교류복합지구
강남구,율현동,2024-10,지정,국제교류복합지구
강남구,율현동,2024-11,지정,국제교류복합지구
강남구,율현동,2024-12,지정,국제교류복합지구
강남구,율현동,2025-01,불명,
강남구,율현동,2025-02,불명,
강남구,율현동,2025-03,지정,국제교류복합지구|주요재건축단지
강남구,율현동,2025-04,지정,국제교류복합지구|주요재건축단지
강남구,율현동,2025-05,지정,국제교류복합지구|주요재건축단지
강남구,율현동,2025-06,지정,국제교류복합지구|주요재건축단지
강남구,율현동,2025-07,지정,국제교류복합지구|주요재건축단지
강남구,율현동,2025-08,지정,국제교류복합지구|주요재건축단지
강남구,율현동,2025-09,지정,국제교류복합지구|주요재건축단지
강남구,율현동,2025-10,불명,
강남구,율현동,2025-11,불명,
강남구,율현동,2025-12,불명,
강남구,율현동,2026-01,불명,
강남구,율현동,2026-02,불명,
강남구,율현동,2026-03,불명,
강남구,율현동,2026-04,불명,
강남구,율현동,2026-05,불명,
강남구,율현동,2026-06,불명,
강남구,율현동,2026-07,불명,
강남구,율현동,2026-08,지정,신규주택공급후보지
강남구,일원동,2022-01,지정,미분류
강남구,일원동,2022-02,지정,미분류
강남구,일원동,2022-03,지정,미분류
강남구,일원동,2022-04,지정,미분류
강남구,일원동,2022-05,지정,미분류
강남구,일원동,2022-06,지정,미분류
강남구,일원동,2022-07,지정,미분류
강남구,일원동,2022-08,지정,미분류
강남구,일원동,2022-09,지정,미분류
강남구,일원동,2022-10,지정,미분류
강남구,일원동,2022-11,지정,미분류
강남구,일원동,2022-12,지정,미분류
강남구,일원동,2023-01,지정,미분류
강남구,일원동,2023-02,불명,
강남구,일원동,2023-03,불명,
강남구,일원동,2023-04,불명,
강남구,일원동,2023-05,불명,
강남구,일원동,2023-06,불명,
강남구,일원동,2023-07,불명,
강남구,일원동,2023-08,불명,
강남구,일원동,2023-09,불명,
강남구,일원동,2023-10,불명,
강남구,일원동,2023-11,불명,
강남구,일원동,2023-12,불명,
강남구,일원동,2024-01,불명,
강남구,일원동,2024-02,불명,
강남구,일원동,2024-03,불명,
강남구,일원동,2024-04,불명,
강남구,일원동,2024-05,불명,
강남구,일원동,2024-06,불명,
강남구,일원동,2024-07,불명,
강남구,일원동,2024-08,지정,국제교류복합지구
강남구,일원동,2024-09,지정,국제교류복합지구
강남구,일원동,2024-10,지정,국제교류복합지구
강남구,일원동,2024-11,지정,국제교류복합지구
강남구,일원동,2024-12,지정,국제교류복합지구
강남구,일원동,2025-01,불명,
강남구,일원동,2025-02,불명,
강남구,일원동,2025-03,지정,국제교류복합지구|주요재건축단지
강남구,일원동,2025-04,지정,국제교류복합지구|주요재건축단지
강남구,일원동,2025-05,지정,국제교류복합지구|주요재건축단지
강남구,일원동,2025-06,지정,국제교류복합지구|주요재건축단지
강남구,일원동,2025-07,지정,국제교류복합지구|주요재건축단지
강남구,일원동,2025-08,지정,국제교류복합지구|주요재건축단지
강남구,일원동,2025-09,지정,국제교류복합지구|주요재건축단지
강남구,일원동,2025-10,불명,
강남구,일원동,2025-11,불명,
강남구,일원동,2025-12,불명,
강남구,일원동,2026-01,불명,
강남구,일원동,2026-02,불명,
강남구,일원동,2026-03,불명,
강남구,일원동,2026-04,불명,
강남구,일원동,2026-05,불명,
강남구,일원동,2026-06,불명,
강남구,일원동,2026-07,불명,
강남구,일원동,2026-08,지정,신규주택공급후보지
강남구,자곡동,2024-08,지정,국제교류복합지구
강남구,자곡동,2024-09,지정,국제교류복합지구
강남구,자곡동,2024-10,지정,국제교류복합지구
강남구,자곡동,2024-11,지정,국제교류복합지구
강남구,자곡동,2024-12,지정,국제교류복합지구
강남구,자곡동,2025-01,불명,
강남구,자곡동,2025-02,불명,
강남구,자곡동,2025-03,지정,국제교류복합지구|주요재건축단지
강남구,자곡동,2025-04,지정,국제교류복합지구|주요재건축단지
강남구,자곡동,2025-05,지정,국제교류복합지구|주요재건축단지
강남구,자곡동,2025-06,지정,국제교류복합지구|주요재건축단지
강남구,자곡동,2025-07,지정,국제교류복합지구|주요재건축단지
강남구,자곡동,2025-08,지정,국제교류복합지구|주요재건축단지
강남구,자곡동,2025-09,지정,국제교류복합지구|주요재건축단지
강남구,자곡동,2025-10,불명,
강남구,자곡동,2025-11,불명,
강남구,자곡동,2025-12,불명,
강남구,자곡동,2026-01,불명,
강남구,자곡동,2026-02,불명,
강남구,자곡동,2026-03,불명,
강남구,자곡동,2026-04,불명,
강남구,자곡동,2026-05,불명,
강남구,자곡동,2026-06,불명,
강남구,자곡동,2026-07,불명,
강남구,자곡동,2026-08,지정,신규주택공급후보지
강남구,청담동,2020-06,지정,국제교류복합지구
강남구,청담동,2020-07,지정,국제교류복합지구
강남구,청담동,2020-08,지정,국제교류복합지구
강남구,청담동,2020-09,지정,국제교류복합지구
강남구,청담동,2020-10,지정,국제교류복합지구
강남구,청담동,2020-11,지정,국제교류복합지구
강남구,청담동,2020-12,지정,국제교류복합지구
강남구,청담동,2021-01,지정,국제교류복합지구
강남구,청담동,2021-02,지정,국제교류복합지구
강남구,청담동,2021-03,지정,국제교류복합지구
강남구,청담동,2021-04,지정,국제교류복합지구
강남구,청담동,2021-05,지정,국제교류복합지구
강남구,청담동,2021-06,지정,국제교류복합지구
강남구,청담동,2021-07,지정,국제교류복합지구
강남구,청담동,2021-08,지정,국제교류복합지구
강남구,청담동,2021-09,지정,국제교류복합지구
강남구,청담동,2021-10,지정,국제교류복합지구
강남구,청담동,2021-11,지정,국제교류복합지구
강남구,청담동,2021-12,지정,국제교류복합지구
강남구,청담동,2022-01,지정,국제교류복합지구
강남구,청담동,2022-02,지정,국제교류복합지구
강남구,청담동,2022-03,지정,국제교류복합지구
강남구,청담동,2022-04,지정,국제교류복합지구
강남구,청담동,2022-05,지정,국제교류복합지구
강남구,청담동,2022-06,지정,국제교류복합지구
강남구,청담동,2022-07,지정,국제교류복합지구
강남구,청담동,2022-08,지정,국제교류복합지구
강남구,청담동,2022-09,지정,국제교류복합지구
강남구,청담동,2022-10,지정,국제교류복합지구
강남구,청담동,2022-11,지정,국제교류복합지구
강남구,청담동,2022-12,지정,국제교류복합지구
강남구,청담동,2023-01,지정,국제교류복합지구
강남구,청담동,2023-02,지정,국제교류복합지구
강남구,청담동,2023-03,지정,국제교류복합지구
강남구,청담동,2023-04,지정,국제교류복합지구
강남구,청담동,2023-05,지정,국제교류복합지구
강남구,청담동,2023-06,지정,국제교류복합지구
강남구,청담동,2023-07,지정,국제교류복합지구
강남구,청담동,2023-08,지정,국제교류복합지구
강남구,청담동,2023-09,지정,국제교류복합지구
강남구,청담동,2023-10,지정,국제교류복합지구
강남구,청담동,2023-11,지정,국제교류복합지구
강남구,청담동,2023-12,지정,국제교류복합지구
강남구,청담동,2024-01,지정,국제교류복합지구
강남구,청담동,2024-02,지정,국제교류복합지구
강남구,청담동,2024-03,지정,국제교류복합지구
강남구,청담동,2024-04,지정,국제교류복합지구
강남구,청담동,2024-05,지정,국제교류복합지구
강남구,청담동,2024-06,지정,국제교류복합지구
강남구,청담동,2024-07,지정,국제교류복합지구
강남구,청담동,2024-08,지정,국제교류복합지구
강남구,청담동,2024-09,지정,국제교류복합지구
강남구,청담동,2024-10,지정,국제교류복합지구
강남구,청담동,2024-11,지정,국제교류복합지구
강남구,청담동,2024-12,지정,국제교류복합지구
강남구,청담동,2025-01,지정,국제교류복합지구
강남구,청담동,2025-02,지정,국제교류복합지구
강남구,청담동,2025-03,지정,국제교류복합지구|국제교류복합지구|주요재건축단지
강남구,청담동,2025-04,지정,국제교류복합지구|국제교류복합지구|주요재건축단지
강남구,청담동,2025-05,지정,국제교류복합지구|국제교류복합지구|주요재건축단지
강남구,청담동,2025-06,지정,국제교류복합지구|국제교류복합지구|주요재건축단지
강남구,청담동,2025-07,지정,국제교류복합지구|주요재건축단지
강남구,청담동,2025-08,지정,국제교류복합지구|주요재건축단지
강남구,청담동,2025-09,지정,국제교류복합지구|주요재건축단지
강남구,청담동,2025-10,지정,국제교류복합지구|주요재건축단지|신속통합기획|공공재개발|정비사업후보지
강남구,청담동,2025-11,지정,국제교류복합지구|주요재건축단지|신속통합기획|공공재개발|정비사업후보지
강남구,청담동,2025-12,지정,국제교류복합지구|주요재건축단지|신속통합기획|공공재개발|정비사업후보지
강남구,청담동,2026-01,지정,국제교류복합지구|주요재건축단지|신속통합기획|공공재개발|정비사업후보지
강남구,청담동,2026-02,지정,국제교류복합지구|주요재건축단지|신속통합기획|공공재개발|정비사업후보지
강남구,청담동,2026-03,지정,국제교류복합지구|주요재건축단지|신속통합기획|공공재개발|정비사업후보지
강남구,청담동,2026-04,지정,국제교류복합지구|주요재건축단지|신속통합기획|공공재개발|정비사업후보지
강남구,청담동,2026-05,지정,국제교류복합지구|주요재건축단지|신속통합기획|공공재개발|정비사업후보지
강남구,청담동,2026-06,지정,국제교류복합지구|주요재건축단지|신속통합기획|공공재개발|정비사업후보지
강남구,청담동,2026-07,지정,국제교류복합지구|주요재건축단지|신속통합기획|공공재개발|정비사업후보지
강남구,청담동,2026-08,지정,국제교류복합지구|주요재건축단지|신속통합기획|공공재개발|정비사업후보지
강동구,강일동,2024-08,지정,국제교류복합지구
강동구,강일동,2024-09,지정,국제교류복합지구
강동구,강일동,2024-10,지정,국제교류복합지구
강동구,강일동,2024-11,지정,국제교류복합지구
강동구,강일동,2024-12,지정,국제교류복합지구
강동구,고덕동,2024-08,지정,국제교류복합지구
강동구,고덕동,2024-09,지정,국제교류복합지구
강동구,고덕동,2024-10,지정,국제교류복합지구
강동구,고덕동,2024-11,지정,국제교류복합지구
강동구,고덕동,2024-12,지정,국제교류복합지구
강동구,길동,2024-08,지정,국제교류복합지구
강동구,길동,2024-09,지정,국제교류복합지구
강동구,길동,2024-10,지정,국제교류복합지구
강동구,길동,2024-11,지정,국제교류복합지구
강동구,길동,2024-12,지정,국제교류복합지구
강동구,둔촌동,2024-08,지정,국제교류복합지구
강동구,둔촌동,2024-09,지정,국제교류복합지구|주요재건축단지|모아타운
강동구,둔촌동,2024-10,지정,국제교류복합지구|주요재건축단지|모아타운
강동구,둔촌동,2024-11,지정,국제교류복합지구|주요재건축단지|모아타운
강동구,둔촌동,2024-12,지정,국제교류복합지구|주요재건축단지|모아타운
강동구,둔촌동,2025-01,지정,주요재건축단지|모아타운
강동구,둔촌동,2025-02,지정,주요재건축단지|모아타운
강동구,둔촌동,2025-03,지정,주요재건축단지|모아타운
강동구,둔촌동,2025-04,지정,주요재건축단지|모아타운
강동구,둔촌동,2025-05,지정,주요재건축단지|모아타운
강동구,둔촌동,2025-06,지정,주요재건축단지|모아타운
강동구,둔촌동,2025-07,지정,주요재건축단지|모아타운
강동구,둔촌동,2025-08,지정,주요재건축단지|모아타운
강동구,둔촌동,2025-09,지정,주요재건축단지|모아타운
강동구,둔촌동,2025-10,지정,주요재건축단지|모아타운
강동구,둔촌동,2025-11,지정,주요재건축단지|모아타운
강동구,둔촌동,2025-12,지정,주요재건축단지|모아타운
강동구,둔촌동,2026-01,지정,주요재건축단지|모아타운
강동구,둔촌동,2026-02,지정,주요재건축단지|모아타운
강동구,둔촌동,2026-03,지정,주요재건축단지|모아타운
강동구,둔촌동,2026-04,지정,주요재건축단지|모아타운
강동구,둔촌동,2026-05,지정,주요재건축단지|모아타운
강동구,둔촌동,2026-06,지정,주요재건축단지|모아타운
강동구,둔촌동,2026-07,지정,주요재건축단지|모아타운
강동구,둔촌동,2026-08,지정,주요재건축단지|모아타운
강동구,명일동,2023-01,지정,신속통합기획|공공재개발
강동구,명일동,2023-02,지정,신속통합기획|공공재개발
강동구,명일동,2023-03,지정,신속통합기획|공공재개발
강동구,명일동,2023-04,지정,신속통합기획|공공재개발
강동구,명일동,2023-05,지정,신속통합기획|공공재개발
강동구,명일동,2023-06,지정,신속통합기획|공공재개발
강동구,명일동,2023-07,지정,신속통합기획|공공재개발
강동구,명일동,2023-08,지정,신속통합기획|공공재개발
강동구,명일동,2023-09,지정,신속통합기획|공공재개발
강동구,명일동,2023-10,지정,신속통합기획|공공재개발
강동구,명일동,2023-11,지정,신속통합기획|공공재개발
강동구,명일동,2023-12,지정,신속통합기획|공공재개발
강동구,명일동,2024-01,지정,신속통합기획|공공재개발|신속통합기획|공공재개발|정비사업후보지
강동구,명일동,2024-02,지정,신속통합기획|공공재개발|정비사업후보지
강동구,명일동,2024-03,지정,신속통합기획|공공재개발|정비사업후보지
강동구,명일동,2024-04,지정,신속통합기획|공공재개발|정비사업후보지
강동구,명일동,2024-05,지정,신속통합기획|공공재개발|정비사업후보지
강동구,명일동,2024-06,지정,신속통합기획|공공재개발|정비사업후보지
강동구,명일동,2024-07,지정,신속통합기획|공공재개발|정비사업후보지
강동구,명일동,2024-08,지정,국제교류복합지구|신속통합기획|공공재개발|정비사업후보지
강동구,명일동,2024-09,지정,국제교류복합지구|신속통합기획|공공재개발|정비사업후보지
강동구,명일동,2024-10,지정,국제교류복합지구|신속통합기획|공공재개발|정비사업후보지
강동구,명일동,2024-11,지정,국제교류복합지구|신속통합기획|공공재개발|정비사업후보지
강동구,명일동,2024-12,지정,국제교류복합지구|신속통합기획|공공재개발|정비사업후보지
강동구,명일동,2025-01,지정,신속통합기획|공공재개발|정비사업후보지
강동구,상일동,2024-08,지정,국제교류복합지구
강동구,상일동,2024-09,지정,국제교류복합지구
강동구,상일동,2024-10,지정,국제교류복합지구
강동구,상일동,2024-11,지정,국제교류복합지구
강동구,상일동,2024-12,지정,국제교류복합지구
강동구,암사동,2024-08,지정,국제교류복합지구
강동구,암사동,2024-09,지정,국제교류복합지구
강동구,암사동,2024-10,지정,국제교류복합지구
강동구,암사동,2024-11,지정,국제교류복합지구
강동구,암사동,2024-12,지정,국제교류복합지구
강동구,암사동,2025-01,불명,
강동구,암사동,2025-02,불명,
강동구,암사동,2025-03,불명,
강동구,암사동,2025-04,불명,
강동구,암사동,2025-05,불명,
강동구,암사동,2025-06,불명,
강동구,암사동,2025-07,불명,
강동구,암사동,2025-08,불명,
강동구,암사동,2025-09,불명,
강동구,암사동,2025-10,불명,
강동구,암사동,2025-11,불명,
강동구,암사동,2025-12,불명,
강동구,암사동,2026-01,불명,
강동구,암사동,2026-02,불명,
강동구,암사동,2026-03,불명,
강동구,암사동,2026-04,불명,
강동구,암사동,2026-05,불명,
강동구,암사동,2026-06,불명,
강동구,암사동,2026-07,불명,
강동구,암사동,2026-08,지정,신규주택공급후보지|신속통합기획|공공재개발|모아타운|정비사업후보지
강동구,천호동,2021-04,지정,공공재개발
강동구,천호동,2021-05,지정,공공재개발
강동구,천호동,2021-06,지정,공공재개발
강동구,천호동,2021-07,지정,공공재개발
강동구,천호동,2021-08,지정,공공재개발
강동구,천호동,2021-09,지정,공공재개발
강동구,천호동,2021-10,지정,공공재개발
강동구,천호동,2021-11,지정,공공재개발
강동구,천호동,2021-12,지정,공공재개발
강동구,천호동,2022-01,지정,공공재개발|정비사업후보지
강동구,천호동,2022-02,지정,공공재개발|정비사업후보지
강동구,천호동,2022-03,지정,공공재개발|정비사업후보지
강동구,천호동,2022-04,지정,공공재개발|정비사업후보지
강동구,천호동,2022-05,지정,공공재개발|정비사업후보지
강동구,천호동,2022-06,지정,공공재개발|정비사업후보지
강동구,천호동,2022-07,지정,공공재개발|정비사업후보지
강동구,천호동,2022-08,지정,공공재개발|정비사업후보지
강동구,천호동,2022-09,지정,공공재개발|정비사업후보지
강동구,천호동,2022-10,지정,공공재개발|정비사업후보지
강동구,천호동,2022-11,지정,공공재개발|정비사업후보지
강동구,천호동,2022-12,지정,공공재개발|정비사업후보지
강동구,천호동,2023-01,지정,공공재개발|정비사업후보지
강동구,천호동,2023-02,지정,공공재개발|정비사업후보지
강동구,천호동,2023-03,지정,공공재개발|정비사업후보지
강동구,천호동,2023-04,지정,공공재개발|신속통합기획|공공재개발|정비사업후보지
강동구,천호동,2023-05,지정,신속통합기획|공공재개발|정비사업후보지
강동구,천호동,2023-06,지정,신속통합기획|공공재개발|정비사업후보지
강동구,천호동,2023-07,지정,신속통합기획|공공재개발|정비사업후보지
강동구,천호동,2023-08,지정,신속통합기획|공공재개발|정비사업후보지
강동구,천호동,2023-09,지정,신속통합기획|공공재개발|정비사업후보지
강동구,천호동,2023-10,지정,신속통합기획|공공재개발|정비사업후보지
강동구,천호동,2023-11,지정,신속통합기획|공공재개발|정비사업후보지
강동구,천호동,2023-12,지정,신속통합기획|공공재개발|정비사업후보지|주요재건축단지|신속통합기획|정비사업후보지
강동구,천호동,2024-01,지정,신속통합기획|공공재개발|정비사업후보지|주요재건축단지|신속통합기획|정비사업후보지
강동구,천호동,2024-02,지정,신속통합기획|공공재개발|주요재건축단지|신속통합기획|정비사업후보지
강동구,천호동,2024-03,지정,신속통합기획|공공재개발|주요재건축단지|신속통합기획|정비사업후보지
강동구,천호동,2024-04,지정,신속통합기획|공공재개발|신속통합기획|공공재개발|정비사업후보지|주요재건축단지|신속통합기획|정비사업후보지
강동구,천호동,2024-05,지정,신속통합기획|공공재개발|정비사업후보지|주요재건축단지|신속통합기획|정비사업후보지
강동구,천호동,2024-06,지정,신속통합기획|공공재개발|정비사업후보지|주요재건축단지|신속통합기획|정비사업후보지
강동구,천호동,2024-07,지정,신속통합기획|공공재개발|정비사업후보지|주요재건축단지|신속통합기획|정비사업후보지
강동구,천호동,2024-08,지정,신속통합기획|공공재개발|정비사업후보지|주요재건축단지|신속통합기획|정비사업후보지
강동구,천호동,2024-09,지정,신속통합기획|공공재개발|정비사업후보지|주요재건축단지|모아타운|주요재건축단지|신속통합기획|정비사업후보지
강동구,천호동,2024-10,지정,신속통합기획|공공재개발|정비사업후보지|주요재건축단지|모아타운|주요재건축단지|신속통합기획|정비사업후보지
강동구,천호동,2024-11,지정,신속통합기획|공공재개발|정비사업후보지|주요재건축단지|모아타운|주요재건축단지|신속통합기획|정비사업후보지
강동구,천호동,2024-12,지정,신속통합기획|공공재개발|정비사업후보지|주요재건축단지|모아타운|주요재건축단지|신속통합기획|정비사업후보지
강동구,천호동,2025-01,지정,신속통합기획|공공재개발|정비사업후보지|주요재건축단지|모아타운|주요재건축단지|신속통합기획|공공재개발|정비사업후보지
강동구,천호동,2025-02,지정,신속통합기획|공공재개발|정비사업후보지|주요재건축단지|모아타운|주요재건축단지|신속통합기획|공공재개발|정비사업후보지
강동구,천호동,2025-03,지정,신속통합기획|공공재개발|정비사업후보지|주요재건축단지|모아타운|주요재건축단지|신속통합기획|공공재개발|정비사업후보지
강동구,천호동,2025-04,지정,신속통합기획|공공재개발|정비사업후보지|주요재건축단지|모아타운|주요재건축단지|신속통합기획|공공재개발|정비사업후보지
강동구,천호동,2025-05,지정,주요재건축단지|모아타운|주요재건축단지|신속통합기획|공공재개발|정비사업후보지
강동구,천호동,2025-06,지정,주요재건축단지|모아타운|주요재건축단지|신속통합기획|공공재개발|정비사업후보지
강동구,천호동,2025-07,지정,주요재건축단지|모아타운|주요재건축단지|신속통합기획|공공재개발|정비사업후보지
강동구,천호동,2025-08,지정,주요재건축단지|모아타운|주요재건축단지|신속통합기획|공공재개발|정비사업후보지
강동구,천호동,2025-09,지정,주요재건축단지|모아타운|주요재건축단지|신속통합기획|공공재개발|정비사업후보지
강동구,천호동,2025-10,지정,주요재건축단지|모아타운|주요재건축단지|신속통합기획|공공재개발|정비사업후보지
강동구,천호동,2025-11,지정,주요재건축단지|모아타운|주요재건축단지|신속통합기획|공공재개발|정비사업후보지
강동구,천호동,2025-12,지정,주요재건축단지|모아타운|주요재건축단지|신속통합기획|공공재개발|정비사업후보지
강동구,천호동,2026-01,지정,주요재건축단지|모아타운|주요재건축단지|신속통합기획|공공재개발|정비사업후보지
강동구,천호동,2026-02,지정,주요재건축단지|모아타운
강동구,천호동,2026-03,지정,주요재건축단지|모아타운
강동구,천호동,2026-04,지정,주요재건축단지|모아타운
강동구,천호동,2026-05,지정,주요재건축단지|모아타운
강동구,천호동,2026-06,지정,주요재건축단지|모아타운
강동구,천호동,2026-07,지정,주요재건축단지|모아타운
강동구,천호동,2026-08,지정,주요재건축단지|모아타운
강북구,미아동,2022-01,지정,미분류
강북구,미아동,2022-02,지정,미분류
강북구,미아동,2022-03,지정,미분류
강북구,미아동,2022-04,지정,미분류
강북구,미아동,2022-05,지정,미분류
강북구,미아동,2022-06,지정,미분류
강북구,미아동,2022-07,지정,미분류
강북구,미아동,2022-08,지정,미분류
강북구,미아동,2022-09,지정,미분류
강북구,미아동,2022-10,지정,미분류
강북구,미아동,2022-11,지정,미분류
강북구,미아동,2022-12,지정,미분류
강북구,미아동,2023-01,지정,미분류|신속통합기획|공공재개발|주요재건축단지|정비사업후보지
강북구,미아동,2023-02,지정,신속통합기획|공공재개발|주요재건축단지|정비사업후보지
강북구,미아동,2023-03,지정,신속통합기획|공공재개발|주요재건축단지|정비사업후보지
강북구,미아동,2023-04,지정,신속통합기획|공공재개발|주요재건축단지|정비사업후보지
강북구,미아동,2023-05,지정,신속통합기획|공공재개발|주요재건축단지|정비사업후보지
강북구,미아동,2023-06,지정,신속통합기획|공공재개발|주요재건축단지|정비사업후보지
강북구,미아동,2023-07,지정,신속통합기획|공공재개발|주요재건축단지|정비사업후보지
강북구,미아동,2023-08,지정,신속통합기획|공공재개발|주요재건축단지|정비사업후보지
강북구,미아동,2023-09,지정,신속통합기획|공공재개발|주요재건축단지|정비사업후보지
강북구,미아동,2023-10,지정,신속통합기획|공공재개발|주요재건축단지|정비사업후보지
강북구,미아동,2023-11,지정,신속통합기획|공공재개발|주요재건축단지|정비사업후보지
강북구,미아동,2023-12,지정,신속통합기획|공공재개발|주요재건축단지|신속통합기획|정비사업후보지|주요재건축단지|정비사업후보지
강북구,미아동,2024-01,지정,신속통합기획|공공재개발|신속통합기획|공공재개발|정비사업후보지|주요재건축단지|신속통합기획|정비사업후보지|주요재건축단지|정비사업후보지
강북구,미아동,2024-02,지정,신속통합기획|공공재개발|정비사업후보지|주요재건축단지|신속통합기획|정비사업후보지
강북구,미아동,2024-03,지정,신속통합기획|공공재개발|정비사업후보지|주요재건축단지|신속통합기획|정비사업후보지
강북구,미아동,2024-04,지정,신속통합기획|공공재개발|정비사업후보지|주요재건축단지|신속통합기획|정비사업후보지
강북구,미아동,2024-05,지정,신속통합기획|공공재개발|정비사업후보지|주요재건축단지|신속통합기획|정비사업후보지
강북구,미아동,2024-06,지정,신속통합기획|공공재개발|정비사업후보지|주요재건축단지|신속통합기획|정비사업후보지
강북구,미아동,2024-07,지정,신속통합기획|공공재개발|정비사업후보지|주요재건축단지|신속통합기획|정비사업후보지
강북구,미아동,2024-08,지정,국제교류복합지구|신속통합기획|공공재개발|정비사업후보지|주요재건축단지|신속통합기획|정비사업후보지
강북구,미아동,2024-09,지정,국제교류복합지구|신속통합기획|공공재개발|정비사업후보지|주요재건축단지|신속통합기획|정비사업후보지
강북구,미아동,2024-10,지정,국제교류복합지구|신속통합기획|공공재개발|정비사업후보지|주요재건축단지|신속통합기획|정비사업후보지
강북구,미아동,2024-11,지정,국제교류복합지구|신속통합기획|공공재개발|정비사업후보지|주요재건축단지|신속통합기획|정비사업후보지
강북구,미아동,2024-12,지정,국제교류복합지구|신속통합기획|공공재개발|정비사업후보지|주요재건축단지|신속통합기획|정비사업후보지
강북구,미아동,2025-01,지정,신속통합기획|공공재개발|정비사업후보지|주요재건축단지|신속통합기획|공공재개발|정비사업후보지
강북구,미아동,2025-02,지정,신속통합기획|공공재개발|정비사업후보지|주요재건축단지|신속통합기획|공공재개발|정비사업후보지
강북구,미아동,2025-03,지정,신속통합기획|공공재개발|정비사업후보지|주요재건축단지|신속통합기획|공공재개발|정비사업후보지
강북구,미아동,2025-04,지정,신속통합기획|공공재개발|정비사업후보지|주요재건축단지|신속통합기획|공공재개발|정비사업후보지
강북구,미아동,2025-05,지정,주요재건축단지|신속통합기획|공공재개발|정비사업후보지
강북구,미아동,2025-06,지정,주요재건축단지|신속통합기획|공공재개발|정비사업후보지
강북구,미아동,2025-07,지정,주요재건축단지|신속통합기획|공공재개발|정비사업후보지
강북구,미아동,2025-08,지정,주요재건축단지|신속통합기획|공공재개발|정비사업후보지
강북구,미아동,2025-09,지정,주요재건축단지|신속통합기획|공공재개발|정비사업후보지
강북구,미아동,2025-10,지정,주요재건축단지|신속통합기획|공공재개발|정비사업후보지
강북구,미아동,2025-11,지정,주요재건축단지|신속통합기획|공공재개발|정비사업후보지
강북구,미아동,2025-12,지정,주요재건축단지|신속통합기획|공공재개발|정비사업후보지
강북구,미아동,2026-01,지정,주요재건축단지|신속통합기획|공공재개발|정비사업후보지
강북구,미안동,2026-08,지정,신규주택공급후보지
강북구,번동,2022-01,지정,미분류
강북구,번동,2022-02,지정,미분류
강북구,번동,2022-03,지정,미분류
강북구,번동,2022-04,지정,미분류
강북구,번동,2022-05,지정,미분류
강북구,번동,2022-06,지정,미분류
강북구,번동,2022-07,지정,미분류
강북구,번동,2022-08,지정,미분류
강북구,번동,2022-09,지정,미분류
강북구,번동,2022-10,지정,미분류
강북구,번동,2022-11,지정,미분류
강북구,번동,2022-12,지정,미분류
강북구,번동,2023-01,지정,미분류|주요재건축단지|정비사업후보지
강북구,번동,2023-02,지정,주요재건축단지|정비사업후보지
강북구,번동,2023-03,지정,주요재건축단지|정비사업후보지
강북구,번동,2023-04,지정,주요재건축단지|정비사업후보지
강북구,번동,2023-05,지정,주요재건축단지|정비사업후보지
강북구,번동,2023-06,지정,주요재건축단지|정비사업후보지
강북구,번동,2023-07,지정,주요재건축단지|정비사업후보지
강북구,번동,2023-08,지정,주요재건축단지|정비사업후보지
강북구,번동,2023-09,지정,주요재건축단지|정비사업후보지
강북구,번동,2023-10,지정,주요재건축단지|정비사업후보지
강북구,번동,2023-11,지정,주요재건축단지|정비사업후보지
강북구,번동,2023-12,지정,주요재건축단지|정비사업후보지
강북구,번동,2024-01,지정,주요재건축단지|정비사업후보지
강북구,번동,2024-02,불명,
강북구,번동,2024-03,불명,
강북구,번동,2024-04,지정,신속통합기획|공공재개발|정비사업후보지
강북구,번동,2024-05,지정,신속통합기획|공공재개발|정비사업후보지
강북구,번동,2024-06,지정,신속통합기획|공공재개발|정비사업후보지
강북구,번동,2024-07,지정,신속통합기획|공공재개발|정비사업후보지
강북구,번동,2024-08,지정,신속통합기획|공공재개발|정비사업후보지
강북구,번동,2024-09,지정,신속통합기획|공공재개발|정비사업후보지|주요재건축단지|모아타운
강북구,번동,2024-10,지정,신속통합기획|공공재개발|정비사업후보지|주요재건축단지|모아타운
강북구,번동,2024-11,지정,신속통합기획|공공재개발|정비사업후보지|주요재건축단지|모아타운
강북구,번동,2024-12,지정,신속통합기획|공공재개발|정비사업후보지|주요재건축단지|모아타운
강북구,번동,2025-01,지정,신속통합기획|공공재개발|정비사업후보지|주요재건축단지|모아타운
강북구,번동,2025-02,지정,신속통합기획|공공재개발|정비사업후보지|주요재건축단지|모아타운
강북구,번동,2025-03,지정,신속통합기획|공공재개발|정비사업후보지|주요재건축단지|모아타운
강북구,번동,2025-04,지정,신속통합기획|공공재개발|정비사업후보지|주요재건축단지|모아타운
강북구,번동,2025-05,지정,주요재건축단지|모아타운
강북구,번동,2025-06,지정,주요재건축단지|모아타운
강북구,번동,2025-07,지정,주요재건축단지|모아타운
강북구,번동,2025-08,지정,주요재건축단지|모아타운
강북구,번동,2025-09,지정,주요재건축단지|모아타운
강북구,번동,2025-10,지정,주요재건축단지|모아타운
강북구,번동,2025-11,지정,주요재건축단지|모아타운
강북구,번동,2025-12,지정,주요재건축단지|모아타운
강북구,번동,2026-01,지정,주요재건축단지|모아타운
강북구,번동,2026-02,지정,주요재건축단지|모아타운
강북구,번동,2026-03,지정,주요재건축단지|모아타운
강북구,번동,2026-04,지정,주요재건축단지|모아타운
강북구,번동,2026-05,지정,주요재건축단지|모아타운
강북구,번동,2026-06,지정,주요재건축단지|모아타운
강북구,번동,2026-07,지정,주요재건축단지|모아타운
강북구,번동,2026-08,지정,주요재건축단지|모아타운
강북구,수유동,2022-01,지정,미분류|정비사업후보지
강북구,수유동,2022-02,지정,미분류|정비사업후보지
강북구,수유동,2022-03,지정,미분류|정비사업후보지
강북구,수유동,2022-04,지정,미분류|정비사업후보지
강북구,수유동,2022-05,지정,미분류|정비사업후보지
강북구,수유동,2022-06,지정,미분류|정비사업후보지
강북구,수유동,2022-07,지정,미분류|정비사업후보지
강북구,수유동,2022-08,지정,미분류|정비사업후보지
강북구,수유동,2022-09,지정,미분류|정비사업후보지
강북구,수유동,2022-10,지정,미분류|정비사업후보지
강북구,수유동,2022-11,지정,미분류|정비사업후보지
강북구,수유동,2022-12,지정,미분류|정비사업후보지
강북구,수유동,2023-01,지정,미분류|정비사업후보지|주요재건축단지|정비사업후보지
강북구,수유동,2023-02,지정,정비사업후보지|주요재건축단지|정비사업후보지
강북구,수유동,2023-03,지정,정비사업후보지|주요재건축단지|정비사업후보지
강북구,수유동,2023-04,지정,정비사업후보지|주요재건축단지|정비사업후보지
강북구,수유동,2023-05,지정,정비사업후보지|주요재건축단지|정비사업후보지
강북구,수유동,2023-06,지정,정비사업후보지|주요재건축단지|정비사업후보지
강북구,수유동,2023-07,지정,정비사업후보지|주요재건축단지|정비사업후보지
강북구,수유동,2023-08,지정,정비사업후보지|주요재건축단지|정비사업후보지
강북구,수유동,2023-09,지정,정비사업후보지|주요재건축단지|정비사업후보지
강북구,수유동,2023-10,지정,정비사업후보지|주요재건축단지|정비사업후보지
강북구,수유동,2023-11,지정,정비사업후보지|주요재건축단지|정비사업후보지
강북구,수유동,2023-12,지정,정비사업후보지|주요재건축단지|신속통합기획|정비사업후보지|주요재건축단지|정비사업후보지
강북구,수유동,2024-01,지정,정비사업후보지|주요재건축단지|신속통합기획|정비사업후보지|주요재건축단지|정비사업후보지
강북구,수유동,2024-02,지정,주요재건축단지|신속통합기획|정비사업후보지
강북구,수유동,2024-03,지정,주요재건축단지|신속통합기획|정비사업후보지
강북구,수유동,2024-04,지정,주요재건축단지|신속통합기획|정비사업후보지
강북구,수유동,2024-05,지정,주요재건축단지|신속통합기획|정비사업후보지
강북구,수유동,2024-06,지정,주요재건축단지|신속통합기획|정비사업후보지
강북구,수유동,2024-07,지정,주요재건축단지|신속통합기획|정비사업후보지
강북구,수유동,2024-08,지정,국제교류복합지구|주요재건축단지|신속통합기획|정비사업후보지
강북구,수유동,2024-09,지정,국제교류복합지구|주요재건축단지|모아타운|주요재건축단지|신속통합기획|정비사업후보지
강북구,수유동,2024-10,지정,국제교류복합지구|주요재건축단지|모아타운|주요재건축단지|신속통합기획|정비사업후보지
강북구,수유동,2024-11,지정,국제교류복합지구|주요재건축단지|모아타운|주요재건축단지|신속통합기획|정비사업후보지
강북구,수유동,2024-12,지정,국제교류복합지구|주요재건축단지|모아타운|주요재건축단지|신속통합기획|정비사업후보지
강북구,수유동,2025-01,지정,주요재건축단지|모아타운
강북구,수유동,2025-02,지정,주요재건축단지|모아타운
강북구,수유동,2025-03,지정,주요재건축단지|모아타운
강북구,수유동,2025-04,지정,주요재건축단지|모아타운
강북구,수유동,2025-05,지정,주요재건축단지|모아타운
강북구,수유동,2025-06,지정,주요재건축단지|모아타운
강북구,수유동,2025-07,지정,주요재건축단지|모아타운
강북구,수유동,2025-08,지정,주요재건축단지|모아타운
강북구,수유동,2025-09,지정,주요재건축단지|모아타운
강북구,수유동,2025-10,지정,주요재건축단지|모아타운
강북구,수유동,2025-11,지정,주요재건축단지|모아타운
강북구,수유동,2025-12,지정,주요재건축단지|모아타운
강북구,수유동,2026-01,지정,주요재건축단지|모아타운
강북구,수유동,2026-02,지정,주요재건축단지|모아타운
강북구,수유동,2026-03,지정,주요재건축단지|모아타운
강북구,수유동,2026-04,지정,주요재건축단지|모아타운
강북구,수유동,2026-05,지정,주요재건축단지|모아타운
강북구,수유동,2026-06,지정,주요재건축단지|모아타운
강북구,수유동,2026-07,지정,주요재건축단지|모아타운
강북구,수유동,2026-08,지정,신규주택공급후보지|주요재건축단지|모아타운
강북구,우이동,2024-08,지정,국제교류복합지구
강북구,우이동,2024-09,지정,국제교류복합지구
강북구,우이동,2024-10,지정,국제교류복합지구
강북구,우이동,2024-11,지정,국제교류복합지구
강북구,우이동,2024-12,지정,국제교류복합지구
강북구,우이동,2025-01,불명,
강북구,우이동,2025-02,불명,
강북구,우이동,2025-03,불명,
강북구,우이동,2025-04,불명,
강북구,우이동,2025-05,불명,
강북구,우이동,2025-06,불명,
강북구,우이동,2025-07,불명,
강북구,우이동,2025-08,불명,
강북구,우이동,2025-09,불명,
강북구,우이동,2025-10,불명,
강북구,우이동,2025-11,불명,
강북구,우이동,2025-12,불명,
강북구,우이동,2026-01,불명,
강북구,우이동,2026-02,불명,
강북구,우이동,2026-03,불명,
강북구,우이동,2026-04,불명,
강북구,우이동,2026-05,불명,
강북구,우이동,2026-06,불명,
강북구,우이동,2026-07,불명,
강북구,우이동,2026-08,지정,신규주택공급후보지
강서구,공항동,2024-09,지정,주요재건축단지|주요재건축단지|모아타운
강서구,공항동,2024-10,지정,주요재건축단지|주요재건축단지|모아타운
강서구,공항동,2024-11,지정,주요재건축단지|주요재건축단지|모아타운
강서구,공항동,2024-12,지정,주요재건축단지|주요재건축단지|모아타운
강서구,공항동,2025-01,지정,주요재건축단지|주요재건축단지|모아타운
강서구,공항동,2025-02,지정,주요재건축단지|주요재건축단지|모아타운
강서구,공항동,2025-03,지정,주요재건축단지|주요재건축단지|모아타운
강서구,공항동,2025-04,지정,주요재건축단지|주요재건축단지|모아타운
강서구,공항동,2025-05,지정,주요재건축단지|주요재건축단지|모아타운
강서구,공항동,2025-06,지정,주요재건축단지|주요재건축단지|모아타운
강서구,공항동,2025-07,지정,주요재건축단지|주요재건축단지|모아타운
강서구,공항동,2025-08,지정,주요재건축단지|주요재건축단지|모아타운
강서구,공항동,2025-09,지정,주요재건축단지|주요재건축단지|모아타운
강서구,공항동,2025-10,지정,주요재건축단지|주요재건축단지|모아타운
강서구,공항동,2025-11,지정,주요재건축단지|주요재건축단지|모아타운
강서구,공항동,2025-12,지정,주요재건축단지|주요재건축단지|모아타운
강서구,공항동,2026-01,지정,주요재건축단지|주요재건축단지|모아타운
강서구,공항동,2026-02,지정,주요재건축단지|주요재건축단지|모아타운
강서구,공항동,2026-03,지정,주요재건축단지|주요재건축단지|모아타운
강서구,공항동,2026-04,지정,주요재건축단지|주요재건축단지|모아타운
강서구,공항동,2026-05,지정,주요재건축단지|주요재건축단지|모아타운
강서구,공항동,2026-06,지정,주요재건축단지|주요재건축단지|모아타운
강서구,공항동,2026-07,지정,주요재건축단지|주요재건축단지|모아타운
강서구,공항동,2026-08,지정,주요재건축단지|주요재건축단지|모아타운
강서구,등촌동,2024-09,지정,주요재건축단지|주요재건축단지|모아타운
강서구,등촌동,2024-10,지정,주요재건축단지|주요재건축단지|모아타운
강서구,등촌동,2024-11,지정,주요재건축단지|주요재건축단지|모아타운
강서구,등촌동,2024-12,지정,주요재건축단지|주요재건축단지|모아타운
강서구,등촌동,2025-01,지정,주요재건축단지|주요재건축단지|모아타운
강서구,등촌동,2025-02,지정,주요재건축단지|주요재건축단지|모아타운
강서구,등촌동,2025-03,지정,주요재건축단지|주요재건축단지|모아타운
강서구,등촌동,2025-04,지정,주요재건축단지|주요재건축단지|모아타운
강서구,등촌동,2025-05,지정,주요재건축단지|주요재건축단지|모아타운
강서구,등촌동,2025-06,지정,주요재건축단지|주요재건축단지|모아타운
강서구,등촌동,2025-07,지정,주요재건축단지|주요재건축단지|모아타운
강서구,등촌동,2025-08,지정,주요재건축단지|주요재건축단지|모아타운
강서구,등촌동,2025-09,지정,주요재건축단지|주요재건축단지|모아타운
강서구,등촌동,2025-10,지정,주요재건축단지|주요재건축단지|모아타운
강서구,등촌동,2025-11,지정,주요재건축단지|주요재건축단지|모아타운
강서구,등촌동,2025-12,지정,주요재건축단지|주요재건축단지|모아타운
강서구,등촌동,2026-01,지정,주요재건축단지|주요재건축단지|모아타운
강서구,등촌동,2026-02,지정,주요재건축단지|주요재건축단지|모아타운
강서구,등촌동,2026-03,지정,주요재건축단지|주요재건축단지|모아타운
강서구,등촌동,2026-04,지정,주요재건축단지|주요재건축단지|모아타운
강서구,등촌동,2026-05,지정,주요재건축단지|주요재건축단지|모아타운
강서구,등촌동,2026-06,지정,주요재건축단지|주요재건축단지|모아타운
강서구,등촌동,2026-07,지정,주요재건축단지|주요재건축단지|모아타운
강서구,등촌동,2026-08,지정,주요재건축단지|주요재건축단지|모아타운
강서구,방화동,2022-01,지정,정비사업후보지
강서구,방화동,2022-02,지정,정비사업후보지
강서구,방화동,2022-03,지정,정비사업후보지
강서구,방화동,2022-04,지정,정비사업후보지
강서구,방화동,2022-05,지정,정비사업후보지
강서구,방화동,2022-06,지정,정비사업후보지
강서구,방화동,2022-07,지정,정비사업후보지
강서구,방화동,2022-08,지정,정비사업후보지
강서구,방화동,2022-09,지정,정비사업후보지
강서구,방화동,2022-10,지정,정비사업후보지
강서구,방화동,2022-11,지정,정비사업후보지
강서구,방화동,2022-12,지정,정비사업후보지
강서구,방화동,2023-01,지정,정비사업후보지
강서구,방화동,2023-02,지정,정비사업후보지
강서구,방화동,2023-03,지정,정비사업후보지
강서구,방화동,2023-04,지정,정비사업후보지
강서구,방화동,2023-05,지정,정비사업후보지
강서구,방화동,2023-06,지정,정비사업후보지
강서구,방화동,2023-07,지정,정비사업후보지
강서구,방화동,2023-08,지정,정비사업후보지
강서구,방화동,2023-09,지정,정비사업후보지
강서구,방화동,2023-10,지정,정비사업후보지
강서구,방화동,2023-11,지정,정비사업후보지
강서구,방화동,2023-12,지정,정비사업후보지
강서구,방화동,2024-01,지정,정비사업후보지
강서구,방화동,2024-02,불명,
강서구,방화동,2024-03,불명,
강서구,방화동,2024-04,불명,
강서구,방화동,2024-05,불명,
강서구,방화동,2024-06,불명,
강서구,방화동,2024-07,불명,
강서구,방화동,2024-08,불명,
강서구,방화동,2024-09,지정,주요재건축단지|주요재건축단지|모아타운
강서구,방화동,2024-10,지정,주요재건축단지|주요재건축단지|모아타운
강서구,방화동,2024-11,지정,주요재건축단지|주요재건축단지|모아타운
강서구,방화동,2024-12,지정,주요재건축단지|주요재건축단지|모아타운
강서구,방화동,2025-01,지정,주요재건축단지|주요재건축단지|모아타운|주요재건축단지|신속통합기획|공공재개발|정비사업후보지
강서구,방화동,2025-02,지정,주요재건축단지|주요재건축단지|모아타운|주요재건축단지|신속통합기획|공공재개발|정비사업후보지
강서구,방화동,2025-03,지정,주요재건축단지|주요재건축단지|모아타운|주요재건축단지|신속통합기획|공공재개발|정비사업후보지
강서구,방화동,2025-04,지정,주요재건축단지|주요재건축단지|모아타운|주요재건축단지|신속통합기획|공공재개발|정비사업후보지
강서구,방화동,2025-05,지정,주요재건축단지|주요재건축단지|모아타운|주요재건축단지|신속통합기획|공공재개발|정비사업후보지
강서구,방화동,2025-06,지정,주요재건축단지|주요재건축단지|모아타운|주요재건축단지|신속통합기획|공공재개발|정비사업후보지
강서구,방화동,2025-07,지정,주요재건축단지|주요재건축단지|모아타운|주요재건축단지|신속통합기획|공공재개발|정비사업후보지
강서구,방화동,2025-08,지정,주요재건축단지|주요재건축단지|모아타운|주요재건축단지|신속통합기획|공공재개발|정비사업후보지
강서구,방화동,2025-09,지정,주요재건축단지|주요재건축단지|모아타운|주요재건축단지|신속통합기획|공공재개발|정비사업후보지
강서구,방화동,2025-10,지정,주요재건축단지|주요재건축단지|모아타운|주요재건축단지|신속통합기획|공공재개발|정비사업후보지
강서구,방화동,2025-11,지정,주요재건축단지|주요재건축단지|모아타운|주요재건축단지|신속통합기획|공공재개발|정비사업후보지
강서구,방화동,2025-12,지정,주요재건축단지|주요재건축단지|모아타운|주요재건축단지|신속통합기획|공공재개발|정비사업후보지
강서구,방화동,2026-01,지정,주요재건축단지|주요재건축단지|모아타운|주요재건축단지|신속통합기획|공공재개발|정비사업후보지
강서구,방화동,2026-02,지정,주요재건축단지|주요재건축단지|모아타운
강서구,방화동,2026-03,지정,주요재건축단지|주요재건축단지|모아타운
강서구,방화동,2026-04,지정,주요재건축단지|주요재건축단지|모아타운
강서구,방화동,2026-05,지정,주요재건축단지|주요재건축단지|모아타운
강서구,방화동,2026-06,지정,주요재건축단지|주요재건축단지|모아타운
강서구,방화동,2026-07,지정,주요재건축단지|주요재건축단지|모아타운
강서구,방화동,2026-08,지정,주요재건축단지|주요재건축단지|모아타운
강서구,오곡동,2020-12,지정,미분류
강서구,오곡동,2021-01,지정,미분류
강서구,오곡동,2021-02,지정,미분류
강서구,오곡동,2021-03,지정,미분류
강서구,오곡동,2021-04,지정,미분류
강서구,오곡동,2021-05,지정,미분류
강서구,오곡동,2021-06,지정,미분류
강서구,오곡동,2021-07,지정,미분류
강서구,오곡동,2021-08,지정,미분류
강서구,오곡동,2021-09,지정,미분류
강서구,오곡동,2021-10,지정,미분류
강서구,오곡동,2021-11,지정,미분류
강서구,오곡동,2021-12,지정,미분류
강서구,오곡동,2022-01,지정,미분류
강서구,오곡동,2022-02,지정,미분류
강서구,오곡동,2022-03,지정,미분류
강서구,오곡동,2022-04,지정,미분류
강서구,오곡동,2022-05,지정,미분류
강서구,오곡동,2022-06,지정,미분류
강서구,오곡동,2022-07,지정,미분류
강서구,오곡동,2022-08,지정,미분류
강서구,오곡동,2022-09,지정,미분류
강서구,오곡동,2022-10,지정,미분류
강서구,오곡동,2022-11,지정,미분류
강서구,오곡동,2022-12,지정,미분류
강서구,오곡동,2023-01,지정,미분류
강서구,오곡동,2023-02,지정,미분류
강서구,오곡동,2023-03,지정,미분류
강서구,오곡동,2023-04,지정,미분류
강서구,오곡동,2023-05,지정,미분류
강서구,오곡동,2023-06,지정,미분류
강서구,오곡동,2023-07,지정,미분류
강서구,오곡동,2023-08,지정,미분류
강서구,오곡동,2023-09,지정,미분류
강서구,오곡동,2023-10,지정,미분류
강서구,오곡동,2023-11,지정,미분류
강서구,오곡동,2023-12,지정,미분류
강서구,오곡동,2024-01,지정,미분류
강서구,오곡동,2024-02,지정,미분류
강서구,오곡동,2024-03,지정,미분류
강서구,오곡동,2024-04,지정,미분류
강서구,오곡동,2024-05,지정,미분류
강서구,오곡동,2024-06,지정,미분류
강서구,오곡동,2024-07,지정,미분류
강서구,오곡동,2024-08,지정,미분류
강서구,오곡동,2024-09,지정,미분류
강서구,오곡동,2024-10,지정,미분류
강서구,오곡동,2024-11,지정,미분류
강서구,오곡동,2024-12,지정,미분류
강서구,오곡동,2025-01,불명,
강서구,오곡동,2025-02,불명,
강서구,오곡동,2025-03,불명,
강서구,오곡동,2025-04,불명,
강서구,오곡동,2025-05,불명,
강서구,오곡동,2025-06,불명,
강서구,오곡동,2025-07,불명,
강서구,오곡동,2025-08,불명,
강서구,오곡동,2025-09,불명,
강서구,오곡동,2025-10,불명,
강서구,오곡동,2025-11,불명,
강서구,오곡동,2025-12,불명,
강서구,오곡동,2026-01,불명,
강서구,오곡동,2026-02,불명,
강서구,오곡동,2026-03,불명,
강서구,오곡동,2026-04,불명,
강서구,오곡동,2026-05,불명,
강서구,오곡동,2026-06,불명,
강서구,오곡동,2026-07,불명,
강서구,오곡동,2026-08,지정,신규주택공급후보지
강서구,오쇠동,2024-08,지정,국제교류복합지구
강서구,오쇠동,2024-09,지정,국제교류복합지구
강서구,오쇠동,2024-10,지정,국제교류복합지구
강서구,오쇠동,2024-11,지정,국제교류복합지구
강서구,오쇠동,2024-12,지정,국제교류복합지구
강서구,오쇠동,2025-01,불명,
강서구,오쇠동,2025-02,불명,
강서구,오쇠동,2025-03,불명,
강서구,오쇠동,2025-04,불명,
강서구,오쇠동,2025-05,불명,
강서구,오쇠동,2025-06,불명,
강서구,오쇠동,2025-07,불명,
강서구,오쇠동,2025-08,불명,
강서구,오쇠동,2025-09,불명,
강서구,오쇠동,2025-10,불명,
강서구,오쇠동,2025-11,불명,
강서구,오쇠동,2025-12,불명,
강서구,오쇠동,2026-01,불명,
강서구,오쇠동,2026-02,불명,
강서구,오쇠동,2026-03,불명,
강서구,오쇠동,2026-04,불명,
강서구,오쇠동,2026-05,불명,
강서구,오쇠동,2026-06,불명,
강서구,오쇠동,2026-07,불명,
강서구,오쇠동,2026-08,지정,신규주택공급후보지
강서구,외발산동,2024-08,지정,국제교류복합지구
강서구,외발산동,2024-09,지정,국제교류복합지구
강서구,외발산동,2024-10,지정,국제교류복합지구
강서구,외발산동,2024-11,지정,국제교류복합지구
강서구,외발산동,2024-12,지정,국제교류복합지구
강서구,외발산동,2025-01,불명,
강서구,외발산동,2025-02,불명,
강서구,외발산동,2025-03,불명,
강서구,외발산동,2025-04,불명,
강서구,외발산동,2025-05,불명,
강서구,외발산동,2025-06,불명,
강서구,외발산동,2025-07,불명,
강서구,외발산동,2025-08,불명,
강서구,외발산동,2025-09,불명,
강서구,외발산동,2025-10,불명,
강서구,외발산동,2025-11,불명,
강서구,외발산동,2025-12,불명,
강서구,외발산동,2026-01,불명,
강서구,외발산동,2026-02,불명,
강서구,외발산동,2026-03,불명,
강서구,외발산동,2026-04,불명,
강서구,외발산동,2026-05,불명,
강서구,외발산동,2026-06,불명,
강서구,외발산동,2026-07,불명,
강서구,외발산동,2026-08,지정,신규주택공급후보지
강서구,화곡동,2024-09,지정,주요재건축단지|주요재건축단지|모아타운
강서구,화곡동,2024-10,지정,주요재건축단지|주요재건축단지|모아타운
강서구,화곡동,2024-11,지정,주요재건축단지|주요재건축단지|모아타운
강서구,화곡동,2024-12,지정,주요재건축단지|주요재건축단지|모아타운
강서구,화곡동,2025-01,지정,주요재건축단지|주요재건축단지|모아타운
강서구,화곡동,2025-02,지정,주요재건축단지|주요재건축단지|모아타운
강서구,화곡동,2025-03,지정,주요재건축단지|주요재건축단지|모아타운
강서구,화곡동,2025-04,지정,주요재건축단지|주요재건축단지|모아타운
강서구,화곡동,2025-05,지정,주요재건축단지|주요재건축단지|모아타운
강서구,화곡동,2025-06,지정,주요재건축단지|주요재건축단지|모아타운
강서구,화곡동,2025-07,지정,주요재건축단지|주요재건축단지|모아타운
강서구,화곡동,2025-08,지정,주요재건축단지|주요재건축단지|모아타운
강서구,화곡동,2025-09,지정,주요재건축단지|주요재건축단지|모아타운
강서구,화곡동,2025-10,지정,주요재건축단지|주요재건축단지|모아타운
강서구,화곡동,2025-11,지정,주요재건축단지|주요재건축단지|모아타운
강서구,화곡동,2025-12,지정,주요재건축단지|주요재건축단지|모아타운
강서구,화곡동,2026-01,지정,주요재건축단지|주요재건축단지|모아타운
강서구,화곡동,2026-02,지정,주요재건축단지|주요재건축단지|모아타운
강서구,화곡동,2026-03,지정,주요재건축단지|주요재건축단지|모아타운
강서구,화곡동,2026-04,지정,주요재건축단지|주요재건축단지|모아타운
강서구,화곡동,2026-05,지정,주요재건축단지|주요재건축단지|모아타운
강서구,화곡동,2026-06,지정,주요재건축단지|주요재건축단지|모아타운
강서구,화곡동,2026-07,지정,주요재건축단지|주요재건축단지|모아타운
강서구,화곡동,2026-08,지정,주요재건축단지|주요재건축단지|모아타운
관악구,남현동,2024-08,지정,국제교류복합지구
관악구,남현동,2024-09,지정,국제교류복합지구
관악구,남현동,2024-10,지정,국제교류복합지구
관악구,남현동,2024-11,지정,국제교류복합지구
관악구,남현동,2024-12,지정,국제교류복합지구
관악구,남현동,2025-01,불명,
관악구,남현동,2025-02,불명,
관악구,남현동,2025-03,불명,
관악구,남현동,2025-04,불명,
관악구,남현동,2025-05,불명,
관악구,남현동,2025-06,불명,
관악구,남현동,2025-07,불명,
관악구,남현동,2025-08,불명,
관악구,남현동,2025-09,불명,
관악구,남현동,2025-10,불명,
관악구,남현동,2025-11,불명,
관악구,남현동,2025-12,불명,
관악구,남현동,2026-01,불명,
관악구,남현동,2026-02,불명,
관악구,남현동,2026-03,불명,
관악구,남현동,2026-04,불명,
관악구,남현동,2026-05,불명,
관악구,남현동,2026-06,불명,
관악구,남현동,2026-07,불명,
관악구,남현동,2026-08,지정,신규주택공급후보지
관악구,봉천동,2024-01,지정,신속통합기획|공공재개발|정비사업후보지
관악구,봉천동,2024-02,지정,신속통합기획|공공재개발|정비사업후보지
관악구,봉천동,2024-03,지정,신속통합기획|공공재개발|정비사업후보지
관악구,봉천동,2024-04,지정,신속통합기획|공공재개발|정비사업후보지
관악구,봉천동,2024-05,지정,신속통합기획|공공재개발|정비사업후보지
관악구,봉천동,2024-06,지정,신속통합기획|공공재개발|정비사업후보지
관악구,봉천동,2024-07,지정,신속통합기획|공공재개발|정비사업후보지
관악구,봉천동,2024-08,지정,국제교류복합지구|신속통합기획|공공재개발|정비사업후보지
관악구,봉천동,2024-09,지정,국제교류복합지구|신속통합기획|공공재개발|정비사업후보지|주요재건축단지|모아타운
관악구,봉천동,2024-10,지정,국제교류복합지구|신속통합기획|공공재개발|정비사업후보지|주요재건축단지|모아타운
관악구,봉천동,2024-11,지정,국제교류복합지구|신속통합기획|공공재개발|정비사업후보지|주요재건축단지|모아타운
관악구,봉천동,2024-12,지정,국제교류복합지구|신속통합기획|공공재개발|정비사업후보지|주요재건축단지|모아타운
관악구,봉천동,2025-01,지정,신속통합기획|공공재개발|정비사업후보지|주요재건축단지|모아타운|주요재건축단지|신속통합기획|공공재개발|정비사업후보지
관악구,봉천동,2025-02,지정,주요재건축단지|모아타운|주요재건축단지|신속통합기획|공공재개발|정비사업후보지
관악구,봉천동,2025-03,지정,주요재건축단지|모아타운|주요재건축단지|신속통합기획|공공재개발|정비사업후보지
관악구,봉천동,2025-04,지정,주요재건축단지|모아타운|주요재건축단지|신속통합기획|공공재개발|정비사업후보지
관악구,봉천동,2025-05,지정,주요재건축단지|모아타운|주요재건축단지|신속통합기획|공공재개발|정비사업후보지
관악구,봉천동,2025-06,지정,주요재건축단지|모아타운|주요재건축단지|신속통합기획|공공재개발|정비사업후보지
관악구,봉천동,2025-07,지정,주요재건축단지|모아타운|주요재건축단지|신속통합기획|공공재개발|정비사업후보지
관악구,봉천동,2025-08,지정,주요재건축단지|모아타운|주요재건축단지|신속통합기획|공공재개발|정비사업후보지
관악구,봉천동,2025-09,지정,주요재건축단지|모아타운|주요재건축단지|신속통합기획|공공재개발|정비사업후보지
관악구,봉천동,2025-10,지정,주요재건축단지|모아타운|주요재건축단지|신속통합기획|공공재개발|정비사업후보지
관악구,봉천동,2025-11,지정,주요재건축단지|모아타운|주요재건축단지|신속통합기획|공공재개발|정비사업후보지
관악구,봉천동,2025-12,지정,주요재건축단지|모아타운|주요재건축단지|신속통합기획|공공재개발|정비사업후보지
관악구,봉천동,2026-01,지정,주요재건축단지|모아타운|주요재건축단지|신속통합기획|공공재개발|정비사업후보지
관악구,봉천동,2026-02,지정,주요재건축단지|모아타운
관악구,봉천동,2026-03,지정,주요재건축단지|모아타운
관악구,봉천동,2026-04,지정,주요재건축단지|모아타운
관악구,봉천동,2026-05,지정,주요재건축단지|모아타운
관악구,봉천동,2026-06,지정,주요재건축단지|모아타운
관악구,봉천동,2026-07,지정,주요재건축단지|모아타운
관악구,봉천동,2026-08,지정,신규주택공급후보지|주요재건축단지|모아타운
관악구,신림동,2022-01,지정,정비사업후보지
관악구,신림동,2022-02,지정,정비사업후보지
관악구,신림동,2022-03,지정,정비사업후보지
관악구,신림동,2022-04,지정,정비사업후보지
관악구,신림동,2022-05,지정,정비사업후보지
관악구,신림동,2022-06,지정,정비사업후보지
관악구,신림동,2022-07,지정,정비사업후보지
관악구,신림동,2022-08,지정,정비사업후보지
관악구,신림동,2022-09,지정,정비사업후보지
관악구,신림동,2022-10,지정,정비사업후보지
관악구,신림동,2022-11,지정,정비사업후보지
관악구,신림동,2022-12,지정,정비사업후보지
관악구,신림동,2023-01,지정,정비사업후보지|주요재건축단지|정비사업후보지
관악구,신림동,2023-02,지정,정비사업후보지|주요재건축단지|정비사업후보지
관악구,신림동,2023-03,지정,정비사업후보지|주요재건축단지|정비사업후보지
관악구,신림동,2023-04,지정,신속통합기획|공공재개발|정비사업후보지|주요재건축단지|정비사업후보지
관악구,신림동,2023-05,지정,신속통합기획|공공재개발|정비사업후보지|주요재건축단지|정비사업후보지
관악구,신림동,2023-06,지정,신속통합기획|공공재개발|정비사업후보지|주요재건축단지|정비사업후보지
관악구,신림동,2023-07,지정,신속통합기획|공공재개발|정비사업후보지|주요재건축단지|정비사업후보지
관악구,신림동,2023-08,지정,신속통합기획|공공재개발|정비사업후보지|주요재건축단지|정비사업후보지
관악구,신림동,2023-09,지정,신속통합기획|공공재개발|정비사업후보지|주요재건축단지|정비사업후보지
관악구,신림동,2023-10,지정,신속통합기획|공공재개발|정비사업후보지|주요재건축단지|정비사업후보지
관악구,신림동,2023-11,지정,신속통합기획|공공재개발|정비사업후보지|주요재건축단지|정비사업후보지
관악구,신림동,2023-12,지정,신속통합기획|공공재개발|정비사업후보지|주요재건축단지|정비사업후보지
관악구,신림동,2024-01,지정,신속통합기획|공공재개발|정비사업후보지|주요재건축단지|정비사업후보지
관악구,신림동,2024-02,지정,신속통합기획|공공재개발
관악구,신림동,2024-03,지정,신속통합기획|공공재개발
관악구,신림동,2024-04,지정,신속통합기획|공공재개발|신속통합기획|공공재개발|정비사업후보지
관악구,신림동,2024-05,지정,신속통합기획|공공재개발|정비사업후보지
관악구,신림동,2024-06,지정,신속통합기획|공공재개발|정비사업후보지
관악구,신림동,2024-07,지정,신속통합기획|공공재개발|정비사업후보지
관악구,신림동,2024-08,지정,국제교류복합지구|신속통합기획|공공재개발|정비사업후보지
관악구,신림동,2024-09,지정,국제교류복합지구|신속통합기획|공공재개발|정비사업후보지|주요재건축단지|모아타운
관악구,신림동,2024-10,지정,국제교류복합지구|신속통합기획|공공재개발|정비사업후보지|주요재건축단지|모아타운
관악구,신림동,2024-11,지정,국제교류복합지구|신속통합기획|공공재개발|정비사업후보지|주요재건축단지|모아타운
관악구,신림동,2024-12,지정,국제교류복합지구|신속통합기획|공공재개발|정비사업후보지|주요재건축단지|모아타운
관악구,신림동,2025-01,지정,신속통합기획|공공재개발|정비사업후보지|주요재건축단지|모아타운
관악구,신림동,2025-02,지정,신속통합기획|공공재개발|정비사업후보지|주요재건축단지|모아타운
관악구,신림동,2025-03,지정,신속통합기획|공공재개발|정비사업후보지|주요재건축단지|모아타운
관악구,신림동,2025-04,지정,신속통합기획|공공재개발|정비사업후보지|주요재건축단지|모아타운
관악구,신림동,2025-05,지정,주요재건축단지|모아타운
관악구,신림동,2025-06,지정,주요재건축단지|모아타운
관악구,신림동,2025-07,지정,주요재건축단지|모아타운
관악구,신림동,2025-08,지정,주요재건축단지|모아타운
관악구,신림동,2025-09,지정,주요재건축단지|모아타운
관악구,신림동,2025-10,지정,주요재건축단지|모아타운
관악구,신림동,2025-11,지정,주요재건축단지|모아타운
관악구,신림동,2025-12,지정,주요재건축단지|모아타운
관악구,신림동,2026-01,지정,주요재건축단지|모아타운
관악구,신림동,2026-02,지정,주요재건축단지|모아타운
관악구,신림동,2026-03,지정,주요재건축단지|모아타운
관악구,신림동,2026-04,지정,주요재건축단지|모아타운
관악구,신림동,2026-05,지정,주요재건축단지|모아타운
관악구,신림동,2026-06,지정,주요재건축단지|모아타운
관악구,신림동,2026-07,지정,주요재건축단지|모아타운
관악구,신림동,2026-08,지정,신규주택공급후보지|주요재건축단지|모아타운
광진구,광장동,2024-08,지정,국제교류복합지구
광진구,광장동,2024-09,지정,국제교류복합지구
광진구,광장동,2024-10,지정,국제교류복합지구
광진구,광장동,2024-11,지정,국제교류복합지구
광진구,광장동,2024-12,지정,국제교류복합지구
광진구,광장동,2025-01,불명,
광진구,광장동,2025-02,불명,
광진구,광장동,2025-03,불명,
광진구,광장동,2025-04,불명,
광진구,광장동,2025-05,불명,
광진구,광장동,2025-06,불명,
광진구,광장동,2025-07,불명,
광진구,광장동,2025-08,불명,
광진구,광장동,2025-09,불명,
광진구,광장동,2025-10,불명,
광진구,광장동,2025-11,불명,
광진구,광장동,2025-12,불명,
광진구,광장동,2026-01,불명,
광진구,광장동,2026-02,불명,
광진구,광장동,2026-03,불명,
광진구,광장동,2026-04,불명,
광진구,광장동,2026-05,불명,
광진구,광장동,2026-06,불명,
광진구,광장동,2026-07,불명,
광진구,광장동,2026-08,지정,신규주택공급후보지
광진구,구의동,2024-08,지정,국제교류복합지구
광진구,구의동,2024-09,지정,국제교류복합지구
광진구,구의동,2024-10,지정,국제교류복합지구
광진구,구의동,2024-11,지정,국제교류복합지구
광진구,구의동,2024-12,지정,국제교류복합지구
광진구,구의동,2025-01,불명,
광진구,구의동,2025-02,불명,
광진구,구의동,2025-03,불명,
광진구,구의동,2025-04,불명,
광진구,구의동,2025-05,불명,
광진구,구의동,2025-06,불명,
광진구,구의동,2025-07,불명,
광진구,구의동,2025-08,불명,
광진구,구의동,2025-09,불명,
광진구,구의동,2025-10,불명,
광진구,구의동,2025-11,불명,
광진구,구의동,2025-12,불명,
광진구,구의동,2026-01,불명,
광진구,구의동,2026-02,불명,
광진구,구의동,2026-03,불명,
광진구,구의동,2026-04,불명,
광진구,구의동,2026-05,불명,
광진구,구의동,2026-06,불명,
광진구,구의동,2026-07,불명,
광진구,구의동,2026-08,지정,신규주택공급후보지
광진구,자양동,2022-01,지정,미분류
광진구,자양동,2022-02,지정,미분류
광진구,자양동,2022-03,지정,미분류
광진구,자양동,2022-04,지정,미분류
광진구,자양동,2022-05,지정,미분류
광진구,자양동,2022-06,지정,미분류
광진구,자양동,2022-07,지정,미분류
광진구,자양동,2022-08,지정,미분류
광진구,자양동,2022-09,지정,미분류
광진구,자양동,2022-10,지정,미분류
광진구,자양동,2022-11,지정,미분류
광진구,자양동,2022-12,지정,미분류
광진구,자양동,2023-01,지정,미분류|주요재건축단지|정비사업후보지
광진구,자양동,2023-02,지정,주요재건축단지|정비사업후보지
광진구,자양동,2023-03,지정,주요재건축단지|정비사업후보지
광진구,자양동,2023-04,지정,주요재건축단지|정비사업후보지
광진구,자양동,2023-05,지정,주요재건축단지|정비사업후보지
광진구,자양동,2023-06,지정,주요재건축단지|정비사업후보지
광진구,자양동,2023-07,지정,주요재건축단지|정비사업후보지
광진구,자양동,2023-08,지정,주요재건축단지|정비사업후보지
광진구,자양동,2023-09,지정,주요재건축단지|정비사업후보지
광진구,자양동,2023-10,지정,주요재건축단지|정비사업후보지
광진구,자양동,2023-11,지정,주요재건축단지|정비사업후보지
광진구,자양동,2023-12,지정,주요재건축단지|정비사업후보지
광진구,자양동,2024-01,지정,주요재건축단지|정비사업후보지
광진구,자양동,2024-02,불명,
광진구,자양동,2024-03,불명,
광진구,자양동,2024-04,불명,
광진구,자양동,2024-05,불명,
광진구,자양동,2024-06,불명,
광진구,자양동,2024-07,불명,
광진구,자양동,2024-08,불명,
광진구,자양동,2024-09,지정,주요재건축단지|모아타운
광진구,자양동,2024-10,지정,주요재건축단지|모아타운
광진구,자양동,2024-11,지정,주요재건축단지|모아타운
광진구,자양동,2024-12,지정,주요재건축단지|모아타운
광진구,자양동,2025-01,지정,주요재건축단지|모아타운
광진구,자양동,2025-02,지정,주요재건축단지|모아타운
광진구,자양동,2025-03,지정,주요재건축단지|모아타운
광진구,자양동,2025-04,지정,주요재건축단지|모아타운
광진구,자양동,2025-05,지정,주요재건축단지|모아타운
광진구,자양동,2025-06,지정,주요재건축단지|모아타운
광진구,자양동,2025-07,지정,주요재건축단지|모아타운
광진구,자양동,2025-08,지정,주요재건축단지|모아타운
광진구,자양동,2025-09,지정,주요재건축단지|모아타운
광진구,자양동,2025-10,지정,주요재건축단지|모아타운
광진구,자양동,2025-11,지정,주요재건축단지|모아타운
광진구,자양동,2025-12,지정,주요재건축단지|모아타운
광진구,자양동,2026-01,지정,주요재건축단지|모아타운
광진구,자양동,2026-02,지정,주요재건축단지|모아타운
광진구,자양동,2026-03,지정,주요재건축단지|모아타운
광진구,자양동,2026-04,지정,주요재건축단지|모아타운
광진구,자양동,2026-05,지정,주요재건축단지|모아타운
광진구,자양동,2026-06,지정,주요재건축단지|모아타운
광진구,자양동,2026-07,지정,주요재건축단지|모아타운
광진구,자양동,2026-08,지정,주요재건축단지|모아타운
광진구,중곡동,2024-08,지정,국제교류복합지구
광진구,중곡동,2024-09,지정,국제교류복합지구
광진구,중곡동,2024-10,지정,국제교류복합지구
광진구,중곡동,2024-11,지정,국제교류복합지구
광진구,중곡동,2024-12,지정,국제교류복합지구
광진구,중곡동,2025-01,불명,
광진구,중곡동,2025-02,불명,
광진구,중곡동,2025-03,불명,
광진구,중곡동,2025-04,불명,
광진구,중곡동,2025-05,불명,
광진구,중곡동,2025-06,불명,
광진구,중곡동,2025-07,불명,
광진구,중곡동,2025-08,불명,
광진구,중곡동,2025-09,불명,
광진구,중곡동,2025-10,불명,
광진구,중곡동,2025-11,불명,
광진구,중곡동,2025-12,불명,
광진구,중곡동,2026-01,불명,
광진구,중곡동,2026-02,불명,
광진구,중곡동,2026-03,불명,
광진구,중곡동,2026-04,불명,
광진구,중곡동,2026-05,불명,
광진구,중곡동,2026-06,불명,
광진구,중곡동,2026-07,불명,
광진구,중곡동,2026-08,지정,신규주택공급후보지
구로구,가리봉동,2022-01,지정,미분류
구로구,가리봉동,2022-02,지정,미분류
구로구,가리봉동,2022-03,지정,미분류
구로구,가리봉동,2022-04,지정,미분류
구로구,가리봉동,2022-05,지정,미분류
구로구,가리봉동,2022-06,지정,미분류
구로구,가리봉동,2022-07,지정,미분류
구로구,가리봉동,2022-08,지정,미분류
구로구,가리봉동,2022-09,지정,미분류
구로구,가리봉동,2022-10,지정,미분류
구로구,가리봉동,2022-11,지정,미분류
구로구,가리봉동,2022-12,지정,미분류
구로구,가리봉동,2023-01,지정,미분류|정비사업후보지|주요재건축단지|정비사업후보지
구로구,가리봉동,2023-02,지정,정비사업후보지|주요재건축단지|정비사업후보지
구로구,가리봉동,2023-03,지정,정비사업후보지|주요재건축단지|정비사업후보지
구로구,가리봉동,2023-04,지정,정비사업후보지|주요재건축단지|정비사업후보지
구로구,가리봉동,2023-05,지정,정비사업후보지|주요재건축단지|정비사업후보지
구로구,가리봉동,2023-06,지정,정비사업후보지|주요재건축단지|정비사업후보지
구로구,가리봉동,2023-07,지정,정비사업후보지|주요재건축단지|정비사업후보지
구로구,가리봉동,2023-08,지정,정비사업후보지|주요재건축단지|정비사업후보지
구로구,가리봉동,2023-09,지정,정비사업후보지|주요재건축단지|정비사업후보지
구로구,가리봉동,2023-10,지정,정비사업후보지|주요재건축단지|정비사업후보지
구로구,가리봉동,2023-11,지정,정비사업후보지|주요재건축단지|정비사업후보지
구로구,가리봉동,2023-12,지정,정비사업후보지|주요재건축단지|정비사업후보지
구로구,가리봉동,2024-01,지정,정비사업후보지|주요재건축단지|정비사업후보지
구로구,가리봉동,2024-02,불명,
구로구,가리봉동,2024-03,불명,
구로구,가리봉동,2024-04,불명,
구로구,가리봉동,2024-05,불명,
구로구,가리봉동,2024-06,불명,
구로구,가리봉동,2024-07,불명,
구로구,가리봉동,2024-08,불명,
구로구,가리봉동,2024-09,불명,
구로구,가리봉동,2024-10,불명,
구로구,가리봉동,2024-11,불명,
구로구,가리봉동,2024-12,불명,
구로구,가리봉동,2025-01,지정,주요재건축단지|신속통합기획|공공재개발|정비사업후보지
구로구,가리봉동,2025-02,지정,주요재건축단지|신속통합기획|공공재개발|정비사업후보지
구로구,가리봉동,2025-03,지정,주요재건축단지|신속통합기획|공공재개발|정비사업후보지
구로구,가리봉동,2025-04,지정,주요재건축단지|신속통합기획|공공재개발|정비사업후보지
구로구,가리봉동,2025-05,지정,주요재건축단지|신속통합기획|공공재개발|정비사업후보지
구로구,가리봉동,2025-06,지정,주요재건축단지|신속통합기획|공공재개발|정비사업후보지
구로구,가리봉동,2025-07,지정,주요재건축단지|신속통합기획|공공재개발|정비사업후보지
구로구,가리봉동,2025-08,지정,주요재건축단지|신속통합기획|공공재개발|정비사업후보지
구로구,가리봉동,2025-09,지정,주요재건축단지|신속통합기획|공공재개발|정비사업후보지
구로구,가리봉동,2025-10,지정,주요재건축단지|신속통합기획|공공재개발|정비사업후보지
구로구,가리봉동,2025-11,지정,주요재건축단지|신속통합기획|공공재개발|정비사업후보지
구로구,가리봉동,2025-12,지정,주요재건축단지|신속통합기획|공공재개발|정비사업후보지
구로구,가리봉동,2026-01,지정,주요재건축단지|신속통합기획|공공재개발|정비사업후보지
구로구,개봉동,2023-01,지정,주요재건축단지|정비사업후보지
구로구,개봉동,2023-02,지정,주요재건축단지|정비사업후보지
구로구,개봉동,2023-03,지정,주요재건축단지|정비사업후보지
구로구,개봉동,2023-04,지정,주요재건축단지|정비사업후보지
구로구,개봉동,2023-05,지정,주요재건축단지|정비사업후보지
구로구,개봉동,2023-06,지정,주요재건축단지|정비사업후보지
구로구,개봉동,2023-07,지정,주요재건축단지|정비사업후보지
구로구,개봉동,2023-08,지정,주요재건축단지|정비사업후보지
구로구,개봉동,2023-09,지정,주요재건축단지|정비사업후보지
구로구,개봉동,2023-10,지정,주요재건축단지|정비사업후보지
구로구,개봉동,2023-11,지정,주요재건축단지|정비사업후보지
구로구,개봉동,2023-12,지정,주요재건축단지|정비사업후보지
구로구,개봉동,2024-01,지정,주요재건축단지|정비사업후보지
구로구,개봉동,2024-02,불명,
구로구,개봉동,2024-03,불명,
구로구,개봉동,2024-04,지정,신속통합기획|공공재개발|정비사업후보지
구로구,개봉동,2024-05,지정,신속통합기획|공공재개발|정비사업후보지
구로구,개봉동,2024-06,지정,신속통합기획|공공재개발|정비사업후보지
구로구,개봉동,2024-07,지정,신속통합기획|공공재개발|정비사업후보지
구로구,개봉동,2024-08,지정,국제교류복합지구|신속통합기획|공공재개발|정비사업후보지
구로구,개봉동,2024-09,지정,국제교류복합지구|신속통합기획|공공재개발|정비사업후보지|주요재건축단지|모아타운
구로구,개봉동,2024-10,지정,국제교류복합지구|신속통합기획|공공재개발|정비사업후보지|주요재건축단지|모아타운
구로구,개봉동,2024-11,지정,국제교류복합지구|신속통합기획|공공재개발|정비사업후보지|주요재건축단지|모아타운
구로구,개봉동,2024-12,지정,국제교류복합지구|신속통합기획|공공재개발|정비사업후보지|주요재건축단지|모아타운
구로구,개봉동,2025-01,지정,신속통합기획|공공재개발|정비사업후보지|주요재건축단지|모아타운
구로구,개봉동,2025-02,지정,신속통합기획|공공재개발|정비사업후보지|주요재건축단지|모아타운
구로구,개봉동,2025-03,지정,신속통합기획|공공재개발|정비사업후보지|주요재건축단지|모아타운
구로구,개봉동,2025-04,지정,신속통합기획|공공재개발|정비사업후보지|주요재건축단지|모아타운
구로구,개봉동,2025-05,지정,주요재건축단지|모아타운
구로구,개봉동,2025-06,지정,주요재건축단지|모아타운
구로구,개봉동,2025-07,지정,주요재건축단지|모아타운
구로구,개봉동,2025-08,지정,주요재건축단지|모아타운
구로구,개봉동,2025-09,지정,주요재건축단지|모아타운
구로구,개봉동,2025-10,지정,주요재건축단지|모아타운
구로구,개봉동,2025-11,지정,주요재건축단지|모아타운
구로구,개봉동,2025-12,지정,주요재건축단지|모아타운
구로구,개봉동,2026-01,지정,주요재건축단지|모아타운
구로구,개봉동,2026-02,지정,주요재건축단지|모아타운
구로구,개봉동,2026-03,지정,주요재건축단지|모아타운
구로구,개봉동,2026-04,지정,주요재건축단지|모아타운
구로구,개봉동,2026-05,지정,주요재건축단지|모아타운
구로구,개봉동,2026-06,지정,주요재건축단지|모아타운
구로구,개봉동,2026-07,지정,주요재건축단지|모아타운
구로구,개봉동,2026-08,지정,신규주택공급후보지|주요재건축단지|모아타운
구로구,고척동,2023-01,지정,주요재건축단지|정비사업후보지
구로구,고척동,2023-02,지정,주요재건축단지|정비사업후보지
구로구,고척동,2023-03,지정,주요재건축단지|정비사업후보지
구로구,고척동,2023-04,지정,주요재건축단지|정비사업후보지
구로구,고척동,2023-05,지정,주요재건축단지|정비사업후보지
구로구,고척동,2023-06,지정,주요재건축단지|정비사업후보지
구로구,고척동,2023-07,지정,주요재건축단지|정비사업후보지
구로구,고척동,2023-08,지정,주요재건축단지|정비사업후보지
구로구,고척동,2023-09,지정,주요재건축단지|정비사업후보지
구로구,고척동,2023-10,지정,주요재건축단지|정비사업후보지
구로구,고척동,2023-11,지정,주요재건축단지|정비사업후보지
구로구,고척동,2023-12,지정,주요재건축단지|신속통합기획|정비사업후보지|주요재건축단지|정비사업후보지
구로구,고척동,2024-01,지정,주요재건축단지|신속통합기획|정비사업후보지|주요재건축단지|정비사업후보지
구로구,고척동,2024-02,지정,주요재건축단지|신속통합기획|정비사업후보지
구로구,고척동,2024-03,지정,주요재건축단지|신속통합기획|정비사업후보지
구로구,고척동,2024-04,지정,주요재건축단지|신속통합기획|정비사업후보지
구로구,고척동,2024-05,지정,주요재건축단지|신속통합기획|정비사업후보지
구로구,고척동,2024-06,지정,주요재건축단지|신속통합기획|정비사업후보지
구로구,고척동,2024-07,지정,주요재건축단지|신속통합기획|정비사업후보지
구로구,고척동,2024-08,지정,주요재건축단지|신속통합기획|정비사업후보지
구로구,고척동,2024-09,지정,주요재건축단지|모아타운|주요재건축단지|신속통합기획|정비사업후보지
구로구,고척동,2024-10,지정,주요재건축단지|모아타운|주요재건축단지|신속통합기획|정비사업후보지
구로구,고척동,2024-11,지정,주요재건축단지|모아타운|주요재건축단지|신속통합기획|정비사업후보지
구로구,고척동,2024-12,지정,주요재건축단지|모아타운|주요재건축단지|신속통합기획|정비사업후보지
구로구,고척동,2025-01,지정,주요재건축단지|모아타운|주요재건축단지|신속통합기획|공공재개발|정비사업후보지
구로구,고척동,2025-02,지정,주요재건축단지|모아타운|주요재건축단지|신속통합기획|공공재개발|정비사업후보지
구로구,고척동,2025-03,지정,주요재건축단지|모아타운|주요재건축단지|신속통합기획|공공재개발|정비사업후보지
구로구,고척동,2025-04,지정,주요재건축단지|모아타운|주요재건축단지|신속통합기획|공공재개발|정비사업후보지
구로구,고척동,2025-05,지정,주요재건축단지|모아타운|주요재건축단지|신속통합기획|공공재개발|정비사업후보지
구로구,고척동,2025-06,지정,주요재건축단지|모아타운|주요재건축단지|신속통합기획|공공재개발|정비사업후보지
구로구,고척동,2025-07,지정,주요재건축단지|모아타운|주요재건축단지|신속통합기획|공공재개발|정비사업후보지
구로구,고척동,2025-08,지정,주요재건축단지|모아타운|주요재건축단지|신속통합기획|공공재개발|정비사업후보지
구로구,고척동,2025-09,지정,주요재건축단지|모아타운|주요재건축단지|신속통합기획|공공재개발|정비사업후보지
구로구,고척동,2025-10,지정,주요재건축단지|모아타운|주요재건축단지|신속통합기획|공공재개발|정비사업후보지
구로구,고척동,2025-11,지정,주요재건축단지|모아타운|주요재건축단지|신속통합기획|공공재개발|정비사업후보지
구로구,고척동,2025-12,지정,주요재건축단지|모아타운|주요재건축단지|신속통합기획|공공재개발|정비사업후보지
구로구,고척동,2026-01,지정,주요재건축단지|모아타운|주요재건축단지|신속통합기획|공공재개발|정비사업후보지
구로구,고척동,2026-02,지정,주요재건축단지|모아타운
구로구,고척동,2026-03,지정,주요재건축단지|모아타운
구로구,고척동,2026-04,지정,주요재건축단지|모아타운
구로구,고척동,2026-05,지정,주요재건축단지|모아타운
구로구,고척동,2026-06,지정,주요재건축단지|모아타운
구로구,고척동,2026-07,지정,주요재건축단지|모아타운
구로구,고척동,2026-08,지정,주요재건축단지|모아타운
구로구,구로동,2024-09,지정,주요재건축단지|모아타운
구로구,구로동,2024-10,지정,주요재건축단지|모아타운
구로구,구로동,2024-11,지정,주요재건축단지|모아타운
구로구,구로동,2024-12,지정,주요재건축단지|모아타운
구로구,구로동,2025-01,지정,주요재건축단지|모아타운
구로구,구로동,2025-02,지정,주요재건축단지|모아타운
구로구,구로동,2025-03,지정,주요재건축단지|모아타운
구로구,구로동,2025-04,지정,주요재건축단지|모아타운
구로구,구로동,2025-05,지정,주요재건축단지|모아타운
구로구,구로동,2025-06,지정,주요재건축단지|모아타운
구로구,구로동,2025-07,지정,주요재건축단지|모아타운
구로구,구로동,2025-08,지정,주요재건축단지|모아타운
구로구,구로동,2025-09,지정,주요재건축단지|모아타운
구로구,구로동,2025-10,지정,주요재건축단지|모아타운
구로구,구로동,2025-11,지정,주요재건축단지|모아타운
구로구,구로동,2025-12,지정,주요재건축단지|모아타운
구로구,구로동,2026-01,지정,주요재건축단지|모아타운
구로구,구로동,2026-02,지정,주요재건축단지|모아타운
구로구,구로동,2026-03,지정,주요재건축단지|모아타운
구로구,구로동,2026-04,지정,주요재건축단지|모아타운
구로구,구로동,2026-05,지정,주요재건축단지|모아타운
구로구,구로동,2026-06,지정,주요재건축단지|모아타운
구로구,구로동,2026-07,지정,주요재건축단지|모아타운
구로구,구로동,2026-08,지정,주요재건축단지|모아타운
구로구,궁동,2024-08,지정,국제교류복합지구
구로구,궁동,2024-09,지정,국제교류복합지구
구로구,궁동,2024-10,지정,국제교류복합지구
구로구,궁동,2024-11,지정,국제교류복합지구
구로구,궁동,2024-12,지정,국제교류복합지구
구로구,궁동,2025-01,불명,
구로구,궁동,2025-02,불명,
구로구,궁동,2025-03,불명,
구로구,궁동,2025-04,불명,
구로구,궁동,2025-05,불명,
구로구,궁동,2025-06,불명,
구로구,궁동,2025-07,불명,
구로구,궁동,2025-08,불명,
구로구,궁동,2025-09,불명,
구로구,궁동,2025-10,불명,
구로구,궁동,2025-11,불명,
구로구,궁동,2025-12,불명,
구로구,궁동,2026-01,불명,
구로구,궁동,2026-02,불명,
구로구,궁동,2026-03,불명,
구로구,궁동,2026-04,불명,
구로구,궁동,2026-05,불명,
구로구,궁동,2026-06,불명,
구로구,궁동,2026-07,불명,
구로구,궁동,2026-08,지정,신규주택공급후보지
구로구,오류동,2023-01,지정,주요재건축단지|정비사업후보지
구로구,오류동,2023-02,지정,주요재건축단지|정비사업후보지
구로구,오류동,2023-03,지정,주요재건축단지|정비사업후보지
구로구,오류동,2023-04,지정,주요재건축단지|정비사업후보지
구로구,오류동,2023-05,지정,주요재건축단지|정비사업후보지
구로구,오류동,2023-06,지정,주요재건축단지|정비사업후보지
구로구,오류동,2023-07,지정,주요재건축단지|정비사업후보지
구로구,오류동,2023-08,지정,주요재건축단지|정비사업후보지
구로구,오류동,2023-09,지정,주요재건축단지|정비사업후보지
구로구,오류동,2023-10,지정,주요재건축단지|정비사업후보지
구로구,오류동,2023-11,지정,주요재건축단지|정비사업후보지
구로구,오류동,2023-12,지정,주요재건축단지|정비사업후보지
구로구,오류동,2024-01,지정,주요재건축단지|정비사업후보지
구로구,오류동,2024-02,불명,
구로구,오류동,2024-03,불명,
구로구,오류동,2024-04,지정,신속통합기획|공공재개발|정비사업후보지
구로구,오류동,2024-05,지정,신속통합기획|공공재개발|정비사업후보지
구로구,오류동,2024-06,지정,신속통합기획|공공재개발|정비사업후보지
구로구,오류동,2024-07,지정,신속통합기획|공공재개발|정비사업후보지
구로구,오류동,2024-08,지정,국제교류복합지구|신속통합기획|공공재개발|정비사업후보지
구로구,오류동,2024-09,지정,국제교류복합지구|신속통합기획|공공재개발|정비사업후보지
구로구,오류동,2024-10,지정,국제교류복합지구|신속통합기획|공공재개발|정비사업후보지
구로구,오류동,2024-11,지정,국제교류복합지구|신속통합기획|공공재개발|정비사업후보지
구로구,오류동,2024-12,지정,국제교류복합지구|신속통합기획|공공재개발|정비사업후보지
구로구,오류동,2025-01,지정,신속통합기획|공공재개발|정비사업후보지
구로구,오류동,2025-02,지정,신속통합기획|공공재개발|정비사업후보지
구로구,오류동,2025-03,지정,신속통합기획|공공재개발|정비사업후보지
구로구,오류동,2025-04,지정,신속통합기획|공공재개발|정비사업후보지
구로구,오류동,2025-05,불명,
구로구,오류동,2025-06,불명,
구로구,오류동,2025-07,불명,
구로구,오류동,2025-08,불명,
구로구,오류동,2025-09,불명,
구로구,오류동,2025-10,불명,
구로구,오류동,2025-11,불명,
구로구,오류동,2025-12,불명,
구로구,오류동,2026-01,불명,
구로구,오류동,2026-02,불명,
구로구,오류동,2026-03,불명,
구로구,오류동,2026-04,불명,
구로구,오류동,2026-05,불명,
구로구,오류동,2026-06,불명,
구로구,오류동,2026-07,불명,
구로구,오류동,2026-08,지정,신규주택공급후보지
구로구,온수동,2024-08,지정,국제교류복합지구
구로구,온수동,2024-09,지정,국제교류복합지구
구로구,온수동,2024-10,지정,국제교류복합지구
구로구,온수동,2024-11,지정,국제교류복합지구
구로구,온수동,2024-12,지정,국제교류복합지구
구로구,온수동,2025-01,불명,
구로구,온수동,2025-02,불명,
구로구,온수동,2025-03,불명,
구로구,온수동,2025-04,불명,
구로구,온수동,2025-05,불명,
구로구,온수동,2025-06,불명,
구로구,온수동,2025-07,불명,
구로구,온수동,2025-08,불명,
구로구,온수동,2025-09,불명,
구로구,온수동,2025-10,불명,
구로구,온수동,2025-11,불명,
구로구,온수동,2025-12,불명,
구로구,온수동,2026-01,불명,
구로구,온수동,2026-02,불명,
구로구,온수동,2026-03,불명,
구로구,온수동,2026-04,불명,
구로구,온수동,2026-05,불명,
구로구,온수동,2026-06,불명,
구로구,온수동,2026-07,불명,
구로구,온수동,2026-08,지정,신규주택공급후보지
구로구,천왕동,2024-08,지정,국제교류복합지구
구로구,천왕동,2024-09,지정,국제교류복합지구
구로구,천왕동,2024-10,지정,국제교류복합지구
구로구,천왕동,2024-11,지정,국제교류복합지구
구로구,천왕동,2024-12,지정,국제교류복합지구
구로구,천왕동,2025-01,불명,
구로구,천왕동,2025-02,불명,
구로구,천왕동,2025-03,불명,
구로구,천왕동,2025-04,불명,
구로구,천왕동,2025-05,불명,
구로구,천왕동,2025-06,불명,
구로구,천왕동,2025-07,불명,
구로구,천왕동,2025-08,불명,
구로구,천왕동,2025-09,불명,
구로구,천왕동,2025-10,불명,
구로구,천왕동,2025-11,불명,
구로구,천왕동,2025-12,불명,
구로구,천왕동,2026-01,불명,
구로구,천왕동,2026-02,불명,
구로구,천왕동,2026-03,불명,
구로구,천왕동,2026-04,불명,
구로구,천왕동,2026-05,불명,
구로구,천왕동,2026-06,불명,
구로구,천왕동,2026-07,불명,
구로구,천왕동,2026-08,지정,신규주택공급후보지
구로구,항동,2024-08,지정,국제교류복합지구
구로구,항동,2024-09,지정,국제교류복합지구
구로구,항동,2024-10,지정,국제교류복합지구
구로구,항동,2024-11,지정,국제교류복합지구
구로구,항동,2024-12,지정,국제교류복합지구
구로구,항동,2025-01,불명,
구로구,항동,2025-02,불명,
구로구,항동,2025-03,불명,
구로구,항동,2025-04,불명,
구로구,항동,2025-05,불명,
구로구,항동,2025-06,불명,
구로구,항동,2025-07,불명,
구로구,항동,2025-08,불명,
구로구,항동,2025-09,불명,
구로구,항동,2025-10,불명,
구로구,항동,2025-11,불명,
구로구,항동,2025-12,불명,
구로구,항동,2026-01,불명,
구로구,항동,2026-02,불명,
구로구,항동,2026-03,불명,
구로구,항동,2026-04,불명,
구로구,항동,2026-05,불명,
구로구,항동,2026-06,불명,
구로구,항동,2026-07,불명,
구로구,항동,2026-08,지정,신규주택공급후보지
금천구,독산동,2023-01,지정,주요재건축단지|정비사업후보지
금천구,독산동,2023-02,지정,주요재건축단지|정비사업후보지
금천구,독산동,2023-03,지정,주요재건축단지|정비사업후보지
금천구,독산동,2023-04,지정,주요재건축단지|정비사업후보지
금천구,독산동,2023-05,지정,주요재건축단지|정비사업후보지
금천구,독산동,2023-06,지정,주요재건축단지|정비사업후보지
금천구,독산동,2023-07,지정,주요재건축단지|정비사업후보지
금천구,독산동,2023-08,지정,주요재건축단지|정비사업후보지
금천구,독산동,2023-09,지정,주요재건축단지|정비사업후보지
금천구,독산동,2023-10,지정,주요재건축단지|정비사업후보지
금천구,독산동,2023-11,지정,주요재건축단지|정비사업후보지
금천구,독산동,2023-12,지정,주요재건축단지|정비사업후보지
금천구,독산동,2024-01,지정,주요재건축단지|정비사업후보지
금천구,독산동,2024-02,불명,
금천구,독산동,2024-03,불명,
금천구,독산동,2024-04,지정,신속통합기획|공공재개발|정비사업후보지
금천구,독산동,2024-05,지정,신속통합기획|공공재개발|정비사업후보지
금천구,독산동,2024-06,지정,신속통합기획|공공재개발|정비사업후보지
금천구,독산동,2024-07,지정,신속통합기획|공공재개발|정비사업후보지
금천구,독산동,2024-08,지정,신속통합기획|공공재개발|정비사업후보지
금천구,독산동,2024-09,지정,신속통합기획|공공재개발|정비사업후보지|주요재건축단지|모아타운
금천구,독산동,2024-10,지정,신속통합기획|공공재개발|정비사업후보지|주요재건축단지|모아타운
금천구,독산동,2024-11,지정,신속통합기획|공공재개발|정비사업후보지|주요재건축단지|모아타운
금천구,독산동,2024-12,지정,신속통합기획|공공재개발|정비사업후보지|주요재건축단지|모아타운
금천구,독산동,2025-01,지정,신속통합기획|공공재개발|정비사업후보지|주요재건축단지|모아타운
금천구,독산동,2025-02,지정,신속통합기획|공공재개발|정비사업후보지|주요재건축단지|모아타운
금천구,독산동,2025-03,지정,신속통합기획|공공재개발|정비사업후보지|주요재건축단지|모아타운
금천구,독산동,2025-04,지정,신속통합기획|공공재개발|정비사업후보지|주요재건축단지|모아타운
금천구,독산동,2025-05,지정,주요재건축단지|모아타운
금천구,독산동,2025-06,지정,주요재건축단지|모아타운
금천구,독산동,2025-07,지정,주요재건축단지|모아타운
금천구,독산동,2025-08,지정,주요재건축단지|모아타운
금천구,독산동,2025-09,지정,주요재건축단지|모아타운
금천구,독산동,2025-10,지정,주요재건축단지|모아타운
금천구,독산동,2025-11,지정,주요재건축단지|모아타운
금천구,독산동,2025-12,지정,주요재건축단지|모아타운
금천구,독산동,2026-01,지정,주요재건축단지|모아타운
금천구,독산동,2026-02,지정,주요재건축단지|모아타운
금천구,독산동,2026-03,지정,주요재건축단지|모아타운
금천구,독산동,2026-04,지정,주요재건축단지|모아타운
금천구,독산동,2026-05,지정,주요재건축단지|모아타운
금천구,독산동,2026-06,지정,주요재건축단지|모아타운
금천구,독산동,2026-07,지정,주요재건축단지|모아타운
금천구,독산동,2026-08,지정,주요재건축단지|모아타운
금천구,시흥동,2022-01,지정,정비사업후보지
금천구,시흥동,2022-02,지정,정비사업후보지
금천구,시흥동,2022-03,지정,정비사업후보지
금천구,시흥동,2022-04,지정,정비사업후보지
금천구,시흥동,2022-05,지정,정비사업후보지
금천구,시흥동,2022-06,지정,정비사업후보지
금천구,시흥동,2022-07,지정,정비사업후보지
금천구,시흥동,2022-08,지정,정비사업후보지
금천구,시흥동,2022-09,지정,정비사업후보지
금천구,시흥동,2022-10,지정,정비사업후보지
금천구,시흥동,2022-11,지정,정비사업후보지
금천구,시흥동,2022-12,지정,정비사업후보지
금천구,시흥동,2023-01,지정,정비사업후보지|주요재건축단지|정비사업후보지
금천구,시흥동,2023-02,지정,정비사업후보지|주요재건축단지|정비사업후보지
금천구,시흥동,2023-03,지정,정비사업후보지|주요재건축단지|정비사업후보지
금천구,시흥동,2023-04,지정,신속통합기획|공공재개발|정비사업후보지|주요재건축단지|정비사업후보지
금천구,시흥동,2023-05,지정,신속통합기획|공공재개발|정비사업후보지|주요재건축단지|정비사업후보지
금천구,시흥동,2023-06,지정,신속통합기획|공공재개발|정비사업후보지|주요재건축단지|정비사업후보지
금천구,시흥동,2023-07,지정,신속통합기획|공공재개발|정비사업후보지|주요재건축단지|정비사업후보지
금천구,시흥동,2023-08,지정,신속통합기획|공공재개발|정비사업후보지|주요재건축단지|정비사업후보지
금천구,시흥동,2023-09,지정,신속통합기획|공공재개발|정비사업후보지|주요재건축단지|정비사업후보지
금천구,시흥동,2023-10,지정,신속통합기획|공공재개발|정비사업후보지|주요재건축단지|정비사업후보지
금천구,시흥동,2023-11,지정,신속통합기획|공공재개발|정비사업후보지|주요재건축단지|정비사업후보지
금천구,시흥동,2023-12,지정,신속통합기획|공공재개발|정비사업후보지|주요재건축단지|신속통합기획|정비사업후보지|주요재건축단지|정비사업후보지
금천구,시흥동,2024-01,지정,신속통합기획|공공재개발|정비사업후보지|주요재건축단지|신속통합기획|정비사업후보지|주요재건축단지|정비사업후보지
금천구,시흥동,2024-02,지정,신속통합기획|공공재개발|주요재건축단지|신속통합기획|정비사업후보지
금천구,시흥동,2024-03,지정,신속통합기획|공공재개발|주요재건축단지|신속통합기획|정비사업후보지
금천구,시흥동,2024-04,지정,신속통합기획|공공재개발|신속통합기획|공공재개발|정비사업후보지|주요재건축단지|신속통합기획|정비사업후보지
금천구,시흥동,2024-05,지정,신속통합기획|공공재개발|정비사업후보지|주요재건축단지|신속통합기획|정비사업후보지
금천구,시흥동,2024-06,지정,신속통합기획|공공재개발|정비사업후보지|주요재건축단지|신속통합기획|정비사업후보지
금천구,시흥동,2024-07,지정,신속통합기획|공공재개발|정비사업후보지|주요재건축단지|신속통합기획|정비사업후보지
금천구,시흥동,2024-08,지정,국제교류복합지구|신속통합기획|공공재개발|정비사업후보지|주요재건축단지|신속통합기획|정비사업후보지
금천구,시흥동,2024-09,지정,국제교류복합지구|신속통합기획|공공재개발|정비사업후보지|주요재건축단지|모아타운|주요재건축단지|신속통합기획|정비사업후보지
금천구,시흥동,2024-10,지정,국제교류복합지구|신속통합기획|공공재개발|정비사업후보지|주요재건축단지|모아타운|주요재건축단지|신속통합기획|정비사업후보지
금천구,시흥동,2024-11,지정,국제교류복합지구|신속통합기획|공공재개발|정비사업후보지|주요재건축단지|모아타운|주요재건축단지|신속통합기획|정비사업후보지
금천구,시흥동,2024-12,지정,국제교류복합지구|신속통합기획|공공재개발|정비사업후보지|주요재건축단지|모아타운|주요재건축단지|신속통합기획|정비사업후보지
금천구,시흥동,2025-01,지정,신속통합기획|공공재개발|정비사업후보지|주요재건축단지|모아타운|주요재건축단지|신속통합기획|공공재개발|정비사업후보지
금천구,시흥동,2025-02,지정,신속통합기획|공공재개발|정비사업후보지|주요재건축단지|모아타운|주요재건축단지|신속통합기획|공공재개발|정비사업후보지
금천구,시흥동,2025-03,지정,신속통합기획|공공재개발|정비사업후보지|주요재건축단지|모아타운|주요재건축단지|신속통합기획|공공재개발|정비사업후보지
금천구,시흥동,2025-04,지정,신속통합기획|공공재개발|정비사업후보지|주요재건축단지|모아타운|주요재건축단지|신속통합기획|공공재개발|정비사업후보지
금천구,시흥동,2025-05,지정,주요재건축단지|모아타운|주요재건축단지|신속통합기획|공공재개발|정비사업후보지
금천구,시흥동,2025-06,지정,주요재건축단지|모아타운|주요재건축단지|신속통합기획|공공재개발|정비사업후보지
금천구,시흥동,2025-07,지정,주요재건축단지|모아타운|주요재건축단지|신속통합기획|공공재개발|정비사업후보지
금천구,시흥동,2025-08,지정,주요재건축단지|모아타운|주요재건축단지|신속통합기획|공공재개발|정비사업후보지
금천구,시흥동,2025-09,지정,주요재건축단지|모아타운|주요재건축단지|신속통합기획|공공재개발|정비사업후보지
금천구,시흥동,2025-10,지정,주요재건축단지|모아타운|주요재건축단지|신속통합기획|공공재개발|정비사업후보지
금천구,시흥동,2025-11,지정,주요재건축단지|모아타운|주요재건축단지|신속통합기획|공공재개발|정비사업후보지
금천구,시흥동,2025-12,지정,주요재건축단지|모아타운|주요재건축단지|신속통합기획|공공재개발|정비사업후보지
금천구,시흥동,2026-01,지정,주요재건축단지|모아타운|주요재건축단지|신속통합기획|공공재개발|정비사업후보지
금천구,시흥동,2026-02,지정,주요재건축단지|모아타운
금천구,시흥동,2026-03,지정,주요재건축단지|모아타운
금천구,시흥동,2026-04,지정,주요재건축단지|모아타운
금천구,시흥동,2026-05,지정,주요재건축단지|모아타운
금천구,시흥동,2026-06,지정,주요재건축단지|모아타운
금천구,시흥동,2026-07,지정,주요재건축단지|모아타운
금천구,시흥동,2026-08,지정,신규주택공급후보지|주요재건축단지|모아타운
노원구,공릉동,2024-08,지정,국제교류복합지구
노원구,공릉동,2024-09,지정,국제교류복합지구
노원구,공릉동,2024-10,지정,국제교류복합지구
노원구,공릉동,2024-11,지정,국제교류복합지구
노원구,공릉동,2024-12,지정,국제교류복합지구
노원구,공릉동,2025-01,불명,
노원구,공릉동,2025-02,불명,
노원구,공릉동,2025-03,불명,
노원구,공릉동,2025-04,불명,
노원구,공릉동,2025-05,불명,
노원구,공릉동,2025-06,불명,
노원구,공릉동,2025-07,불명,
노원구,공릉동,2025-08,불명,
노원구,공릉동,2025-09,불명,
노원구,공릉동,2025-10,불명,
노원구,공릉동,2025-11,불명,
노원구,공릉동,2025-12,불명,
노원구,공릉동,2026-01,불명,
노원구,공릉동,2026-02,불명,
노원구,공릉동,2026-03,불명,
노원구,공릉동,2026-04,불명,
노원구,공릉동,2026-05,불명,
노원구,공릉동,2026-06,불명,
노원구,공릉동,2026-07,불명,
노원구,공릉동,2026-08,지정,신규주택공급후보지
노원구,상계동,2021-04,지정,공공재개발
노원구,상계동,2021-05,지정,공공재개발
노원구,상계동,2021-06,지정,공공재개발
노원구,상계동,2021-07,지정,공공재개발
노원구,상계동,2021-08,지정,공공재개발
노원구,상계동,2021-09,지정,공공재개발
노원구,상계동,2021-10,지정,공공재개발
노원구,상계동,2021-11,지정,공공재개발
노원구,상계동,2021-12,지정,공공재개발
노원구,상계동,2022-01,지정,공공재개발|정비사업후보지
노원구,상계동,2022-02,지정,공공재개발|정비사업후보지
노원구,상계동,2022-03,지정,공공재개발|정비사업후보지
노원구,상계동,2022-04,지정,공공재개발|정비사업후보지
노원구,상계동,2022-05,지정,공공재개발|정비사업후보지
노원구,상계동,2022-06,지정,공공재개발|정비사업후보지
노원구,상계동,2022-07,지정,공공재개발|정비사업후보지
노원구,상계동,2022-08,지정,공공재개발|정비사업후보지
노원구,상계동,2022-09,지정,공공재개발|정비사업후보지
노원구,상계동,2022-10,지정,공공재개발|정비사업후보지
노원구,상계동,2022-11,지정,공공재개발|정비사업후보지
노원구,상계동,2022-12,지정,공공재개발|정비사업후보지
노원구,상계동,2023-01,지정,공공재개발|정비사업후보지
노원구,상계동,2023-02,지정,공공재개발|정비사업후보지
노원구,상계동,2023-03,지정,공공재개발|정비사업후보지
노원구,상계동,2023-04,지정,공공재개발|신속통합기획|공공재개발|정비사업후보지
노원구,상계동,2023-05,지정,신속통합기획|공공재개발|정비사업후보지
노원구,상계동,2023-06,지정,신속통합기획|공공재개발|정비사업후보지
노원구,상계동,2023-07,지정,신속통합기획|공공재개발|정비사업후보지
노원구,상계동,2023-08,지정,신속통합기획|공공재개발|정비사업후보지
노원구,상계동,2023-09,지정,신속통합기획|공공재개발|정비사업후보지
노원구,상계동,2023-10,지정,신속통합기획|공공재개발|정비사업후보지
노원구,상계동,2023-11,지정,신속통합기획|공공재개발|정비사업후보지
노원구,상계동,2023-12,지정,신속통합기획|공공재개발|정비사업후보지
노원구,상계동,2024-01,지정,신속통합기획|공공재개발|정비사업후보지
노원구,상계동,2024-02,지정,신속통합기획|공공재개발
노원구,상계동,2024-03,지정,신속통합기획|공공재개발
노원구,상계동,2024-04,지정,신속통합기획|공공재개발|신속통합기획|공공재개발|정비사업후보지
노원구,상계동,2024-05,지정,신속통합기획|공공재개발|정비사업후보지
노원구,상계동,2024-06,지정,신속통합기획|공공재개발|정비사업후보지
노원구,상계동,2024-07,지정,신속통합기획|공공재개발|정비사업후보지
노원구,상계동,2024-08,지정,국제교류복합지구|신속통합기획|공공재개발|정비사업후보지
노원구,상계동,2024-09,지정,국제교류복합지구|신속통합기획|공공재개발|정비사업후보지|주요재건축단지|모아타운
노원구,상계동,2024-10,지정,국제교류복합지구|신속통합기획|공공재개발|정비사업후보지|주요재건축단지|모아타운
노원구,상계동,2024-11,지정,국제교류복합지구|신속통합기획|공공재개발|정비사업후보지|주요재건축단지|모아타운
노원구,상계동,2024-12,지정,국제교류복합지구|신속통합기획|공공재개발|정비사업후보지|주요재건축단지|모아타운
노원구,상계동,2025-01,지정,신속통합기획|공공재개발|정비사업후보지|주요재건축단지|모아타운
노원구,상계동,2025-02,지정,신속통합기획|공공재개발|정비사업후보지|주요재건축단지|모아타운
노원구,상계동,2025-03,지정,신속통합기획|공공재개발|정비사업후보지|주요재건축단지|모아타운
노원구,상계동,2025-04,지정,신속통합기획|공공재개발|정비사업후보지|주요재건축단지|모아타운
노원구,상계동,2025-05,지정,주요재건축단지|모아타운
노원구,상계동,2025-06,지정,주요재건축단지|모아타운
노원구,상계동,2025-07,지정,주요재건축단지|모아타운
노원구,상계동,2025-08,지정,주요재건축단지|모아타운
노원구,상계동,2025-09,지정,주요재건축단지|모아타운
노원구,상계동,2025-10,지정,주요재건축단지|모아타운
노원구,상계동,2025-11,지정,주요재건축단지|모아타운
노원구,상계동,2025-12,지정,주요재건축단지|모아타운
노원구,상계동,2026-01,지정,주요재건축단지|모아타운
노원구,상계동,2026-02,지정,주요재건축단지|모아타운
노원구,상계동,2026-03,지정,주요재건축단지|모아타운
노원구,상계동,2026-04,지정,주요재건축단지|모아타운
노원구,상계동,2026-05,지정,주요재건축단지|모아타운
노원구,상계동,2026-06,지정,주요재건축단지|모아타운
노원구,상계동,2026-07,지정,주요재건축단지|모아타운
노원구,상계동,2026-08,지정,신규주택공급후보지|주요재건축단지|모아타운
노원구,월계동,2024-09,지정,주요재건축단지|모아타운
노원구,월계동,2024-10,지정,주요재건축단지|모아타운
노원구,월계동,2024-11,지정,주요재건축단지|모아타운
노원구,월계동,2024-12,지정,주요재건축단지|모아타운
노원구,월계동,2025-01,지정,주요재건축단지|모아타운
노원구,월계동,2025-02,지정,주요재건축단지|모아타운
노원구,월계동,2025-03,지정,주요재건축단지|모아타운
노원구,월계동,2025-04,지정,주요재건축단지|모아타운
노원구,월계동,2025-05,지정,주요재건축단지|모아타운
노원구,월계동,2025-06,지정,주요재건축단지|모아타운
노원구,월계동,2025-07,지정,주요재건축단지|모아타운
노원구,월계동,2025-08,지정,주요재건축단지|모아타운
노원구,월계동,2025-09,지정,주요재건축단지|모아타운
노원구,월계동,2025-10,지정,주요재건축단지|모아타운
노원구,월계동,2025-11,지정,주요재건축단지|모아타운
노원구,월계동,2025-12,지정,주요재건축단지|모아타운
노원구,월계동,2026-01,지정,주요재건축단지|모아타운
노원구,월계동,2026-02,지정,주요재건축단지|모아타운
노원구,월계동,2026-03,지정,주요재건축단지|모아타운
노원구,월계동,2026-04,지정,주요재건축단지|모아타운
노원구,월계동,2026-05,지정,주요재건축단지|모아타운
노원구,월계동,2026-06,지정,주요재건축단지|모아타운
노원구,월계동,2026-07,지정,주요재건축단지|모아타운
노원구,월계동,2026-08,지정,주요재건축단지|모아타운
노원구,중계동,2024-08,지정,국제교류복합지구
노원구,중계동,2024-09,지정,국제교류복합지구
노원구,중계동,2024-10,지정,국제교류복합지구
노원구,중계동,2024-11,지정,국제교류복합지구
노원구,중계동,2024-12,지정,국제교류복합지구
노원구,중계동,2025-01,불명,
노원구,중계동,2025-02,불명,
노원구,중계동,2025-03,불명,
노원구,중계동,2025-04,불명,
노원구,중계동,2025-05,불명,
노원구,중계동,2025-06,불명,
노원구,중계동,2025-07,불명,
노원구,중계동,2025-08,불명,
노원구,중계동,2025-09,불명,
노원구,중계동,2025-10,불명,
노원구,중계동,2025-11,불명,
노원구,중계동,2025-12,불명,
노원구,중계동,2026-01,불명,
노원구,중계동,2026-02,불명,
노원구,중계동,2026-03,불명,
노원구,중계동,2026-04,불명,
노원구,중계동,2026-05,불명,
노원구,중계동,2026-06,불명,
노원구,중계동,2026-07,불명,
노원구,중계동,2026-08,지정,신규주택공급후보지
노원구,하계동,2024-08,지정,국제교류복합지구
노원구,하계동,2024-09,지정,국제교류복합지구
노원구,하계동,2024-10,지정,국제교류복합지구
노원구,하계동,2024-11,지정,국제교류복합지구
노원구,하계동,2024-12,지정,국제교류복합지구
노원구,하계동,2025-01,불명,
노원구,하계동,2025-02,불명,
노원구,하계동,2025-03,불명,
노원구,하계동,2025-04,불명,
노원구,하계동,2025-05,불명,
노원구,하계동,2025-06,불명,
노원구,하계동,2025-07,불명,
노원구,하계동,2025-08,불명,
노원구,하계동,2025-09,불명,
노원구,하계동,2025-10,불명,
노원구,하계동,2025-11,불명,
노원구,하계동,2025-12,불명,
노원구,하계동,2026-01,불명,
노원구,하계동,2026-02,불명,
노원구,하계동,2026-03,불명,
노원구,하계동,2026-04,불명,
노원구,하계동,2026-05,불명,
노원구,하계동,2026-06,불명,
노원구,하계동,2026-07,불명,
노원구,하계동,2026-08,지정,신규주택공급후보지
도봉구,도봉동,2024-08,지정,국제교류복합지구
도봉구,도봉동,2024-09,지정,국제교류복합지구
도봉구,도봉동,2024-10,지정,국제교류복합지구
도봉구,도봉동,2024-11,지정,국제교류복합지구
도봉구,도봉동,2024-12,지정,국제교류복합지구
도봉구,도봉동,2025-01,불명,
도봉구,도봉동,2025-02,불명,
도봉구,도봉동,2025-03,불명,
도봉구,도봉동,2025-04,불명,
도봉구,도봉동,2025-05,불명,
도봉구,도봉동,2025-06,불명,
도봉구,도봉동,2025-07,불명,
도봉구,도봉동,2025-08,불명,
도봉구,도봉동,2025-09,불명,
도봉구,도봉동,2025-10,불명,
도봉구,도봉동,2025-11,불명,
도봉구,도봉동,2025-12,불명,
도봉구,도봉동,2026-01,불명,
도봉구,도봉동,2026-02,불명,
도봉구,도봉동,2026-03,불명,
도봉구,도봉동,2026-04,불명,
도봉구,도봉동,2026-05,불명,
도봉구,도봉동,2026-06,불명,
도봉구,도봉동,2026-07,불명,
도봉구,도봉동,2026-08,지정,신규주택공급후보지
도봉구,방학동,2022-01,지정,미분류
도봉구,방학동,2022-02,지정,미분류
도봉구,방학동,2022-03,지정,미분류
도봉구,방학동,2022-04,지정,미분류
도봉구,방학동,2022-05,지정,미분류
도봉구,방학동,2022-06,지정,미분류
도봉구,방학동,2022-07,지정,미분류
도봉구,방학동,2022-08,지정,미분류
도봉구,방학동,2022-09,지정,미분류
도봉구,방학동,2022-10,지정,미분류
도봉구,방학동,2022-11,지정,미분류
도봉구,방학동,2022-12,지정,미분류
도봉구,방학동,2023-01,지정,미분류|주요재건축단지|정비사업후보지
도봉구,방학동,2023-02,지정,주요재건축단지|정비사업후보지
도봉구,방학동,2023-03,지정,주요재건축단지|정비사업후보지
도봉구,방학동,2023-04,지정,주요재건축단지|정비사업후보지
도봉구,방학동,2023-05,지정,주요재건축단지|정비사업후보지
도봉구,방학동,2023-06,지정,주요재건축단지|정비사업후보지
도봉구,방학동,2023-07,지정,주요재건축단지|정비사업후보지
도봉구,방학동,2023-08,지정,주요재건축단지|정비사업후보지
도봉구,방학동,2023-09,지정,주요재건축단지|정비사업후보지
도봉구,방학동,2023-10,지정,주요재건축단지|정비사업후보지
도봉구,방학동,2023-11,지정,주요재건축단지|정비사업후보지
도봉구,방학동,2023-12,지정,주요재건축단지|정비사업후보지
도봉구,방학동,2024-01,지정,주요재건축단지|정비사업후보지
도봉구,방학동,2024-02,불명,
도봉구,방학동,2024-03,불명,
도봉구,방학동,2024-04,지정,신속통합기획|공공재개발|정비사업후보지
도봉구,방학동,2024-05,지정,신속통합기획|공공재개발|정비사업후보지
도봉구,방학동,2024-06,지정,신속통합기획|공공재개발|정비사업후보지
도봉구,방학동,2024-07,지정,신속통합기획|공공재개발|정비사업후보지
도봉구,방학동,2024-08,지정,국제교류복합지구|신속통합기획|공공재개발|정비사업후보지
도봉구,방학동,2024-09,지정,국제교류복합지구|신속통합기획|공공재개발|정비사업후보지|주요재건축단지|모아타운
도봉구,방학동,2024-10,지정,국제교류복합지구|신속통합기획|공공재개발|정비사업후보지|주요재건축단지|모아타운
도봉구,방학동,2024-11,지정,국제교류복합지구|신속통합기획|공공재개발|정비사업후보지|주요재건축단지|모아타운
도봉구,방학동,2024-12,지정,국제교류복합지구|신속통합기획|공공재개발|정비사업후보지|주요재건축단지|모아타운
도봉구,방학동,2025-01,지정,신속통합기획|공공재개발|정비사업후보지|주요재건축단지|모아타운
도봉구,방학동,2025-02,지정,신속통합기획|공공재개발|정비사업후보지|주요재건축단지|모아타운
도봉구,방학동,2025-03,지정,신속통합기획|공공재개발|정비사업후보지|주요재건축단지|모아타운
도봉구,방학동,2025-04,지정,신속통합기획|공공재개발|정비사업후보지|주요재건축단지|모아타운
도봉구,방학동,2025-05,지정,주요재건축단지|모아타운
도봉구,방학동,2025-06,지정,주요재건축단지|모아타운
도봉구,방학동,2025-07,지정,주요재건축단지|모아타운
도봉구,방학동,2025-08,지정,주요재건축단지|모아타운
도봉구,방학동,2025-09,지정,주요재건축단지|모아타운
도봉구,방학동,2025-10,지정,주요재건축단지|모아타운
도봉구,방학동,2025-11,지정,주요재건축단지|모아타운
도봉구,방학동,2025-12,지정,주요재건축단지|모아타운
도봉구,방학동,2026-01,지정,주요재건축단지|모아타운
도봉구,방학동,2026-02,지정,주요재건축단지|모아타운
도봉구,방학동,2026-03,지정,주요재건축단지|모아타운
도봉구,방학동,2026-04,지정,주요재건축단지|모아타운
도봉구,방학동,2026-05,지정,주요재건축단지|모아타운
도봉구,방학동,2026-06,지정,주요재건축단지|모아타운
도봉구,방학동,2026-07,지정,주요재건축단지|모아타운
도봉구,방학동,2026-08,지정,신규주택공급후보지|주요재건축단지|모아타운
도봉구,쌍문동,2022-01,지정,정비사업후보지
도봉구,쌍문동,2022-02,지정,정비사업후보지
도봉구,쌍문동,2022-03,지정,정비사업후보지
도봉구,쌍문동,2022-04,지정,정비사업후보지
도봉구,쌍문동,2022-05,지정,정비사업후보지
도봉구,쌍문동,2022-06,지정,정비사업후보지
도봉구,쌍문동,2022-07,지정,정비사업후보지
도봉구,쌍문동,2022-08,지정,정비사업후보지
도봉구,쌍문동,2022-09,지정,정비사업후보지
도봉구,쌍문동,2022-10,지정,정비사업후보지
도봉구,쌍문동,2022-11,지정,정비사업후보지
도봉구,쌍문동,2022-12,지정,정비사업후보지
도봉구,쌍문동,2023-01,지정,정비사업후보지|주요재건축단지|정비사업후보지
도봉구,쌍문동,2023-02,지정,정비사업후보지|주요재건축단지|정비사업후보지
도봉구,쌍문동,2023-03,지정,정비사업후보지|주요재건축단지|정비사업후보지
도봉구,쌍문동,2023-04,지정,신속통합기획|공공재개발|정비사업후보지|주요재건축단지|정비사업후보지
도봉구,쌍문동,2023-05,지정,신속통합기획|공공재개발|정비사업후보지|주요재건축단지|정비사업후보지
도봉구,쌍문동,2023-06,지정,신속통합기획|공공재개발|정비사업후보지|주요재건축단지|정비사업후보지
도봉구,쌍문동,2023-07,지정,신속통합기획|공공재개발|정비사업후보지|주요재건축단지|정비사업후보지
도봉구,쌍문동,2023-08,지정,신속통합기획|공공재개발|정비사업후보지|주요재건축단지|정비사업후보지
도봉구,쌍문동,2023-09,지정,신속통합기획|공공재개발|정비사업후보지|주요재건축단지|정비사업후보지
도봉구,쌍문동,2023-10,지정,신속통합기획|공공재개발|정비사업후보지|주요재건축단지|정비사업후보지
도봉구,쌍문동,2023-11,지정,신속통합기획|공공재개발|정비사업후보지|주요재건축단지|정비사업후보지
도봉구,쌍문동,2023-12,지정,신속통합기획|공공재개발|정비사업후보지|주요재건축단지|정비사업후보지
도봉구,쌍문동,2024-01,지정,신속통합기획|공공재개발|정비사업후보지|주요재건축단지|정비사업후보지
도봉구,쌍문동,2024-02,지정,신속통합기획|공공재개발
도봉구,쌍문동,2024-03,지정,신속통합기획|공공재개발
도봉구,쌍문동,2024-04,지정,신속통합기획|공공재개발|신속통합기획|공공재개발|정비사업후보지
도봉구,쌍문동,2024-05,지정,신속통합기획|공공재개발|정비사업후보지
도봉구,쌍문동,2024-06,지정,신속통합기획|공공재개발|정비사업후보지
도봉구,쌍문동,2024-07,지정,신속통합기획|공공재개발|정비사업후보지
도봉구,쌍문동,2024-08,지정,국제교류복합지구|신속통합기획|공공재개발|정비사업후보지
도봉구,쌍문동,2024-09,지정,국제교류복합지구|신속통합기획|공공재개발|정비사업후보지|주요재건축단지|모아타운
도봉구,쌍문동,2024-10,지정,국제교류복합지구|신속통합기획|공공재개발|정비사업후보지|주요재건축단지|모아타운
도봉구,쌍문동,2024-11,지정,국제교류복합지구|신속통합기획|공공재개발|정비사업후보지|주요재건축단지|모아타운
도봉구,쌍문동,2024-12,지정,국제교류복합지구|신속통합기획|공공재개발|정비사업후보지|주요재건축단지|모아타운
도봉구,쌍문동,2025-01,지정,신속통합기획|공공재개발|정비사업후보지|주요재건축단지|모아타운
도봉구,쌍문동,2025-02,지정,신속통합기획|공공재개발|정비사업후보지|주요재건축단지|모아타운
도봉구,쌍문동,2025-03,지정,신속통합기획|공공재개발|정비사업후보지|주요재건축단지|모아타운
도봉구,쌍문동,2025-04,지정,신속통합기획|공공재개발|정비사업후보지|주요재건축단지|모아타운
도봉구,쌍문동,2025-05,지정,주요재건축단지|모아타운
도봉구,쌍문동,2025-06,지정,주요재건축단지|모아타운
도봉구,쌍문동,2025-07,지정,주요재건축단지|모아타운
도봉구,쌍문동,2025-08,지정,주요재건축단지|모아타운
도봉구,쌍문동,2025-09,지정,주요재건축단지|모아타운
도봉구,쌍문동,2025-10,지정,주요재건축단지|모아타운
도봉구,쌍문동,2025-11,지정,주요재건축단지|모아타운
도봉구,쌍문동,2025-12,지정,주요재건축단지|모아타운
도봉구,쌍문동,2026-01,지정,주요재건축단지|모아타운
도봉구,쌍문동,2026-02,지정,주요재건축단지|모아타운
도봉구,쌍문동,2026-03,지정,주요재건축단지|모아타운
도봉구,쌍문동,2026-04,지정,주요재건축단지|모아타운
도봉구,쌍문동,2026-05,지정,주요재건축단지|모아타운
도봉구,쌍문동,2026-06,지정,주요재건축단지|모아타운
도봉구,쌍문동,2026-07,지정,주요재건축단지|모아타운
도봉구,쌍문동,2026-08,지정,신규주택공급후보지|주요재건축단지|모아타운
도봉구,창동,2022-01,지정,미분류
도봉구,창동,2022-02,지정,미분류
도봉구,창동,2022-03,지정,미분류
도봉구,창동,2022-04,지정,미분류
도봉구,창동,2022-05,지정,미분류
도봉구,창동,2022-06,지정,미분류
도봉구,창동,2022-07,지정,미분류
도봉구,창동,2022-08,지정,미분류
도봉구,창동,2022-09,지정,미분류
도봉구,창동,2022-10,지정,미분류
도봉구,창동,2022-11,지정,미분류
도봉구,창동,2022-12,지정,미분류
도봉구,창동,2023-01,지정,미분류
도봉구,창동,2023-02,불명,
도봉구,창동,2023-03,불명,
도봉구,창동,2023-04,불명,
도봉구,창동,2023-05,불명,
도봉구,창동,2023-06,불명,
도봉구,창동,2023-07,불명,
도봉구,창동,2023-08,불명,
도봉구,창동,2023-09,불명,
도봉구,창동,2023-10,불명,
도봉구,창동,2023-11,불명,
도봉구,창동,2023-12,불명,
도봉구,창동,2024-01,불명,
도봉구,창동,2024-02,불명,
도봉구,창동,2024-03,불명,
도봉구,창동,2024-04,지정,신속통합기획|공공재개발|정비사업후보지
도봉구,창동,2024-05,지정,신속통합기획|공공재개발|정비사업후보지
도봉구,창동,2024-06,지정,신속통합기획|공공재개발|정비사업후보지
도봉구,창동,2024-07,지정,신속통합기획|공공재개발|정비사업후보지
도봉구,창동,2024-08,지정,신속통합기획|공공재개발|정비사업후보지
도봉구,창동,2024-09,지정,신속통합기획|공공재개발|정비사업후보지|주요재건축단지|모아타운
도봉구,창동,2024-10,지정,신속통합기획|공공재개발|정비사업후보지|주요재건축단지|모아타운
도봉구,창동,2024-11,지정,신속통합기획|공공재개발|정비사업후보지|주요재건축단지|모아타운
도봉구,창동,2024-12,지정,신속통합기획|공공재개발|정비사업후보지|주요재건축단지|모아타운
도봉구,창동,2025-01,지정,신속통합기획|공공재개발|정비사업후보지|주요재건축단지|모아타운
도봉구,창동,2025-02,지정,신속통합기획|공공재개발|정비사업후보지|주요재건축단지|모아타운
도봉구,창동,2025-03,지정,신속통합기획|공공재개발|정비사업후보지|주요재건축단지|모아타운
도봉구,창동,2025-04,지정,신속통합기획|공공재개발|정비사업후보지|주요재건축단지|모아타운
도봉구,창동,2025-05,지정,주요재건축단지|모아타운
도봉구,창동,2025-06,지정,주요재건축단지|모아타운
도봉구,창동,2025-07,지정,주요재건축단지|모아타운
도봉구,창동,2025-08,지정,주요재건축단지|모아타운
도봉구,창동,2025-09,지정,주요재건축단지|모아타운
도봉구,창동,2025-10,지정,주요재건축단지|모아타운
도봉구,창동,2025-11,지정,주요재건축단지|모아타운
도봉구,창동,2025-12,지정,주요재건축단지|모아타운
도봉구,창동,2026-01,지정,주요재건축단지|모아타운
도봉구,창동,2026-02,지정,주요재건축단지|모아타운
도봉구,창동,2026-03,지정,주요재건축단지|모아타운
도봉구,창동,2026-04,지정,주요재건축단지|모아타운
도봉구,창동,2026-05,지정,주요재건축단지|모아타운
도봉구,창동,2026-06,지정,주요재건축단지|모아타운
도봉구,창동,2026-07,지정,주요재건축단지|모아타운
도봉구,창동,2026-08,지정,주요재건축단지|모아타운
동대문구,답십리동,2023-01,지정,주요재건축단지|정비사업후보지
동대문구,답십리동,2023-02,지정,주요재건축단지|정비사업후보지
동대문구,답십리동,2023-03,지정,주요재건축단지|정비사업후보지
동대문구,답십리동,2023-04,지정,주요재건축단지|정비사업후보지
동대문구,답십리동,2023-05,지정,주요재건축단지|정비사업후보지
동대문구,답십리동,2023-06,지정,주요재건축단지|정비사업후보지
동대문구,답십리동,2023-07,지정,주요재건축단지|정비사업후보지
동대문구,답십리동,2023-08,지정,주요재건축단지|정비사업후보지
동대문구,답십리동,2023-09,지정,주요재건축단지|정비사업후보지
동대문구,답십리동,2023-10,지정,주요재건축단지|정비사업후보지
동대문구,답십리동,2023-11,지정,주요재건축단지|정비사업후보지
동대문구,답십리동,2023-12,지정,주요재건축단지|정비사업후보지
동대문구,답십리동,2024-01,지정,주요재건축단지|정비사업후보지
동대문구,답십리동,2024-02,불명,
동대문구,답십리동,2024-03,불명,
동대문구,답십리동,2024-04,불명,
동대문구,답십리동,2024-05,불명,
동대문구,답십리동,2024-06,불명,
동대문구,답십리동,2024-07,불명,
동대문구,답십리동,2024-08,불명,
동대문구,답십리동,2024-09,지정,주요재건축단지|주요재건축단지|모아타운
동대문구,답십리동,2024-10,지정,주요재건축단지|주요재건축단지|모아타운
동대문구,답십리동,2024-11,지정,주요재건축단지|주요재건축단지|모아타운
동대문구,답십리동,2024-12,지정,주요재건축단지|주요재건축단지|모아타운
동대문구,답십리동,2025-01,지정,주요재건축단지|주요재건축단지|모아타운
동대문구,답십리동,2025-02,지정,주요재건축단지|주요재건축단지|모아타운
동대문구,답십리동,2025-03,지정,주요재건축단지|주요재건축단지|모아타운
동대문구,답십리동,2025-04,지정,주요재건축단지|주요재건축단지|모아타운
동대문구,답십리동,2025-05,지정,주요재건축단지|주요재건축단지|모아타운
동대문구,답십리동,2025-06,지정,주요재건축단지|주요재건축단지|모아타운
동대문구,답십리동,2025-07,지정,주요재건축단지|주요재건축단지|모아타운
동대문구,답십리동,2025-08,지정,주요재건축단지|주요재건축단지|모아타운
동대문구,답십리동,2025-09,지정,주요재건축단지|주요재건축단지|모아타운
동대문구,답십리동,2025-10,지정,주요재건축단지|주요재건축단지|모아타운
동대문구,답십리동,2025-11,지정,주요재건축단지|주요재건축단지|모아타운
동대문구,답십리동,2025-12,지정,주요재건축단지|주요재건축단지|모아타운
동대문구,답십리동,2026-01,지정,주요재건축단지|주요재건축단지|모아타운
동대문구,답십리동,2026-02,지정,주요재건축단지|주요재건축단지|모아타운
동대문구,답십리동,2026-03,지정,주요재건축단지|주요재건축단지|모아타운
동대문구,답십리동,2026-04,지정,주요재건축단지|주요재건축단지|모아타운
동대문구,답십리동,2026-05,지정,주요재건축단지|주요재건축단지|모아타운
동대문구,답십리동,2026-06,지정,주요재건축단지|주요재건축단지|모아타운
동대문구,답십리동,2026-07,지정,주요재건축단지|주요재건축단지|모아타운
동대문구,답십리동,2026-08,지정,주요재건축단지|주요재건축단지|모아타운
동대문구,신설동,2024-01,지정,신속통합기획|공공재개발|정비사업후보지
동대문구,신설동,2024-02,지정,신속통합기획|공공재개발|정비사업후보지
동대문구,신설동,2024-03,지정,신속통합기획|공공재개발|정비사업후보지
동대문구,신설동,2024-04,지정,신속통합기획|공공재개발|정비사업후보지
동대문구,신설동,2024-05,지정,신속통합기획|공공재개발|정비사업후보지
동대문구,신설동,2024-06,지정,신속통합기획|공공재개발|정비사업후보지
동대문구,신설동,2024-07,지정,신속통합기획|공공재개발|정비사업후보지
동대문구,신설동,2024-08,지정,신속통합기획|공공재개발|정비사업후보지
동대문구,신설동,2024-09,지정,신속통합기획|공공재개발|정비사업후보지
동대문구,신설동,2024-10,지정,신속통합기획|공공재개발|정비사업후보지
동대문구,신설동,2024-11,지정,신속통합기획|공공재개발|정비사업후보지
동대문구,신설동,2024-12,지정,신속통합기획|공공재개발|정비사업후보지
동대문구,신설동,2025-01,지정,신속통합기획|공공재개발|정비사업후보지|주요재건축단지|신속통합기획|공공재개발|정비사업후보지
동대문구,신설동,2025-02,지정,주요재건축단지|신속통합기획|공공재개발|정비사업후보지
동대문구,신설동,2025-03,지정,주요재건축단지|신속통합기획|공공재개발|정비사업후보지
동대문구,신설동,2025-04,지정,주요재건축단지|신속통합기획|공공재개발|정비사업후보지
동대문구,신설동,2025-05,지정,주요재건축단지|신속통합기획|공공재개발|정비사업후보지
동대문구,신설동,2025-06,지정,주요재건축단지|신속통합기획|공공재개발|정비사업후보지
동대문구,신설동,2025-07,지정,주요재건축단지|신속통합기획|공공재개발|정비사업후보지
동대문구,신설동,2025-08,지정,주요재건축단지|신속통합기획|공공재개발|정비사업후보지
동대문구,신설동,2025-09,지정,주요재건축단지|신속통합기획|공공재개발|정비사업후보지
동대문구,신설동,2025-10,지정,주요재건축단지|신속통합기획|공공재개발|정비사업후보지
동대문구,신설동,2025-11,지정,주요재건축단지|신속통합기획|공공재개발|정비사업후보지
동대문구,신설동,2025-12,지정,주요재건축단지|신속통합기획|공공재개발|정비사업후보지
동대문구,신설동,2026-01,지정,주요재건축단지|신속통합기획|공공재개발|정비사업후보지
동대문구,용두동,2023-01,지정,주요재건축단지|정비사업후보지
동대문구,용두동,2023-02,지정,주요재건축단지|정비사업후보지
동대문구,용두동,2023-03,지정,주요재건축단지|정비사업후보지
동대문구,용두동,2023-04,지정,주요재건축단지|정비사업후보지
동대문구,용두동,2023-05,지정,주요재건축단지|정비사업후보지
동대문구,용두동,2023-06,지정,주요재건축단지|정비사업후보지
동대문구,용두동,2023-07,지정,주요재건축단지|정비사업후보지
동대문구,용두동,2023-08,지정,주요재건축단지|정비사업후보지
동대문구,용두동,2023-09,지정,주요재건축단지|정비사업후보지
동대문구,용두동,2023-10,지정,주요재건축단지|정비사업후보지
동대문구,용두동,2023-11,지정,주요재건축단지|정비사업후보지
동대문구,용두동,2023-12,지정,주요재건축단지|정비사업후보지
동대문구,용두동,2024-01,지정,신속통합기획|공공재개발|정비사업후보지|주요재건축단지|정비사업후보지
동대문구,용두동,2024-02,지정,신속통합기획|공공재개발|정비사업후보지
동대문구,용두동,2024-03,지정,신속통합기획|공공재개발|정비사업후보지
동대문구,용두동,2024-04,지정,신속통합기획|공공재개발|정비사업후보지
동대문구,용두동,2024-05,지정,신속통합기획|공공재개발|정비사업후보지
동대문구,용두동,2024-06,지정,신속통합기획|공공재개발|정비사업후보지
동대문구,용두동,2024-07,지정,신속통합기획|공공재개발|정비사업후보지
동대문구,용두동,2024-08,지정,신속통합기획|공공재개발|정비사업후보지
동대문구,용두동,2024-09,지정,신속통합기획|공공재개발|정비사업후보지
동대문구,용두동,2024-10,지정,신속통합기획|공공재개발|정비사업후보지
동대문구,용두동,2024-11,지정,신속통합기획|공공재개발|정비사업후보지
동대문구,용두동,2024-12,지정,신속통합기획|공공재개발|정비사업후보지
동대문구,용두동,2025-01,지정,신속통합기획|공공재개발|정비사업후보지|주요재건축단지|신속통합기획|공공재개발|정비사업후보지
동대문구,용두동,2025-02,지정,주요재건축단지|신속통합기획|공공재개발|정비사업후보지
동대문구,용두동,2025-03,지정,주요재건축단지|신속통합기획|공공재개발|정비사업후보지
동대문구,용두동,2025-04,지정,주요재건축단지|신속통합기획|공공재개발|정비사업후보지
동대문구,용두동,2025-05,지정,주요재건축단지|신속통합기획|공공재개발|정비사업후보지
동대문구,용두동,2025-06,지정,주요재건축단지|신속통합기획|공공재개발|정비사업후보지
동대문구,용두동,2025-07,지정,주요재건축단지|신속통합기획|공공재개발|정비사업후보지
동대문구,용두동,2025-08,지정,주요재건축단지|신속통합기획|공공재개발|정비사업후보지
동대문구,용두동,2025-09,지정,주요재건축단지|신속통합기획|공공재개발|정비사업후보지
동대문구,용두동,2025-10,지정,주요재건축단지|신속통합기획|공공재개발|정비사업후보지
동대문구,용두동,2025-11,지정,주요재건축단지|신속통합기획|공공재개발|정비사업후보지
동대문구,용두동,2025-12,지정,주요재건축단지|신속통합기획|공공재개발|정비사업후보지
동대문구,용두동,2026-01,지정,주요재건축단지|신속통합기획|공공재개발|정비사업후보지
동대문구,이문동,2024-09,지정,주요재건축단지
동대문구,이문동,2024-10,지정,주요재건축단지
동대문구,이문동,2024-11,지정,주요재건축단지
동대문구,이문동,2024-12,지정,주요재건축단지
동대문구,이문동,2025-01,지정,주요재건축단지
동대문구,이문동,2025-02,지정,주요재건축단지
동대문구,이문동,2025-03,지정,주요재건축단지
동대문구,이문동,2025-04,지정,주요재건축단지
동대문구,이문동,2025-05,지정,주요재건축단지
동대문구,이문동,2025-06,지정,주요재건축단지
동대문구,이문동,2025-07,지정,주요재건축단지
동대문구,이문동,2025-08,지정,주요재건축단지
동대문구,이문동,2025-09,지정,주요재건축단지
동대문구,이문동,2025-10,지정,주요재건축단지
동대문구,이문동,2025-11,지정,주요재건축단지
동대문구,이문동,2025-12,지정,주요재건축단지
동대문구,이문동,2026-01,지정,주요재건축단지
동대문구,이문동,2026-02,지정,주요재건축단지
동대문구,이문동,2026-03,지정,주요재건축단지
동대문구,이문동,2026-04,지정,주요재건축단지
동대문구,이문동,2026-05,지정,주요재건축단지
동대문구,이문동,2026-06,지정,주요재건축단지
동대문구,이문동,2026-07,지정,주요재건축단지
동대문구,이문동,2026-08,지정,주요재건축단지
동대문구,전농동,2021-04,지정,공공재개발
동대문구,전농동,2021-05,지정,공공재개발
동대문구,전농동,2021-06,지정,공공재개발
동대문구,전농동,2021-07,지정,공공재개발
동대문구,전농동,2021-08,지정,공공재개발
동대문구,전농동,2021-09,지정,공공재개발
동대문구,전농동,2021-10,지정,공공재개발
동대문구,전농동,2021-11,지정,공공재개발
동대문구,전농동,2021-12,지정,공공재개발
동대문구,전농동,2022-01,지정,공공재개발|미분류
동대문구,전농동,2022-02,지정,공공재개발|미분류
동대문구,전농동,2022-03,지정,공공재개발|미분류
동대문구,전농동,2022-04,지정,공공재개발|미분류
동대문구,전농동,2022-05,지정,공공재개발|미분류
동대문구,전농동,2022-06,지정,공공재개발|미분류
동대문구,전농동,2022-07,지정,공공재개발|미분류
동대문구,전농동,2022-08,지정,공공재개발|미분류
동대문구,전농동,2022-09,지정,공공재개발|미분류
동대문구,전농동,2022-10,지정,공공재개발|미분류
동대문구,전농동,2022-11,지정,공공재개발|미분류
동대문구,전농동,2022-12,지정,공공재개발|미분류
동대문구,전농동,2023-01,지정,공공재개발|미분류|신속통합기획|공공재개발|주요재건축단지|정비사업후보지
동대문구,전농동,2023-02,지정,공공재개발|신속통합기획|공공재개발|주요재건축단지|정비사업후보지
동대문구,전농동,2023-03,지정,공공재개발|신속통합기획|공공재개발|주요재건축단지|정비사업후보지
동대문구,전농동,2023-04,지정,공공재개발|신속통합기획|공공재개발|주요재건축단지|정비사업후보지
동대문구,전농동,2023-05,지정,신속통합기획|공공재개발|주요재건축단지|정비사업후보지
동대문구,전농동,2023-06,지정,신속통합기획|공공재개발|주요재건축단지|정비사업후보지
동대문구,전농동,2023-07,지정,신속통합기획|공공재개발|주요재건축단지|정비사업후보지
동대문구,전농동,2023-08,지정,신속통합기획|공공재개발|주요재건축단지|정비사업후보지
동대문구,전농동,2023-09,지정,신속통합기획|공공재개발|주요재건축단지|정비사업후보지
동대문구,전농동,2023-10,지정,신속통합기획|공공재개발|주요재건축단지|정비사업후보지
동대문구,전농동,2023-11,지정,신속통합기획|공공재개발|주요재건축단지|정비사업후보지
동대문구,전농동,2023-12,지정,신속통합기획|공공재개발|주요재건축단지|신속통합기획|정비사업후보지|주요재건축단지|정비사업후보지
동대문구,전농동,2024-01,지정,신속통합기획|공공재개발|주요재건축단지|신속통합기획|정비사업후보지|주요재건축단지|정비사업후보지
동대문구,전농동,2024-02,지정,신속통합기획|공공재개발|주요재건축단지|신속통합기획|정비사업후보지
동대문구,전농동,2024-03,지정,신속통합기획|공공재개발|주요재건축단지|신속통합기획|정비사업후보지
동대문구,전농동,2024-04,지정,신속통합기획|공공재개발|신속통합기획|공공재개발|정비사업후보지|주요재건축단지|신속통합기획|정비사업후보지
동대문구,전농동,2024-05,지정,신속통합기획|공공재개발|정비사업후보지|주요재건축단지|신속통합기획|정비사업후보지
동대문구,전농동,2024-06,지정,신속통합기획|공공재개발|정비사업후보지|주요재건축단지|신속통합기획|정비사업후보지
동대문구,전농동,2024-07,지정,신속통합기획|공공재개발|정비사업후보지|주요재건축단지|신속통합기획|정비사업후보지
동대문구,전농동,2024-08,지정,신속통합기획|공공재개발|정비사업후보지|주요재건축단지|신속통합기획|정비사업후보지
동대문구,전농동,2024-09,지정,신속통합기획|공공재개발|정비사업후보지|주요재건축단지|신속통합기획|정비사업후보지
동대문구,전농동,2024-10,지정,신속통합기획|공공재개발|정비사업후보지|주요재건축단지|신속통합기획|정비사업후보지
동대문구,전농동,2024-11,지정,신속통합기획|공공재개발|정비사업후보지|주요재건축단지|신속통합기획|정비사업후보지
동대문구,전농동,2024-12,지정,신속통합기획|공공재개발|정비사업후보지|주요재건축단지|신속통합기획|정비사업후보지
동대문구,전농동,2025-01,지정,신속통합기획|공공재개발|정비사업후보지|주요재건축단지|신속통합기획|공공재개발|정비사업후보지
동대문구,전농동,2025-02,지정,신속통합기획|공공재개발|정비사업후보지|주요재건축단지|신속통합기획|공공재개발|정비사업후보지
동대문구,전농동,2025-03,지정,신속통합기획|공공재개발|정비사업후보지|주요재건축단지|신속통합기획|공공재개발|정비사업후보지
동대문구,전농동,2025-04,지정,신속통합기획|공공재개발|정비사업후보지|주요재건축단지|신속통합기획|공공재개발|정비사업후보지
동대문구,전농동,2025-05,지정,주요재건축단지|신속통합기획|공공재개발|정비사업후보지
동대문구,전농동,2025-06,지정,주요재건축단지|신속통합기획|공공재개발|정비사업후보지
동대문구,전농동,2025-07,지정,주요재건축단지|신속통합기획|공공재개발|정비사업후보지
동대문구,전농동,2025-08,지정,주요재건축단지|신속통합기획|공공재개발|정비사업후보지
동대문구,전농동,2025-09,지정,주요재건축단지|신속통합기획|공공재개발|정비사업후보지
동대문구,전농동,2025-10,지정,주요재건축단지|신속통합기획|공공재개발|정비사업후보지
동대문구,전농동,2025-11,지정,주요재건축단지|신속통합기획|공공재개발|정비사업후보지
동대문구,전농동,2025-12,지정,주요재건축단지|신속통합기획|공공재개발|정비사업후보지
동대문구,전농동,2026-01,지정,주요재건축단지|신속통합기획|공공재개발|정비사업후보지
동대문구,청량리동,2022-01,지정,정비사업후보지
동대문구,청량리동,2022-02,지정,정비사업후보지
동대문구,청량리동,2022-03,지정,정비사업후보지
동대문구,청량리동,2022-04,지정,정비사업후보지
동대문구,청량리동,2022-05,지정,정비사업후보지
동대문구,청량리동,2022-06,지정,정비사업후보지
동대문구,청량리동,2022-07,지정,정비사업후보지
동대문구,청량리동,2022-08,지정,정비사업후보지
동대문구,청량리동,2022-09,지정,정비사업후보지
동대문구,청량리동,2022-10,지정,정비사업후보지
동대문구,청량리동,2022-11,지정,정비사업후보지
동대문구,청량리동,2022-12,지정,정비사업후보지
동대문구,청량리동,2023-01,지정,정비사업후보지
동대문구,청량리동,2023-02,지정,정비사업후보지
동대문구,청량리동,2023-03,지정,정비사업후보지
동대문구,청량리동,2023-04,지정,정비사업후보지
동대문구,청량리동,2023-05,지정,정비사업후보지
동대문구,청량리동,2023-06,지정,정비사업후보지
동대문구,청량리동,2023-07,지정,정비사업후보지
동대문구,청량리동,2023-08,지정,정비사업후보지
동대문구,청량리동,2023-09,지정,정비사업후보지
동대문구,청량리동,2023-10,지정,정비사업후보지
동대문구,청량리동,2023-11,지정,정비사업후보지
동대문구,청량리동,2023-12,지정,정비사업후보지
동대문구,청량리동,2024-01,지정,정비사업후보지
동대문구,청량리동,2024-02,불명,
동대문구,청량리동,2024-03,불명,
동대문구,청량리동,2024-04,불명,
동대문구,청량리동,2024-05,불명,
동대문구,청량리동,2024-06,불명,
동대문구,청량리동,2024-07,불명,
동대문구,청량리동,2024-08,불명,
동대문구,청량리동,2024-09,불명,
동대문구,청량리동,2024-10,불명,
동대문구,청량리동,2024-11,불명,
동대문구,청량리동,2024-12,불명,
동대문구,청량리동,2025-01,지정,주요재건축단지|신속통합기획|공공재개발|정비사업후보지
동대문구,청량리동,2025-02,지정,주요재건축단지|신속통합기획|공공재개발|정비사업후보지
동대문구,청량리동,2025-03,지정,주요재건축단지|신속통합기획|공공재개발|정비사업후보지
동대문구,청량리동,2025-04,지정,주요재건축단지|신속통합기획|공공재개발|정비사업후보지
동대문구,청량리동,2025-05,지정,주요재건축단지|신속통합기획|공공재개발|정비사업후보지
동대문구,청량리동,2025-06,지정,주요재건축단지|신속통합기획|공공재개발|정비사업후보지
동대문구,청량리동,2025-07,지정,주요재건축단지|신속통합기획|공공재개발|정비사업후보지
동대문구,청량리동,2025-08,지정,주요재건축단지|신속통합기획|공공재개발|정비사업후보지
동대문구,청량리동,2025-09,지정,주요재건축단지|신속통합기획|공공재개발|정비사업후보지
동대문구,청량리동,2025-10,지정,주요재건축단지|신속통합기획|공공재개발|정비사업후보지
동대문구,청량리동,2025-11,지정,주요재건축단지|신속통합기획|공공재개발|정비사업후보지
동대문구,청량리동,2025-12,지정,주요재건축단지|신속통합기획|공공재개발|정비사업후보지
동대문구,청량리동,2026-01,지정,주요재건축단지|신속통합기획|공공재개발|정비사업후보지
동대문구,휘경동,2022-01,지정,미분류
동대문구,휘경동,2022-02,지정,미분류
동대문구,휘경동,2022-03,지정,미분류
동대문구,휘경동,2022-04,지정,미분류
동대문구,휘경동,2022-05,지정,미분류
동대문구,휘경동,2022-06,지정,미분류
동대문구,휘경동,2022-07,지정,미분류
동대문구,휘경동,2022-08,지정,미분류
동대문구,휘경동,2022-09,지정,미분류
동대문구,휘경동,2022-10,지정,미분류
동대문구,휘경동,2022-11,지정,미분류
동대문구,휘경동,2022-12,지정,미분류
동대문구,휘경동,2023-01,지정,미분류|주요재건축단지|정비사업후보지
동대문구,휘경동,2023-02,지정,주요재건축단지|정비사업후보지
동대문구,휘경동,2023-03,지정,주요재건축단지|정비사업후보지
동대문구,휘경동,2023-04,지정,주요재건축단지|정비사업후보지
동대문구,휘경동,2023-05,지정,주요재건축단지|정비사업후보지
동대문구,휘경동,2023-06,지정,주요재건축단지|정비사업후보지
동대문구,휘경동,2023-07,지정,주요재건축단지|정비사업후보지
동대문구,휘경동,2023-08,지정,주요재건축단지|정비사업후보지
동대문구,휘경동,2023-09,지정,주요재건축단지|정비사업후보지
동대문구,휘경동,2023-10,지정,주요재건축단지|정비사업후보지
동대문구,휘경동,2023-11,지정,주요재건축단지|정비사업후보지
동대문구,휘경동,2023-12,지정,주요재건축단지|정비사업후보지
동대문구,휘경동,2024-01,지정,주요재건축단지|정비사업후보지
동작구,노량진동,2024-09,지정,주요재건축단지|모아타운
동작구,노량진동,2024-10,지정,주요재건축단지|모아타운
동작구,노량진동,2024-11,지정,주요재건축단지|모아타운
동작구,노량진동,2024-12,지정,주요재건축단지|모아타운
동작구,노량진동,2025-01,지정,주요재건축단지|모아타운
동작구,노량진동,2025-02,지정,주요재건축단지|모아타운
동작구,노량진동,2025-03,지정,주요재건축단지|모아타운
동작구,노량진동,2025-04,지정,주요재건축단지|모아타운
동작구,노량진동,2025-05,지정,주요재건축단지|모아타운
동작구,노량진동,2025-06,지정,주요재건축단지|모아타운
동작구,노량진동,2025-07,지정,주요재건축단지|모아타운
동작구,노량진동,2025-08,지정,주요재건축단지|모아타운
동작구,노량진동,2025-09,지정,주요재건축단지|모아타운
동작구,노량진동,2025-10,지정,주요재건축단지|모아타운
동작구,노량진동,2025-11,지정,주요재건축단지|모아타운
동작구,노량진동,2025-12,지정,주요재건축단지|모아타운
동작구,노량진동,2026-01,지정,주요재건축단지|모아타운
동작구,노량진동,2026-02,지정,주요재건축단지|모아타운
동작구,노량진동,2026-03,지정,주요재건축단지|모아타운
동작구,노량진동,2026-04,지정,주요재건축단지|모아타운
동작구,노량진동,2026-05,지정,주요재건축단지|모아타운
동작구,노량진동,2026-06,지정,주요재건축단지|모아타운
동작구,노량진동,2026-07,지정,주요재건축단지|모아타운
동작구,노량진동,2026-08,지정,주요재건축단지|모아타운
동작구,본동,2021-04,지정,공공재개발
동작구,본동,2021-05,지정,공공재개발
동작구,본동,2021-06,지정,공공재개발
동작구,본동,2021-07,지정,공공재개발
동작구,본동,2021-08,지정,공공재개발
동작구,본동,2021-09,지정,공공재개발
동작구,본동,2021-10,지정,공공재개발
동작구,본동,2021-11,지정,공공재개발
동작구,본동,2021-12,지정,공공재개발
동작구,본동,2022-01,지정,공공재개발
동작구,본동,2022-02,지정,공공재개발
동작구,본동,2022-03,지정,공공재개발
동작구,본동,2022-04,지정,공공재개발
동작구,본동,2022-05,지정,공공재개발
동작구,본동,2022-06,지정,공공재개발
동작구,본동,2022-07,지정,공공재개발
동작구,본동,2022-08,지정,공공재개발
동작구,본동,2022-09,지정,공공재개발
동작구,본동,2022-10,지정,공공재개발
동작구,본동,2022-11,지정,공공재개발
동작구,본동,2022-12,지정,공공재개발
동작구,본동,2023-01,지정,공공재개발
동작구,본동,2023-02,지정,공공재개발
동작구,본동,2023-03,지정,공공재개발
동작구,본동,2023-04,지정,공공재개발|신속통합기획|공공재개발
동작구,본동,2023-05,지정,신속통합기획|공공재개발
동작구,본동,2023-06,지정,신속통합기획|공공재개발
동작구,본동,2023-07,지정,신속통합기획|공공재개발
동작구,본동,2023-08,지정,신속통합기획|공공재개발
동작구,본동,2023-09,지정,신속통합기획|공공재개발
동작구,본동,2023-10,지정,신속통합기획|공공재개발
동작구,본동,2023-11,지정,신속통합기획|공공재개발
동작구,본동,2023-12,지정,신속통합기획|공공재개발
동작구,본동,2024-01,지정,신속통합기획|공공재개발
동작구,본동,2024-02,지정,신속통합기획|공공재개발
동작구,본동,2024-03,지정,신속통합기획|공공재개발
동작구,본동,2024-04,지정,신속통합기획|공공재개발|신속통합기획|공공재개발|정비사업후보지
동작구,본동,2024-05,지정,신속통합기획|공공재개발|정비사업후보지
동작구,본동,2024-06,지정,신속통합기획|공공재개발|정비사업후보지
동작구,본동,2024-07,지정,신속통합기획|공공재개발|정비사업후보지
동작구,본동,2024-08,지정,신속통합기획|공공재개발|정비사업후보지
동작구,본동,2024-09,지정,신속통합기획|공공재개발|정비사업후보지
동작구,본동,2024-10,지정,신속통합기획|공공재개발|정비사업후보지
동작구,본동,2024-11,지정,신속통합기획|공공재개발|정비사업후보지
동작구,본동,2024-12,지정,신속통합기획|공공재개발|정비사업후보지
동작구,본동,2025-01,지정,신속통합기획|공공재개발|정비사업후보지
동작구,본동,2025-02,지정,신속통합기획|공공재개발|정비사업후보지
동작구,본동,2025-03,지정,신속통합기획|공공재개발|정비사업후보지
동작구,본동,2025-04,지정,신속통합기획|공공재개발|정비사업후보지
동작구,사당동,2023-01,지정,주요재건축단지|정비사업후보지
동작구,사당동,2023-02,지정,주요재건축단지|정비사업후보지
동작구,사당동,2023-03,지정,주요재건축단지|정비사업후보지
동작구,사당동,2023-04,지정,주요재건축단지|정비사업후보지
동작구,사당동,2023-05,지정,주요재건축단지|정비사업후보지
동작구,사당동,2023-06,지정,주요재건축단지|정비사업후보지
동작구,사당동,2023-07,지정,주요재건축단지|정비사업후보지
동작구,사당동,2023-08,지정,주요재건축단지|정비사업후보지
동작구,사당동,2023-09,지정,주요재건축단지|정비사업후보지
동작구,사당동,2023-10,지정,주요재건축단지|정비사업후보지
동작구,사당동,2023-11,지정,주요재건축단지|정비사업후보지
동작구,사당동,2023-12,지정,주요재건축단지|정비사업후보지
동작구,사당동,2024-01,지정,주요재건축단지|정비사업후보지
동작구,사당동,2024-02,불명,
동작구,사당동,2024-03,불명,
동작구,사당동,2024-04,불명,
동작구,사당동,2024-05,불명,
동작구,사당동,2024-06,불명,
동작구,사당동,2024-07,불명,
동작구,사당동,2024-08,불명,
동작구,사당동,2024-09,지정,주요재건축단지|모아타운
동작구,사당동,2024-10,지정,주요재건축단지|모아타운
동작구,사당동,2024-11,지정,주요재건축단지|모아타운
동작구,사당동,2024-12,지정,주요재건축단지|모아타운
동작구,사당동,2025-01,지정,주요재건축단지|모아타운
동작구,사당동,2025-02,지정,주요재건축단지|모아타운
동작구,사당동,2025-03,지정,주요재건축단지|모아타운
동작구,사당동,2025-04,지정,주요재건축단지|모아타운
동작구,사당동,2025-05,지정,주요재건축단지|모아타운
동작구,사당동,2025-06,지정,주요재건축단지|모아타운
동작구,사당동,2025-07,지정,주요재건축단지|모아타운
동작구,사당동,2025-08,지정,주요재건축단지|모아타운
동작구,사당동,2025-09,지정,주요재건축단지|모아타운
동작구,사당동,2025-10,지정,주요재건축단지|모아타운
동작구,사당동,2025-11,지정,주요재건축단지|모아타운
동작구,사당동,2025-12,지정,주요재건축단지|모아타운
동작구,사당동,2026-01,지정,주요재건축단지|모아타운
동작구,사당동,2026-02,지정,주요재건축단지|모아타운
동작구,사당동,2026-03,지정,주요재건축단지|모아타운
동작구,사당동,2026-04,지정,주요재건축단지|모아타운
동작구,사당동,2026-05,지정,주요재건축단지|모아타운
동작구,사당동,2026-06,지정,주요재건축단지|모아타운
동작구,사당동,2026-07,지정,주요재건축단지|모아타운
동작구,사당동,2026-08,지정,주요재건축단지|모아타운
동작구,상도동,2022-01,지정,정비사업후보지
동작구,상도동,2022-02,지정,정비사업후보지
동작구,상도동,2022-03,지정,정비사업후보지
동작구,상도동,2022-04,지정,정비사업후보지
동작구,상도동,2022-05,지정,정비사업후보지
동작구,상도동,2022-06,지정,정비사업후보지
동작구,상도동,2022-07,지정,정비사업후보지
동작구,상도동,2022-08,지정,정비사업후보지
동작구,상도동,2022-09,지정,정비사업후보지
동작구,상도동,2022-10,지정,정비사업후보지
동작구,상도동,2022-11,지정,정비사업후보지
동작구,상도동,2022-12,지정,정비사업후보지
동작구,상도동,2023-01,지정,정비사업후보지|주요재건축단지|정비사업후보지
동작구,상도동,2023-02,지정,정비사업후보지|주요재건축단지|정비사업후보지
동작구,상도동,2023-03,지정,정비사업후보지|주요재건축단지|정비사업후보지
동작구,상도동,2023-04,지정,정비사업후보지|주요재건축단지|정비사업후보지
동작구,상도동,2023-05,지정,정비사업후보지|주요재건축단지|정비사업후보지
동작구,상도동,2023-06,지정,정비사업후보지|주요재건축단지|정비사업후보지
동작구,상도동,2023-07,지정,정비사업후보지|주요재건축단지|정비사업후보지
동작구,상도동,2023-08,지정,정비사업후보지|주요재건축단지|정비사업후보지
동작구,상도동,2023-09,지정,정비사업후보지|주요재건축단지|정비사업후보지
동작구,상도동,2023-10,지정,정비사업후보지|주요재건축단지|정비사업후보지
동작구,상도동,2023-11,지정,정비사업후보지|주요재건축단지|정비사업후보지
동작구,상도동,2023-12,지정,정비사업후보지|주요재건축단지|신속통합기획|정비사업후보지|주요재건축단지|정비사업후보지
동작구,상도동,2024-01,지정,정비사업후보지|주요재건축단지|신속통합기획|정비사업후보지|주요재건축단지|정비사업후보지
동작구,상도동,2024-02,지정,주요재건축단지|신속통합기획|정비사업후보지
동작구,상도동,2024-03,지정,주요재건축단지|신속통합기획|정비사업후보지
동작구,상도동,2024-04,지정,주요재건축단지|신속통합기획|정비사업후보지
동작구,상도동,2024-05,지정,주요재건축단지|신속통합기획|정비사업후보지
동작구,상도동,2024-06,지정,주요재건축단지|신속통합기획|정비사업후보지
동작구,상도동,2024-07,지정,주요재건축단지|신속통합기획|정비사업후보지
동작구,상도동,2024-08,지정,주요재건축단지|신속통합기획|정비사업후보지
동작구,상도동,2024-09,지정,주요재건축단지|모아타운|주요재건축단지|신속통합기획|정비사업후보지
동작구,상도동,2024-10,지정,주요재건축단지|모아타운|주요재건축단지|신속통합기획|정비사업후보지
동작구,상도동,2024-11,지정,주요재건축단지|모아타운|주요재건축단지|신속통합기획|정비사업후보지
동작구,상도동,2024-12,지정,주요재건축단지|모아타운|주요재건축단지|신속통합기획|정비사업후보지
동작구,상도동,2025-01,지정,주요재건축단지|모아타운|주요재건축단지|신속통합기획|공공재개발|정비사업후보지
동작구,상도동,2025-02,지정,주요재건축단지|모아타운|주요재건축단지|신속통합기획|공공재개발|정비사업후보지
동작구,상도동,2025-03,지정,주요재건축단지|모아타운|주요재건축단지|신속통합기획|공공재개발|정비사업후보지
동작구,상도동,2025-04,지정,주요재건축단지|모아타운|주요재건축단지|신속통합기획|공공재개발|정비사업후보지
동작구,상도동,2025-05,지정,주요재건축단지|모아타운|주요재건축단지|신속통합기획|공공재개발|정비사업후보지
동작구,상도동,2025-06,지정,주요재건축단지|모아타운|주요재건축단지|신속통합기획|공공재개발|정비사업후보지
동작구,상도동,2025-07,지정,주요재건축단지|모아타운|주요재건축단지|신속통합기획|공공재개발|정비사업후보지
동작구,상도동,2025-08,지정,주요재건축단지|모아타운|주요재건축단지|신속통합기획|공공재개발|정비사업후보지
동작구,상도동,2025-09,지정,주요재건축단지|모아타운|주요재건축단지|신속통합기획|공공재개발|정비사업후보지
동작구,상도동,2025-10,지정,주요재건축단지|모아타운|주요재건축단지|신속통합기획|공공재개발|정비사업후보지
동작구,상도동,2025-11,지정,주요재건축단지|모아타운|주요재건축단지|신속통합기획|공공재개발|정비사업후보지
동작구,상도동,2025-12,지정,주요재건축단지|모아타운|주요재건축단지|신속통합기획|공공재개발|정비사업후보지
동작구,상도동,2026-01,지정,주요재건축단지|모아타운|주요재건축단지|신속통합기획|공공재개발|정비사업후보지
동작구,상도동,2026-02,지정,주요재건축단지|모아타운
동작구,상도동,2026-03,지정,주요재건축단지|모아타운
동작구,상도동,2026-04,지정,주요재건축단지|모아타운
동작구,상도동,2026-05,지정,주요재건축단지|모아타운
동작구,상도동,2026-06,지정,주요재건축단지|모아타운
동작구,상도동,2026-07,지정,주요재건축단지|모아타운
동작구,상도동,2026-08,지정,주요재건축단지|모아타운
동작구,흑석동,2023-01,지정,주요재건축단지|정비사업후보지
동작구,흑석동,2023-02,지정,주요재건축단지|정비사업후보지
동작구,흑석동,2023-03,지정,주요재건축단지|정비사업후보지
동작구,흑석동,2023-04,지정,주요재건축단지|정비사업후보지
동작구,흑석동,2023-05,지정,주요재건축단지|정비사업후보지
동작구,흑석동,2023-06,지정,주요재건축단지|정비사업후보지
동작구,흑석동,2023-07,지정,주요재건축단지|정비사업후보지
동작구,흑석동,2023-08,지정,주요재건축단지|정비사업후보지
동작구,흑석동,2023-09,지정,주요재건축단지|정비사업후보지
동작구,흑석동,2023-10,지정,주요재건축단지|정비사업후보지
동작구,흑석동,2023-11,지정,주요재건축단지|정비사업후보지
동작구,흑석동,2023-12,지정,주요재건축단지|정비사업후보지
동작구,흑석동,2024-01,지정,신속통합기획|공공재개발|정비사업후보지|주요재건축단지|정비사업후보지
동작구,흑석동,2024-02,지정,신속통합기획|공공재개발|정비사업후보지
동작구,흑석동,2024-03,지정,신속통합기획|공공재개발|정비사업후보지
동작구,흑석동,2024-04,지정,신속통합기획|공공재개발|정비사업후보지
동작구,흑석동,2024-05,지정,신속통합기획|공공재개발|정비사업후보지
동작구,흑석동,2024-06,지정,신속통합기획|공공재개발|정비사업후보지
동작구,흑석동,2024-07,지정,신속통합기획|공공재개발|정비사업후보지
동작구,흑석동,2024-08,지정,신속통합기획|공공재개발|정비사업후보지
동작구,흑석동,2024-09,지정,신속통합기획|공공재개발|정비사업후보지
동작구,흑석동,2024-10,지정,신속통합기획|공공재개발|정비사업후보지
동작구,흑석동,2024-11,지정,신속통합기획|공공재개발|정비사업후보지
동작구,흑석동,2024-12,지정,신속통합기획|공공재개발|정비사업후보지
동작구,흑석동,2025-01,지정,신속통합기획|공공재개발|정비사업후보지|주요재건축단지|신속통합기획|공공재개발|정비사업후보지
동작구,흑석동,2025-02,지정,주요재건축단지|신속통합기획|공공재개발|정비사업후보지
동작구,흑석동,2025-03,지정,주요재건축단지|신속통합기획|공공재개발|정비사업후보지
동작구,흑석동,2025-04,지정,주요재건축단지|신속통합기획|공공재개발|정비사업후보지
동작구,흑석동,2025-05,지정,주요재건축단지|신속통합기획|공공재개발|정비사업후보지
동작구,흑석동,2025-06,지정,주요재건축단지|신속통합기획|공공재개발|정비사업후보지
동작구,흑석동,2025-07,지정,주요재건축단지|신속통합기획|공공재개발|정비사업후보지
동작구,흑석동,2025-08,지정,주요재건축단지|신속통합기획|공공재개발|정비사업후보지
동작구,흑석동,2025-09,지정,주요재건축단지|신속통합기획|공공재개발|정비사업후보지
동작구,흑석동,2025-10,지정,주요재건축단지|신속통합기획|공공재개발|정비사업후보지
동작구,흑석동,2025-11,지정,주요재건축단지|신속통합기획|공공재개발|정비사업후보지
동작구,흑석동,2025-12,지정,주요재건축단지|신속통합기획|공공재개발|정비사업후보지
동작구,흑석동,2026-01,지정,주요재건축단지|신속통합기획|공공재개발|정비사업후보지
마포구,공덕동,2022-01,지정,정비사업후보지
마포구,공덕동,2022-02,지정,정비사업후보지
마포구,공덕동,2022-03,지정,정비사업후보지
마포구,공덕동,2022-04,지정,정비사업후보지
마포구,공덕동,2022-05,지정,정비사업후보지
마포구,공덕동,2022-06,지정,정비사업후보지
마포구,공덕동,2022-07,지정,정비사업후보지
마포구,공덕동,2022-08,지정,정비사업후보지
마포구,공덕동,2022-09,지정,정비사업후보지
마포구,공덕동,2022-10,지정,정비사업후보지
마포구,공덕동,2022-11,지정,정비사업후보지
마포구,공덕동,2022-12,지정,정비사업후보지
마포구,공덕동,2023-01,지정,정비사업후보지
마포구,공덕동,2023-02,지정,정비사업후보지
마포구,공덕동,2023-03,지정,정비사업후보지
마포구,공덕동,2023-04,지정,정비사업후보지
마포구,공덕동,2023-05,지정,정비사업후보지
마포구,공덕동,2023-06,지정,정비사업후보지
마포구,공덕동,2023-07,지정,정비사업후보지
마포구,공덕동,2023-08,지정,정비사업후보지
마포구,공덕동,2023-09,지정,정비사업후보지
마포구,공덕동,2023-10,지정,정비사업후보지
마포구,공덕동,2023-11,지정,정비사업후보지
마포구,공덕동,2023-12,지정,정비사업후보지
마포구,공덕동,2024-01,지정,정비사업후보지
마포구,공덕동,2024-02,불명,
마포구,공덕동,2024-03,불명,
마포구,공덕동,2024-04,불명,
마포구,공덕동,2024-05,불명,
마포구,공덕동,2024-06,불명,
마포구,공덕동,2024-07,불명,
마포구,공덕동,2024-08,불명,
마포구,공덕동,2024-09,불명,
마포구,공덕동,2024-10,불명,
마포구,공덕동,2024-11,불명,
마포구,공덕동,2024-12,불명,
마포구,공덕동,2025-01,지정,주요재건축단지|신속통합기획|공공재개발|정비사업후보지
마포구,공덕동,2025-02,지정,주요재건축단지|신속통합기획|공공재개발|정비사업후보지
마포구,공덕동,2025-03,지정,주요재건축단지|신속통합기획|공공재개발|정비사업후보지
마포구,공덕동,2025-04,지정,주요재건축단지|신속통합기획|공공재개발|정비사업후보지
마포구,공덕동,2025-05,지정,주요재건축단지|신속통합기획|공공재개발|정비사업후보지
마포구,공덕동,2025-06,지정,주요재건축단지|신속통합기획|공공재개발|정비사업후보지
마포구,공덕동,2025-07,지정,주요재건축단지|신속통합기획|공공재개발|정비사업후보지
마포구,공덕동,2025-08,지정,주요재건축단지|신속통합기획|공공재개발|정비사업후보지
마포구,공덕동,2025-09,지정,주요재건축단지|신속통합기획|공공재개발|정비사업후보지
마포구,공덕동,2025-10,지정,주요재건축단지|신속통합기획|공공재개발|정비사업후보지
마포구,공덕동,2025-11,지정,주요재건축단지|신속통합기획|공공재개발|정비사업후보지
마포구,공덕동,2025-12,지정,주요재건축단지|신속통합기획|공공재개발|정비사업후보지
마포구,공덕동,2026-01,지정,주요재건축단지|신속통합기획|공공재개발|정비사업후보지
마포구,대흥동,2022-01,지정,미분류
마포구,대흥동,2022-02,지정,미분류
마포구,대흥동,2022-03,지정,미분류
마포구,대흥동,2022-04,지정,미분류
마포구,대흥동,2022-05,지정,미분류
마포구,대흥동,2022-06,지정,미분류
마포구,대흥동,2022-07,지정,미분류
마포구,대흥동,2022-08,지정,미분류
마포구,대흥동,2022-09,지정,미분류
마포구,대흥동,2022-10,지정,미분류
마포구,대흥동,2022-11,지정,미분류
마포구,대흥동,2022-12,지정,미분류
마포구,대흥동,2023-01,지정,미분류|신속통합기획|공공재개발
마포구,대흥동,2023-02,지정,신속통합기획|공공재개발
마포구,대흥동,2023-03,지정,신속통합기획|공공재개발
마포구,대흥동,2023-04,지정,신속통합기획|공공재개발
마포구,대흥동,2023-05,지정,신속통합기획|공공재개발
마포구,대흥동,2023-06,지정,신속통합기획|공공재개발
마포구,대흥동,2023-07,지정,신속통합기획|공공재개발
마포구,대흥동,2023-08,지정,신속통합기획|공공재개발
마포구,대흥동,2023-09,지정,신속통합기획|공공재개발
마포구,대흥동,2023-10,지정,신속통합기획|공공재개발
마포구,대흥동,2023-11,지정,신속통합기획|공공재개발
마포구,대흥동,2023-12,지정,신속통합기획|공공재개발
마포구,대흥동,2024-01,지정,신속통합기획|공공재개발|신속통합기획|공공재개발|정비사업후보지
마포구,대흥동,2024-02,지정,신속통합기획|공공재개발|정비사업후보지
마포구,대흥동,2024-03,지정,신속통합기획|공공재개발|정비사업후보지
마포구,대흥동,2024-04,지정,신속통합기획|공공재개발|정비사업후보지
마포구,대흥동,2024-05,지정,신속통합기획|공공재개발|정비사업후보지
마포구,대흥동,2024-06,지정,신속통합기획|공공재개발|정비사업후보지
마포구,대흥동,2024-07,지정,신속통합기획|공공재개발|정비사업후보지
마포구,대흥동,2024-08,지정,신속통합기획|공공재개발|정비사업후보지
마포구,대흥동,2024-09,지정,신속통합기획|공공재개발|정비사업후보지|주요재건축단지|모아타운
마포구,대흥동,2024-10,지정,신속통합기획|공공재개발|정비사업후보지|주요재건축단지|모아타운
마포구,대흥동,2024-11,지정,신속통합기획|공공재개발|정비사업후보지|주요재건축단지|모아타운
마포구,대흥동,2024-12,지정,신속통합기획|공공재개발|정비사업후보지|주요재건축단지|모아타운
마포구,대흥동,2025-01,지정,신속통합기획|공공재개발|정비사업후보지|주요재건축단지|모아타운
마포구,대흥동,2025-02,지정,신속통합기획|공공재개발|정비사업후보지|주요재건축단지|모아타운
마포구,대흥동,2025-03,지정,신속통합기획|공공재개발|정비사업후보지|주요재건축단지|모아타운
마포구,대흥동,2025-04,지정,신속통합기획|공공재개발|정비사업후보지|주요재건축단지|모아타운
마포구,대흥동,2025-05,지정,주요재건축단지|모아타운
마포구,대흥동,2025-06,지정,주요재건축단지|모아타운
마포구,대흥동,2025-07,지정,주요재건축단지|모아타운
마포구,대흥동,2025-08,지정,주요재건축단지|모아타운
마포구,대흥동,2025-09,지정,주요재건축단지|모아타운
마포구,대흥동,2025-10,지정,주요재건축단지|모아타운
마포구,대흥동,2025-11,지정,주요재건축단지|모아타운
마포구,대흥동,2025-12,지정,주요재건축단지|모아타운
마포구,대흥동,2026-01,지정,주요재건축단지|모아타운
마포구,대흥동,2026-02,지정,주요재건축단지|모아타운
마포구,대흥동,2026-03,지정,주요재건축단지|모아타운
마포구,대흥동,2026-04,지정,주요재건축단지|모아타운
마포구,대흥동,2026-05,지정,주요재건축단지|모아타운
마포구,대흥동,2026-06,지정,주요재건축단지|모아타운
마포구,대흥동,2026-07,지정,주요재건축단지|모아타운
마포구,대흥동,2026-08,지정,주요재건축단지|모아타운
마포구,망원동,2022-01,지정,미분류
마포구,망원동,2022-02,지정,미분류
마포구,망원동,2022-03,지정,미분류
마포구,망원동,2022-04,지정,미분류
마포구,망원동,2022-05,지정,미분류
마포구,망원동,2022-06,지정,미분류
마포구,망원동,2022-07,지정,미분류
마포구,망원동,2022-08,지정,미분류
마포구,망원동,2022-09,지정,미분류
마포구,망원동,2022-10,지정,미분류
마포구,망원동,2022-11,지정,미분류
마포구,망원동,2022-12,지정,미분류
마포구,망원동,2023-01,지정,미분류|주요재건축단지|정비사업후보지
마포구,망원동,2023-02,지정,주요재건축단지|정비사업후보지
마포구,망원동,2023-03,지정,주요재건축단지|정비사업후보지
마포구,망원동,2023-04,지정,주요재건축단지|정비사업후보지
마포구,망원동,2023-05,지정,주요재건축단지|정비사업후보지
마포구,망원동,2023-06,지정,주요재건축단지|정비사업후보지
마포구,망원동,2023-07,지정,주요재건축단지|정비사업후보지
마포구,망원동,2023-08,지정,주요재건축단지|정비사업후보지
마포구,망원동,2023-09,지정,주요재건축단지|정비사업후보지
마포구,망원동,2023-10,지정,주요재건축단지|정비사업후보지
마포구,망원동,2023-11,지정,주요재건축단지|정비사업후보지
마포구,망원동,2023-12,지정,주요재건축단지|정비사업후보지
마포구,망원동,2024-01,지정,주요재건축단지|정비사업후보지
마포구,망원동,2024-02,불명,
마포구,망원동,2024-03,불명,
마포구,망원동,2024-04,불명,
마포구,망원동,2024-05,불명,
마포구,망원동,2024-06,불명,
마포구,망원동,2024-07,불명,
마포구,망원동,2024-08,불명,
마포구,망원동,2024-09,지정,주요재건축단지|모아타운
마포구,망원동,2024-10,지정,주요재건축단지|모아타운
마포구,망원동,2024-11,지정,주요재건축단지|모아타운
마포구,망원동,2024-12,지정,주요재건축단지|모아타운
마포구,망원동,2025-01,지정,주요재건축단지|모아타운
마포구,망원동,2025-02,지정,주요재건축단지|모아타운
마포구,망원동,2025-03,지정,주요재건축단지|모아타운
마포구,망원동,2025-04,지정,주요재건축단지|모아타운
마포구,망원동,2025-05,지정,주요재건축단지|모아타운
마포구,망원동,2025-06,지정,주요재건축단지|모아타운
마포구,망원동,2025-07,지정,주요재건축단지|모아타운
마포구,망원동,2025-08,지정,주요재건축단지|모아타운
마포구,망원동,2025-09,지정,주요재건축단지|모아타운
마포구,망원동,2025-10,지정,주요재건축단지|모아타운
마포구,망원동,2025-11,지정,주요재건축단지|모아타운
마포구,망원동,2025-12,지정,주요재건축단지|모아타운
마포구,망원동,2026-01,지정,주요재건축단지|모아타운
마포구,망원동,2026-02,지정,주요재건축단지|모아타운
마포구,망원동,2026-03,지정,주요재건축단지|모아타운
마포구,망원동,2026-04,지정,주요재건축단지|모아타운
마포구,망원동,2026-05,지정,주요재건축단지|모아타운
마포구,망원동,2026-06,지정,주요재건축단지|모아타운
마포구,망원동,2026-07,지정,주요재건축단지|모아타운
마포구,망원동,2026-08,지정,주요재건축단지|모아타운
마포구,상암동,2024-08,지정,국제교류복합지구
마포구,상암동,2024-09,지정,국제교류복합지구
마포구,상암동,2024-10,지정,국제교류복합지구
마포구,상암동,2024-11,지정,국제교류복합지구
마포구,상암동,2024-12,지정,국제교류복합지구
마포구,상암동,2025-01,불명,
마포구,상암동,2025-02,불명,
마포구,상암동,2025-03,불명,
마포구,상암동,2025-04,불명,
마포구,상암동,2025-05,불명,
마포구,상암동,2025-06,불명,
마포구,상암동,2025-07,불명,
마포구,상암동,2025-08,불명,
마포구,상암동,2025-09,불명,
마포구,상암동,2025-10,불명,
마포구,상암동,2025-11,불명,
마포구,상암동,2025-12,불명,
마포구,상암동,2026-01,불명,
마포구,상암동,2026-02,불명,
마포구,상암동,2026-03,불명,
마포구,상암동,2026-04,불명,
마포구,상암동,2026-05,불명,
마포구,상암동,2026-06,불명,
마포구,상암동,2026-07,불명,
마포구,상암동,2026-08,지정,신규주택공급후보지
마포구,성산동,2024-09,지정,주요재건축단지|모아타운
마포구,성산동,2024-10,지정,주요재건축단지|모아타운
마포구,성산동,2024-11,지정,주요재건축단지|모아타운
마포구,성산동,2024-12,지정,주요재건축단지|모아타운
마포구,성산동,2025-01,지정,주요재건축단지|모아타운
마포구,성산동,2025-02,지정,주요재건축단지|모아타운
마포구,성산동,2025-03,지정,주요재건축단지|모아타운
마포구,성산동,2025-04,지정,주요재건축단지|모아타운
마포구,성산동,2025-05,지정,주요재건축단지|모아타운
마포구,성산동,2025-06,지정,주요재건축단지|모아타운
마포구,성산동,2025-07,지정,주요재건축단지|모아타운
마포구,성산동,2025-08,지정,주요재건축단지|모아타운
마포구,성산동,2025-09,지정,주요재건축단지|모아타운
마포구,성산동,2025-10,지정,주요재건축단지|모아타운
마포구,성산동,2025-11,지정,주요재건축단지|모아타운
마포구,성산동,2025-12,지정,주요재건축단지|모아타운
마포구,성산동,2026-01,지정,주요재건축단지|모아타운
마포구,성산동,2026-02,지정,주요재건축단지|모아타운
마포구,성산동,2026-03,지정,주요재건축단지|모아타운
마포구,성산동,2026-04,지정,주요재건축단지|모아타운
마포구,성산동,2026-05,지정,주요재건축단지|모아타운
마포구,성산동,2026-06,지정,주요재건축단지|모아타운
마포구,성산동,2026-07,지정,주요재건축단지|모아타운
마포구,성산동,2026-08,지정,주요재건축단지|모아타운
마포구,용강동,2024-09,지정,주요재건축단지|모아타운
마포구,용강동,2024-10,지정,주요재건축단지|모아타운
마포구,용강동,2024-11,지정,주요재건축단지|모아타운
마포구,용강동,2024-12,지정,주요재건축단지|모아타운
마포구,용강동,2025-01,지정,주요재건축단지|모아타운
마포구,용강동,2025-02,지정,주요재건축단지|모아타운
마포구,용강동,2025-03,지정,주요재건축단지|모아타운
마포구,용강동,2025-04,지정,주요재건축단지|모아타운
마포구,용강동,2025-05,지정,주요재건축단지|모아타운
마포구,용강동,2025-06,지정,주요재건축단지|모아타운
마포구,용강동,2025-07,지정,주요재건축단지|모아타운
마포구,용강동,2025-08,지정,주요재건축단지|모아타운
마포구,용강동,2025-09,지정,주요재건축단지|모아타운
마포구,용강동,2025-10,지정,주요재건축단지|모아타운
마포구,용강동,2025-11,지정,주요재건축단지|모아타운
마포구,용강동,2025-12,지정,주요재건축단지|모아타운
마포구,용강동,2026-01,지정,주요재건축단지|모아타운
마포구,용강동,2026-02,지정,주요재건축단지|모아타운
마포구,용강동,2026-03,지정,주요재건축단지|모아타운
마포구,용강동,2026-04,지정,주요재건축단지|모아타운
마포구,용강동,2026-05,지정,주요재건축단지|모아타운
마포구,용강동,2026-06,지정,주요재건축단지|모아타운
마포구,용강동,2026-07,지정,주요재건축단지|모아타운
마포구,용강동,2026-08,지정,주요재건축단지|모아타운
마포구,중동,2024-09,지정,주요재건축단지|모아타운
마포구,중동,2024-10,지정,주요재건축단지|모아타운
마포구,중동,2024-11,지정,주요재건축단지|모아타운
마포구,중동,2024-12,지정,주요재건축단지|모아타운
마포구,중동,2025-01,지정,주요재건축단지|모아타운
마포구,중동,2025-02,지정,주요재건축단지|모아타운
마포구,중동,2025-03,지정,주요재건축단지|모아타운
마포구,중동,2025-04,지정,주요재건축단지|모아타운
마포구,중동,2025-05,지정,주요재건축단지|모아타운
마포구,중동,2025-06,지정,주요재건축단지|모아타운
마포구,중동,2025-07,지정,주요재건축단지|모아타운
마포구,중동,2025-08,지정,주요재건축단지|모아타운
마포구,중동,2025-09,지정,주요재건축단지|모아타운
마포구,중동,2025-10,지정,주요재건축단지|모아타운
마포구,중동,2025-11,지정,주요재건축단지|모아타운
마포구,중동,2025-12,지정,주요재건축단지|모아타운
마포구,중동,2026-01,지정,주요재건축단지|모아타운
마포구,중동,2026-02,지정,주요재건축단지|모아타운
마포구,중동,2026-03,지정,주요재건축단지|모아타운
마포구,중동,2026-04,지정,주요재건축단지|모아타운
마포구,중동,2026-05,지정,주요재건축단지|모아타운
마포구,중동,2026-06,지정,주요재건축단지|모아타운
마포구,중동,2026-07,지정,주요재건축단지|모아타운
마포구,중동,2026-08,지정,주요재건축단지|모아타운
마포구,합정동,2024-09,지정,주요재건축단지|모아타운
마포구,합정동,2024-10,지정,주요재건축단지|모아타운
마포구,합정동,2024-11,지정,주요재건축단지|모아타운
마포구,합정동,2024-12,지정,주요재건축단지|모아타운
마포구,합정동,2025-01,지정,주요재건축단지|모아타운
마포구,합정동,2025-02,지정,주요재건축단지|모아타운
마포구,합정동,2025-03,지정,주요재건축단지|모아타운
마포구,합정동,2025-04,지정,주요재건축단지|모아타운
마포구,합정동,2025-05,지정,주요재건축단지|모아타운
마포구,합정동,2025-06,지정,주요재건축단지|모아타운
마포구,합정동,2025-07,지정,주요재건축단지|모아타운
마포구,합정동,2025-08,지정,주요재건축단지|모아타운
마포구,합정동,2025-09,지정,주요재건축단지|모아타운
마포구,합정동,2025-10,지정,주요재건축단지|모아타운
마포구,합정동,2025-11,지정,주요재건축단지|모아타운
마포구,합정동,2025-12,지정,주요재건축단지|모아타운
마포구,합정동,2026-01,지정,주요재건축단지|모아타운
마포구,합정동,2026-02,지정,주요재건축단지|모아타운
마포구,합정동,2026-03,지정,주요재건축단지|모아타운
마포구,합정동,2026-04,지정,주요재건축단지|모아타운
마포구,합정동,2026-05,지정,주요재건축단지|모아타운
마포구,합정동,2026-06,지정,주요재건축단지|모아타운
마포구,합정동,2026-07,지정,주요재건축단지|모아타운
마포구,합정동,2026-08,지정,주요재건축단지|모아타운
서대문구,남가좌동,2023-01,지정,주요재건축단지|정비사업후보지
서대문구,남가좌동,2023-02,지정,주요재건축단지|정비사업후보지
서대문구,남가좌동,2023-03,지정,주요재건축단지|정비사업후보지
서대문구,남가좌동,2023-04,지정,주요재건축단지|정비사업후보지
서대문구,남가좌동,2023-05,지정,주요재건축단지|정비사업후보지
서대문구,남가좌동,2023-06,지정,주요재건축단지|정비사업후보지
서대문구,남가좌동,2023-07,지정,주요재건축단지|정비사업후보지
서대문구,남가좌동,2023-08,지정,주요재건축단지|정비사업후보지
서대문구,남가좌동,2023-09,지정,주요재건축단지|정비사업후보지
서대문구,남가좌동,2023-10,지정,주요재건축단지|정비사업후보지
서대문구,남가좌동,2023-11,지정,주요재건축단지|정비사업후보지
서대문구,남가좌동,2023-12,지정,주요재건축단지|정비사업후보지
서대문구,남가좌동,2024-01,지정,주요재건축단지|정비사업후보지
서대문구,연희동,2021-04,지정,공공재개발
서대문구,연희동,2021-05,지정,공공재개발
서대문구,연희동,2021-06,지정,공공재개발
서대문구,연희동,2021-07,지정,공공재개발
서대문구,연희동,2021-08,지정,공공재개발
서대문구,연희동,2021-09,지정,공공재개발
서대문구,연희동,2021-10,지정,공공재개발
서대문구,연희동,2021-11,지정,공공재개발
서대문구,연희동,2021-12,지정,공공재개발
서대문구,연희동,2022-01,지정,공공재개발
서대문구,연희동,2022-02,지정,공공재개발
서대문구,연희동,2022-03,지정,공공재개발
서대문구,연희동,2022-04,지정,공공재개발
서대문구,연희동,2022-05,지정,공공재개발
서대문구,연희동,2022-06,지정,공공재개발
서대문구,연희동,2022-07,지정,공공재개발
서대문구,연희동,2022-08,지정,공공재개발
서대문구,연희동,2022-09,지정,공공재개발
서대문구,연희동,2022-10,지정,공공재개발
서대문구,연희동,2022-11,지정,공공재개발
서대문구,연희동,2022-12,지정,공공재개발
서대문구,연희동,2023-01,지정,공공재개발
서대문구,연희동,2023-02,지정,공공재개발
서대문구,연희동,2023-03,지정,공공재개발
서대문구,연희동,2023-04,지정,공공재개발|신속통합기획|공공재개발
서대문구,연희동,2023-05,지정,신속통합기획|공공재개발
서대문구,연희동,2023-06,지정,신속통합기획|공공재개발
서대문구,연희동,2023-07,지정,신속통합기획|공공재개발
서대문구,연희동,2023-08,지정,신속통합기획|공공재개발
서대문구,연희동,2023-09,지정,신속통합기획|공공재개발
서대문구,연희동,2023-10,지정,신속통합기획|공공재개발
서대문구,연희동,2023-11,지정,신속통합기획|공공재개발
서대문구,연희동,2023-12,지정,신속통합기획|공공재개발
서대문구,연희동,2024-01,지정,신속통합기획|공공재개발
서대문구,연희동,2024-02,지정,신속통합기획|공공재개발
서대문구,연희동,2024-03,지정,신속통합기획|공공재개발
서대문구,연희동,2024-04,지정,신속통합기획|공공재개발|신속통합기획|공공재개발|정비사업후보지
서대문구,연희동,2024-05,지정,신속통합기획|공공재개발|정비사업후보지
서대문구,연희동,2024-06,지정,신속통합기획|공공재개발|정비사업후보지
서대문구,연희동,2024-07,지정,신속통합기획|공공재개발|정비사업후보지
서대문구,연희동,2024-08,지정,신속통합기획|공공재개발|정비사업후보지
서대문구,연희동,2024-09,지정,신속통합기획|공공재개발|정비사업후보지
서대문구,연희동,2024-10,지정,신속통합기획|공공재개발|정비사업후보지
서대문구,연희동,2024-11,지정,신속통합기획|공공재개발|정비사업후보지
서대문구,연희동,2024-12,지정,신속통합기획|공공재개발|정비사업후보지
서대문구,연희동,2025-01,지정,신속통합기획|공공재개발|정비사업후보지
서대문구,연희동,2025-02,지정,신속통합기획|공공재개발|정비사업후보지
서대문구,연희동,2025-03,지정,신속통합기획|공공재개발|정비사업후보지
서대문구,연희동,2025-04,지정,신속통합기획|공공재개발|정비사업후보지
서대문구,옥천동,2024-09,지정,주요재건축단지|모아타운
서대문구,옥천동,2024-10,지정,주요재건축단지|모아타운
서대문구,옥천동,2024-11,지정,주요재건축단지|모아타운
서대문구,옥천동,2024-12,지정,주요재건축단지|모아타운
서대문구,옥천동,2025-01,지정,주요재건축단지|모아타운
서대문구,옥천동,2025-02,지정,주요재건축단지|모아타운
서대문구,옥천동,2025-03,지정,주요재건축단지|모아타운
서대문구,옥천동,2025-04,지정,주요재건축단지|모아타운
서대문구,옥천동,2025-05,지정,주요재건축단지|모아타운
서대문구,옥천동,2025-06,지정,주요재건축단지|모아타운
서대문구,옥천동,2025-07,지정,주요재건축단지|모아타운
서대문구,옥천동,2025-08,지정,주요재건축단지|모아타운
서대문구,옥천동,2025-09,지정,주요재건축단지|모아타운
서대문구,옥천동,2025-10,지정,주요재건축단지|모아타운
서대문구,옥천동,2025-11,지정,주요재건축단지|모아타운
서대문구,옥천동,2025-12,지정,주요재건축단지|모아타운
서대문구,옥천동,2026-01,지정,주요재건축단지|모아타운
서대문구,옥천동,2026-02,지정,주요재건축단지|모아타운
서대문구,옥천동,2026-03,지정,주요재건축단지|모아타운
서대문구,옥천동,2026-04,지정,주요재건축단지|모아타운
서대문구,옥천동,2026-05,지정,주요재건축단지|모아타운
서대문구,옥천동,2026-06,지정,주요재건축단지|모아타운
서대문구,옥천동,2026-07,지정,주요재건축단지|모아타운
서대문구,옥천동,2026-08,지정,주요재건축단지|모아타운
서대문구,천연동,2024-09,지정,주요재건축단지|모아타운
서대문구,천연동,2024-10,지정,주요재건축단지|모아타운
서대문구,천연동,2024-11,지정,주요재건축단지|모아타운
서대문구,천연동,2024-12,지정,주요재건축단지|모아타운
서대문구,천연동,2025-01,지정,주요재건축단지|모아타운
서대문구,천연동,2025-02,지정,주요재건축단지|모아타운
서대문구,천연동,2025-03,지정,주요재건축단지|모아타운
서대문구,천연동,2025-04,지정,주요재건축단지|모아타운
서대문구,천연동,2025-05,지정,주요재건축단지|모아타운
서대문구,천연동,2025-06,지정,주요재건축단지|모아타운
서대문구,천연동,2025-07,지정,주요재건축단지|모아타운
서대문구,천연동,2025-08,지정,주요재건축단지|모아타운
서대문구,천연동,2025-09,지정,주요재건축단지|모아타운
서대문구,천연동,2025-10,지정,주요재건축단지|모아타운
서대문구,천연동,2025-11,지정,주요재건축단지|모아타운
서대문구,천연동,2025-12,지정,주요재건축단지|모아타운
서대문구,천연동,2026-01,지정,주요재건축단지|모아타운
서대문구,천연동,2026-02,지정,주요재건축단지|모아타운
서대문구,천연동,2026-03,지정,주요재건축단지|모아타운
서대문구,천연동,2026-04,지정,주요재건축단지|모아타운
서대문구,천연동,2026-05,지정,주요재건축단지|모아타운
서대문구,천연동,2026-06,지정,주요재건축단지|모아타운
서대문구,천연동,2026-07,지정,주요재건축단지|모아타운
서대문구,천연동,2026-08,지정,주요재건축단지|모아타운
서대문구,충정로3가,2021-04,지정,공공재개발
서대문구,충정로3가,2021-05,지정,공공재개발
서대문구,충정로3가,2021-06,지정,공공재개발
서대문구,충정로3가,2021-07,지정,공공재개발
서대문구,충정로3가,2021-08,지정,공공재개발
서대문구,충정로3가,2021-09,지정,공공재개발
서대문구,충정로3가,2021-10,지정,공공재개발
서대문구,충정로3가,2021-11,지정,공공재개발
서대문구,충정로3가,2021-12,지정,공공재개발
서대문구,충정로3가,2022-01,지정,공공재개발
서대문구,충정로3가,2022-02,지정,공공재개발
서대문구,충정로3가,2022-03,지정,공공재개발
서대문구,충정로3가,2022-04,지정,공공재개발
서대문구,충정로3가,2022-05,지정,공공재개발
서대문구,충정로3가,2022-06,지정,공공재개발
서대문구,충정로3가,2022-07,지정,공공재개발
서대문구,충정로3가,2022-08,지정,공공재개발
서대문구,충정로3가,2022-09,지정,공공재개발
서대문구,충정로3가,2022-10,지정,공공재개발
서대문구,충정로3가,2022-11,지정,공공재개발
서대문구,충정로3가,2022-12,지정,공공재개발
서대문구,충정로3가,2023-01,지정,공공재개발
서대문구,충정로3가,2023-02,지정,공공재개발
서대문구,충정로3가,2023-03,지정,공공재개발
서대문구,충정로3가,2023-04,지정,공공재개발|신속통합기획|공공재개발
서대문구,충정로3가,2023-05,지정,신속통합기획|공공재개발
서대문구,충정로3가,2023-06,지정,신속통합기획|공공재개발
서대문구,충정로3가,2023-07,지정,신속통합기획|공공재개발
서대문구,충정로3가,2023-08,지정,신속통합기획|공공재개발
서대문구,충정로3가,2023-09,지정,신속통합기획|공공재개발
서대문구,충정로3가,2023-10,지정,신속통합기획|공공재개발
서대문구,충정로3가,2023-11,지정,신속통합기획|공공재개발
서대문구,충정로3가,2023-12,지정,신속통합기획|공공재개발
서대문구,충정로3가,2024-01,지정,신속통합기획|공공재개발
서대문구,충정로3가,2024-02,지정,신속통합기획|공공재개발
서대문구,충정로3가,2024-03,지정,신속통합기획|공공재개발
서대문구,충정로3가,2024-04,지정,신속통합기획|공공재개발|신속통합기획|공공재개발|정비사업후보지
서대문구,충정로3가,2024-05,지정,신속통합기획|공공재개발|정비사업후보지
서대문구,충정로3가,2024-06,지정,신속통합기획|공공재개발|정비사업후보지
서대문구,충정로3가,2024-07,지정,신속통합기획|공공재개발|정비사업후보지
서대문구,충정로3가,2024-08,지정,신속통합기획|공공재개발|정비사업후보지
서대문구,충정로3가,2024-09,지정,신속통합기획|공공재개발|정비사업후보지
서대문구,충정로3가,2024-10,지정,신속통합기획|공공재개발|정비사업후보지
서대문구,충정로3가,2024-11,지정,신속통합기획|공공재개발|정비사업후보지
서대문구,충정로3가,2024-12,지정,신속통합기획|공공재개발|정비사업후보지
서대문구,충정로3가,2025-01,지정,신속통합기획|공공재개발|정비사업후보지
서대문구,충정로3가,2025-02,지정,신속통합기획|공공재개발|정비사업후보지
서대문구,충정로3가,2025-03,지정,신속통합기획|공공재개발|정비사업후보지
서대문구,충정로3가,2025-04,지정,신속통합기획|공공재개발|정비사업후보지
서대문구,현저동,2024-09,지정,주요재건축단지|모아타운
서대문구,현저동,2024-10,지정,주요재건축단지|모아타운
서대문구,현저동,2024-11,지정,주요재건축단지|모아타운
서대문구,현저동,2024-12,지정,주요재건축단지|모아타운
서대문구,현저동,2025-01,지정,주요재건축단지|모아타운
서대문구,현저동,2025-02,지정,주요재건축단지|모아타운
서대문구,현저동,2025-03,지정,주요재건축단지|모아타운
서대문구,현저동,2025-04,지정,주요재건축단지|모아타운
서대문구,현저동,2025-05,지정,주요재건축단지|모아타운
서대문구,현저동,2025-06,지정,주요재건축단지|모아타운
서대문구,현저동,2025-07,지정,주요재건축단지|모아타운
서대문구,현저동,2025-08,지정,주요재건축단지|모아타운
서대문구,현저동,2025-09,지정,주요재건축단지|모아타운
서대문구,현저동,2025-10,지정,주요재건축단지|모아타운
서대문구,현저동,2025-11,지정,주요재건축단지|모아타운
서대문구,현저동,2025-12,지정,주요재건축단지|모아타운
서대문구,현저동,2026-01,지정,주요재건축단지|모아타운
서대문구,현저동,2026-02,지정,주요재건축단지|모아타운
서대문구,현저동,2026-03,지정,주요재건축단지|모아타운
서대문구,현저동,2026-04,지정,주요재건축단지|모아타운
서대문구,현저동,2026-05,지정,주요재건축단지|모아타운
서대문구,현저동,2026-06,지정,주요재건축단지|모아타운
서대문구,현저동,2026-07,지정,주요재건축단지|모아타운
서대문구,현저동,2026-08,지정,주요재건축단지|모아타운
서대문구,홍은동,2021-04,지정,공공재개발
서대문구,홍은동,2021-05,지정,공공재개발
서대문구,홍은동,2021-06,지정,공공재개발
서대문구,홍은동,2021-07,지정,공공재개발
서대문구,홍은동,2021-08,지정,공공재개발
서대문구,홍은동,2021-09,지정,공공재개발
서대문구,홍은동,2021-10,지정,공공재개발
서대문구,홍은동,2021-11,지정,공공재개발
서대문구,홍은동,2021-12,지정,공공재개발
서대문구,홍은동,2022-01,지정,공공재개발|정비사업후보지
서대문구,홍은동,2022-02,지정,공공재개발|정비사업후보지
서대문구,홍은동,2022-03,지정,공공재개발|정비사업후보지
서대문구,홍은동,2022-04,지정,공공재개발|정비사업후보지
서대문구,홍은동,2022-05,지정,공공재개발|정비사업후보지
서대문구,홍은동,2022-06,지정,공공재개발|정비사업후보지
서대문구,홍은동,2022-07,지정,공공재개발|정비사업후보지
서대문구,홍은동,2022-08,지정,공공재개발|정비사업후보지
서대문구,홍은동,2022-09,지정,공공재개발|정비사업후보지
서대문구,홍은동,2022-10,지정,공공재개발|정비사업후보지
서대문구,홍은동,2022-11,지정,공공재개발|정비사업후보지
서대문구,홍은동,2022-12,지정,공공재개발|정비사업후보지
서대문구,홍은동,2023-01,지정,공공재개발|정비사업후보지
서대문구,홍은동,2023-02,지정,공공재개발|정비사업후보지
서대문구,홍은동,2023-03,지정,공공재개발|정비사업후보지
서대문구,홍은동,2023-04,지정,공공재개발|신속통합기획|공공재개발|정비사업후보지
서대문구,홍은동,2023-05,지정,신속통합기획|공공재개발|정비사업후보지
서대문구,홍은동,2023-06,지정,신속통합기획|공공재개발|정비사업후보지
서대문구,홍은동,2023-07,지정,신속통합기획|공공재개발|정비사업후보지
서대문구,홍은동,2023-08,지정,신속통합기획|공공재개발|정비사업후보지
서대문구,홍은동,2023-09,지정,신속통합기획|공공재개발|정비사업후보지
서대문구,홍은동,2023-10,지정,신속통합기획|공공재개발|정비사업후보지
서대문구,홍은동,2023-11,지정,신속통합기획|공공재개발|정비사업후보지
서대문구,홍은동,2023-12,지정,신속통합기획|공공재개발|정비사업후보지
서대문구,홍은동,2024-01,지정,신속통합기획|공공재개발|정비사업후보지
서대문구,홍은동,2024-02,지정,신속통합기획|공공재개발
서대문구,홍은동,2024-03,지정,신속통합기획|공공재개발
서대문구,홍은동,2024-04,지정,신속통합기획|공공재개발|신속통합기획|공공재개발|정비사업후보지
서대문구,홍은동,2024-05,지정,신속통합기획|공공재개발|정비사업후보지
서대문구,홍은동,2024-06,지정,신속통합기획|공공재개발|정비사업후보지
서대문구,홍은동,2024-07,지정,신속통합기획|공공재개발|정비사업후보지
서대문구,홍은동,2024-08,지정,국제교류복합지구|신속통합기획|공공재개발|정비사업후보지
서대문구,홍은동,2024-09,지정,국제교류복합지구|신속통합기획|공공재개발|정비사업후보지
서대문구,홍은동,2024-10,지정,국제교류복합지구|신속통합기획|공공재개발|정비사업후보지
서대문구,홍은동,2024-11,지정,국제교류복합지구|신속통합기획|공공재개발|정비사업후보지
서대문구,홍은동,2024-12,지정,국제교류복합지구|신속통합기획|공공재개발|정비사업후보지
서대문구,홍은동,2025-01,지정,신속통합기획|공공재개발|정비사업후보지
서대문구,홍은동,2025-02,지정,신속통합기획|공공재개발|정비사업후보지
서대문구,홍은동,2025-03,지정,신속통합기획|공공재개발|정비사업후보지
서대문구,홍은동,2025-04,지정,신속통합기획|공공재개발|정비사업후보지
서대문구,홍은동,2025-05,불명,
서대문구,홍은동,2025-06,불명,
서대문구,홍은동,2025-07,불명,
서대문구,홍은동,2025-08,불명,
서대문구,홍은동,2025-09,불명,
서대문구,홍은동,2025-10,불명,
서대문구,홍은동,2025-11,불명,
서대문구,홍은동,2025-12,불명,
서대문구,홍은동,2026-01,불명,
서대문구,홍은동,2026-02,불명,
서대문구,홍은동,2026-03,불명,
서대문구,홍은동,2026-04,불명,
서대문구,홍은동,2026-05,불명,
서대문구,홍은동,2026-06,불명,
서대문구,홍은동,2026-07,불명,
서대문구,홍은동,2026-08,지정,신규주택공급후보지
서대문구,홍제동,2023-01,지정,주요재건축단지|정비사업후보지
서대문구,홍제동,2023-02,지정,주요재건축단지|정비사업후보지
서대문구,홍제동,2023-03,지정,주요재건축단지|정비사업후보지
서대문구,홍제동,2023-04,지정,주요재건축단지|정비사업후보지
서대문구,홍제동,2023-05,지정,주요재건축단지|정비사업후보지
서대문구,홍제동,2023-06,지정,주요재건축단지|정비사업후보지
서대문구,홍제동,2023-07,지정,주요재건축단지|정비사업후보지
서대문구,홍제동,2023-08,지정,주요재건축단지|정비사업후보지
서대문구,홍제동,2023-09,지정,주요재건축단지|정비사업후보지
서대문구,홍제동,2023-10,지정,주요재건축단지|정비사업후보지
서대문구,홍제동,2023-11,지정,주요재건축단지|정비사업후보지
서대문구,홍제동,2023-12,지정,주요재건축단지|정비사업후보지
서대문구,홍제동,2024-01,지정,주요재건축단지|정비사업후보지
서대문구,홍제동,2024-02,불명,
서대문구,홍제동,2024-03,불명,
서대문구,홍제동,2024-04,불명,
서대문구,홍제동,2024-05,불명,
서대문구,홍제동,2024-06,불명,
서대문구,홍제동,2024-07,불명,
서대문구,홍제동,2024-08,지정,국제교류복합지구
서대문구,홍제동,2024-09,지정,국제교류복합지구|주요재건축단지|모아타운
서대문구,홍제동,2024-10,지정,국제교류복합지구|주요재건축단지|모아타운
서대문구,홍제동,2024-11,지정,국제교류복합지구|주요재건축단지|모아타운
서대문구,홍제동,2024-12,지정,국제교류복합지구|주요재건축단지|모아타운
서대문구,홍제동,2025-01,지정,주요재건축단지|모아타운
서대문구,홍제동,2025-02,지정,주요재건축단지|모아타운
서대문구,홍제동,2025-03,지정,주요재건축단지|모아타운
서대문구,홍제동,2025-04,지정,주요재건축단지|모아타운
서대문구,홍제동,2025-05,지정,주요재건축단지|모아타운
서대문구,홍제동,2025-06,지정,주요재건축단지|모아타운
서대문구,홍제동,2025-07,지정,주요재건축단지|모아타운
서대문구,홍제동,2025-08,지정,주요재건축단지|모아타운
서대문구,홍제동,2025-09,지정,주요재건축단지|모아타운
서대문구,홍제동,2025-10,지정,주요재건축단지|모아타운
서대문구,홍제동,2025-11,지정,주요재건축단지|모아타운
서대문구,홍제동,2025-12,지정,주요재건축단지|모아타운
서대문구,홍제동,2026-01,지정,주요재건축단지|모아타운
서대문구,홍제동,2026-02,지정,주요재건축단지|모아타운
서대문구,홍제동,2026-03,지정,주요재건축단지|모아타운
서대문구,홍제동,2026-04,지정,주요재건축단지|모아타운
서대문구,홍제동,2026-05,지정,주요재건축단지|모아타운
서대문구,홍제동,2026-06,지정,주요재건축단지|모아타운
서대문구,홍제동,2026-07,지정,주요재건축단지|모아타운
서대문구,홍제동,2026-08,지정,신규주택공급후보지|주요재건축단지|모아타운
서초구,내곡동,2024-08,지정,국제교류복합지구
서초구,내곡동,2024-09,지정,국제교류복합지구
서초구,내곡동,2024-10,지정,국제교류복합지구
서초구,내곡동,2024-11,지정,국제교류복합지구
서초구,내곡동,2024-12,지정,국제교류복합지구
서초구,내곡동,2025-01,불명,
서초구,내곡동,2025-02,불명,
서초구,내곡동,2025-03,불명,
서초구,내곡동,2025-04,불명,
서초구,내곡동,2025-05,불명,
서초구,내곡동,2025-06,불명,
서초구,내곡동,2025-07,불명,
서초구,내곡동,2025-08,불명,
서초구,내곡동,2025-09,불명,
서초구,내곡동,2025-10,불명,
서초구,내곡동,2025-11,불명,
서초구,내곡동,2025-12,불명,
서초구,내곡동,2026-01,불명,
서초구,내곡동,2026-02,불명,
서초구,내곡동,2026-03,불명,
서초구,내곡동,2026-04,불명,
서초구,내곡동,2026-05,불명,
서초구,내곡동,2026-06,불명,
서초구,내곡동,2026-07,불명,
서초구,내곡동,2026-08,지정,신규주택공급후보지
서초구,방배동,2024-08,지정,국제교류복합지구
서초구,방배동,2024-09,지정,국제교류복합지구
서초구,방배동,2024-10,지정,국제교류복합지구
서초구,방배동,2024-11,지정,국제교류복합지구
서초구,방배동,2024-12,지정,국제교류복합지구
서초구,방배동,2025-01,불명,
서초구,방배동,2025-02,불명,
서초구,방배동,2025-03,불명,
서초구,방배동,2025-04,불명,
서초구,방배동,2025-05,불명,
서초구,방배동,2025-06,불명,
서초구,방배동,2025-07,불명,
서초구,방배동,2025-08,불명,
서초구,방배동,2025-09,불명,
서초구,방배동,2025-10,불명,
서초구,방배동,2025-11,불명,
서초구,방배동,2025-12,불명,
서초구,방배동,2026-01,불명,
서초구,방배동,2026-02,불명,
서초구,방배동,2026-03,불명,
서초구,방배동,2026-04,불명,
서초구,방배동,2026-05,불명,
서초구,방배동,2026-06,불명,
서초구,방배동,2026-07,불명,
서초구,방배동,2026-08,지정,신규주택공급후보지
서초구,신원동,2024-08,지정,국제교류복합지구
서초구,신원동,2024-09,지정,국제교류복합지구
서초구,신원동,2024-10,지정,국제교류복합지구
서초구,신원동,2024-11,지정,국제교류복합지구
서초구,신원동,2024-12,지정,국제교류복합지구
서초구,신원동,2025-01,불명,
서초구,신원동,2025-02,불명,
서초구,신원동,2025-03,불명,
서초구,신원동,2025-04,불명,
서초구,신원동,2025-05,불명,
서초구,신원동,2025-06,불명,
서초구,신원동,2025-07,불명,
서초구,신원동,2025-08,불명,
서초구,신원동,2025-09,불명,
서초구,신원동,2025-10,불명,
서초구,신원동,2025-11,불명,
서초구,신원동,2025-12,불명,
서초구,신원동,2026-01,불명,
서초구,신원동,2026-02,불명,
서초구,신원동,2026-03,불명,
서초구,신원동,2026-04,불명,
서초구,신원동,2026-05,불명,
서초구,신원동,2026-06,불명,
서초구,신원동,2026-07,불명,
서초구,신원동,2026-08,지정,신규주택공급후보지
서초구,양재동,2025-03,지정,국제교류복합지구|주요재건축단지
서초구,양재동,2025-04,지정,국제교류복합지구|주요재건축단지
서초구,양재동,2025-05,지정,국제교류복합지구|주요재건축단지
서초구,양재동,2025-06,지정,국제교류복합지구|주요재건축단지
서초구,양재동,2025-07,지정,국제교류복합지구|주요재건축단지
서초구,양재동,2025-08,지정,국제교류복합지구|주요재건축단지
서초구,양재동,2025-09,지정,국제교류복합지구|주요재건축단지
서초구,염곡동,2024-08,지정,국제교류복합지구
서초구,염곡동,2024-09,지정,국제교류복합지구
서초구,염곡동,2024-10,지정,국제교류복합지구
서초구,염곡동,2024-11,지정,국제교류복합지구
서초구,염곡동,2024-12,지정,국제교류복합지구
서초구,염곡동,2025-01,불명,
서초구,염곡동,2025-02,불명,
서초구,염곡동,2025-03,지정,국제교류복합지구|주요재건축단지
서초구,염곡동,2025-04,지정,국제교류복합지구|주요재건축단지
서초구,염곡동,2025-05,지정,국제교류복합지구|주요재건축단지
서초구,염곡동,2025-06,지정,국제교류복합지구|주요재건축단지
서초구,염곡동,2025-07,지정,국제교류복합지구|주요재건축단지
서초구,염곡동,2025-08,지정,국제교류복합지구|주요재건축단지
서초구,염곡동,2025-09,지정,국제교류복합지구|주요재건축단지
서초구,염곡동,2025-10,불명,
서초구,염곡동,2025-11,불명,
서초구,염곡동,2025-12,불명,
서초구,염곡동,2026-01,불명,
서초구,염곡동,2026-02,불명,
서초구,염곡동,2026-03,불명,
서초구,염곡동,2026-04,불명,
서초구,염곡동,2026-05,불명,
서초구,염곡동,2026-06,불명,
서초구,염곡동,2026-07,불명,
서초구,염곡동,2026-08,지정,신규주택공급후보지
서초구,우면동,2024-08,지정,국제교류복합지구
서초구,우면동,2024-09,지정,국제교류복합지구
서초구,우면동,2024-10,지정,국제교류복합지구
서초구,우면동,2024-11,지정,국제교류복합지구
서초구,우면동,2024-12,지정,국제교류복합지구
서초구,우면동,2025-01,불명,
서초구,우면동,2025-02,불명,
서초구,우면동,2025-03,지정,국제교류복합지구|주요재건축단지
서초구,우면동,2025-04,지정,국제교류복합지구|주요재건축단지
서초구,우면동,2025-05,지정,국제교류복합지구|주요재건축단지
서초구,우면동,2025-06,지정,국제교류복합지구|주요재건축단지
서초구,우면동,2025-07,지정,국제교류복합지구|주요재건축단지
서초구,우면동,2025-08,지정,국제교류복합지구|주요재건축단지
서초구,우면동,2025-09,지정,국제교류복합지구|주요재건축단지
서초구,우면동,2025-10,불명,
서초구,우면동,2025-11,불명,
서초구,우면동,2025-12,불명,
서초구,우면동,2026-01,불명,
서초구,우면동,2026-02,불명,
서초구,우면동,2026-03,불명,
서초구,우면동,2026-04,불명,
서초구,우면동,2026-05,불명,
서초구,우면동,2026-06,불명,
서초구,우면동,2026-07,불명,
서초구,우면동,2026-08,지정,신규주택공급후보지
서초구,원지동,2024-08,지정,국제교류복합지구
서초구,원지동,2024-09,지정,국제교류복합지구
서초구,원지동,2024-10,지정,국제교류복합지구
서초구,원지동,2024-11,지정,국제교류복합지구
서초구,원지동,2024-12,지정,국제교류복합지구
서초구,원지동,2025-01,불명,
서초구,원지동,2025-02,불명,
서초구,원지동,2025-03,지정,국제교류복합지구|주요재건축단지
서초구,원지동,2025-04,지정,국제교류복합지구|주요재건축단지
서초구,원지동,2025-05,지정,국제교류복합지구|주요재건축단지
서초구,원지동,2025-06,지정,국제교류복합지구|주요재건축단지
서초구,원지동,2025-07,지정,국제교류복합지구|주요재건축단지
서초구,원지동,2025-08,지정,국제교류복합지구|주요재건축단지
서초구,원지동,2025-09,지정,국제교류복합지구|주요재건축단지
서초구,원지동,2025-10,불명,
서초구,원지동,2025-11,불명,
서초구,원지동,2025-12,불명,
서초구,원지동,2026-01,불명,
서초구,원지동,2026-02,불명,
서초구,원지동,2026-03,불명,
서초구,원지동,2026-04,불명,
서초구,원지동,2026-05,불명,
서초구,원지동,2026-06,불명,
서초구,원지동,2026-07,불명,
서초구,원지동,2026-08,지정,신규주택공급후보지
서초구,잠원동,2025-03,지정,국제교류복합지구|주요재건축단지
서초구,잠원동,2025-04,지정,국제교류복합지구|주요재건축단지
서초구,잠원동,2025-05,지정,국제교류복합지구|주요재건축단지
서초구,잠원동,2025-06,지정,국제교류복합지구|주요재건축단지
서초구,잠원동,2025-07,지정,국제교류복합지구|주요재건축단지
서초구,잠원동,2025-08,지정,국제교류복합지구|주요재건축단지
서초구,잠원동,2025-09,지정,국제교류복합지구|주요재건축단지
성동구,금호동1가,2024-09,지정,주요재건축단지|모아타운
성동구,금호동1가,2024-10,지정,주요재건축단지|모아타운
성동구,금호동1가,2024-11,지정,주요재건축단지|모아타운
성동구,금호동1가,2024-12,지정,주요재건축단지|모아타운
성동구,금호동1가,2025-01,지정,주요재건축단지|모아타운
성동구,금호동1가,2025-02,지정,주요재건축단지|모아타운
성동구,금호동1가,2025-03,지정,주요재건축단지|모아타운
성동구,금호동1가,2025-04,지정,주요재건축단지|모아타운
성동구,금호동1가,2025-05,지정,주요재건축단지|모아타운
성동구,금호동1가,2025-06,지정,주요재건축단지|모아타운
성동구,금호동1가,2025-07,지정,주요재건축단지|모아타운
성동구,금호동1가,2025-08,지정,주요재건축단지|모아타운
성동구,금호동1가,2025-09,지정,주요재건축단지|모아타운
성동구,금호동1가,2025-10,지정,주요재건축단지|모아타운
성동구,금호동1가,2025-11,지정,주요재건축단지|모아타운
성동구,금호동1가,2025-12,지정,주요재건축단지|모아타운
성동구,금호동1가,2026-01,지정,주요재건축단지|모아타운
성동구,금호동1가,2026-02,지정,주요재건축단지|모아타운
성동구,금호동1가,2026-03,지정,주요재건축단지|모아타운
성동구,금호동1가,2026-04,지정,주요재건축단지|모아타운
성동구,금호동1가,2026-05,지정,주요재건축단지|모아타운
성동구,금호동1가,2026-06,지정,주요재건축단지|모아타운
성동구,금호동1가,2026-07,지정,주요재건축단지|모아타운
성동구,금호동1가,2026-08,지정,주요재건축단지|모아타운
성동구,금호동4가,2021-04,지정,공공재개발
성동구,금호동4가,2021-05,지정,공공재개발
성동구,금호동4가,2021-06,지정,공공재개발
성동구,금호동4가,2021-07,지정,공공재개발
성동구,금호동4가,2021-08,지정,공공재개발
성동구,금호동4가,2021-09,지정,공공재개발
성동구,금호동4가,2021-10,지정,공공재개발
성동구,금호동4가,2021-11,지정,공공재개발
성동구,금호동4가,2021-12,지정,공공재개발
성동구,금호동4가,2022-01,지정,공공재개발
성동구,금호동4가,2022-02,지정,공공재개발
성동구,금호동4가,2022-03,지정,공공재개발
성동구,금호동4가,2022-04,지정,공공재개발
성동구,금호동4가,2022-05,지정,공공재개발
성동구,금호동4가,2022-06,지정,공공재개발
성동구,금호동4가,2022-07,지정,공공재개발
성동구,금호동4가,2022-08,지정,공공재개발
성동구,금호동4가,2022-09,지정,공공재개발
성동구,금호동4가,2022-10,지정,공공재개발
성동구,금호동4가,2022-11,지정,공공재개발
성동구,금호동4가,2022-12,지정,공공재개발
성동구,금호동4가,2023-01,지정,공공재개발
성동구,금호동4가,2023-02,지정,공공재개발
성동구,금호동4가,2023-03,지정,공공재개발
성동구,금호동4가,2023-04,지정,공공재개발|신속통합기획|공공재개발
성동구,금호동4가,2023-05,지정,신속통합기획|공공재개발
성동구,금호동4가,2023-06,지정,신속통합기획|공공재개발
성동구,금호동4가,2023-07,지정,신속통합기획|공공재개발
성동구,금호동4가,2023-08,지정,신속통합기획|공공재개발
성동구,금호동4가,2023-09,지정,신속통합기획|공공재개발
성동구,금호동4가,2023-10,지정,신속통합기획|공공재개발
성동구,금호동4가,2023-11,지정,신속통합기획|공공재개발
성동구,금호동4가,2023-12,지정,신속통합기획|공공재개발
성동구,금호동4가,2024-01,지정,신속통합기획|공공재개발
성동구,금호동4가,2024-02,지정,신속통합기획|공공재개발
성동구,금호동4가,2024-03,지정,신속통합기획|공공재개발
성동구,금호동4가,2024-04,지정,신속통합기획|공공재개발|신속통합기획|공공재개발|정비사업후보지
성동구,금호동4가,2024-05,지정,신속통합기획|공공재개발|정비사업후보지
성동구,금호동4가,2024-06,지정,신속통합기획|공공재개발|정비사업후보지
성동구,금호동4가,2024-07,지정,신속통합기획|공공재개발|정비사업후보지
성동구,금호동4가,2024-08,지정,신속통합기획|공공재개발|정비사업후보지
성동구,금호동4가,2024-09,지정,신속통합기획|공공재개발|정비사업후보지
성동구,금호동4가,2024-10,지정,신속통합기획|공공재개발|정비사업후보지
성동구,금호동4가,2024-11,지정,신속통합기획|공공재개발|정비사업후보지
성동구,금호동4가,2024-12,지정,신속통합기획|공공재개발|정비사업후보지
성동구,금호동4가,2025-01,지정,신속통합기획|공공재개발|정비사업후보지
성동구,금호동4가,2025-02,지정,신속통합기획|공공재개발|정비사업후보지
성동구,금호동4가,2025-03,지정,신속통합기획|공공재개발|정비사업후보지
성동구,금호동4가,2025-04,지정,신속통합기획|공공재개발|정비사업후보지
성동구,마장동,2022-01,지정,정비사업후보지
성동구,마장동,2022-02,지정,정비사업후보지
성동구,마장동,2022-03,지정,정비사업후보지
성동구,마장동,2022-04,지정,정비사업후보지
성동구,마장동,2022-05,지정,정비사업후보지
성동구,마장동,2022-06,지정,정비사업후보지
성동구,마장동,2022-07,지정,정비사업후보지
성동구,마장동,2022-08,지정,정비사업후보지
성동구,마장동,2022-09,지정,정비사업후보지
성동구,마장동,2022-10,지정,정비사업후보지
성동구,마장동,2022-11,지정,정비사업후보지
성동구,마장동,2022-12,지정,정비사업후보지
성동구,마장동,2023-01,지정,정비사업후보지
성동구,마장동,2023-02,지정,정비사업후보지
성동구,마장동,2023-03,지정,정비사업후보지
성동구,마장동,2023-04,지정,정비사업후보지
성동구,마장동,2023-05,지정,정비사업후보지
성동구,마장동,2023-06,지정,정비사업후보지
성동구,마장동,2023-07,지정,정비사업후보지
성동구,마장동,2023-08,지정,정비사업후보지
성동구,마장동,2023-09,지정,정비사업후보지
성동구,마장동,2023-10,지정,정비사업후보지
성동구,마장동,2023-11,지정,정비사업후보지
성동구,마장동,2023-12,지정,정비사업후보지
성동구,마장동,2024-01,지정,정비사업후보지
성동구,마장동,2024-02,불명,
성동구,마장동,2024-03,불명,
성동구,마장동,2024-04,불명,
성동구,마장동,2024-05,불명,
성동구,마장동,2024-06,불명,
성동구,마장동,2024-07,불명,
성동구,마장동,2024-08,불명,
성동구,마장동,2024-09,지정,주요재건축단지|모아타운
성동구,마장동,2024-10,지정,주요재건축단지|모아타운
성동구,마장동,2024-11,지정,주요재건축단지|모아타운
성동구,마장동,2024-12,지정,주요재건축단지|모아타운
성동구,마장동,2025-01,지정,주요재건축단지|모아타운|주요재건축단지|신속통합기획|공공재개발|정비사업후보지
성동구,마장동,2025-02,지정,주요재건축단지|모아타운|주요재건축단지|신속통합기획|공공재개발|정비사업후보지
성동구,마장동,2025-03,지정,주요재건축단지|모아타운|주요재건축단지|신속통합기획|공공재개발|정비사업후보지
성동구,마장동,2025-04,지정,주요재건축단지|모아타운|주요재건축단지|신속통합기획|공공재개발|정비사업후보지
성동구,마장동,2025-05,지정,주요재건축단지|모아타운|주요재건축단지|신속통합기획|공공재개발|정비사업후보지
성동구,마장동,2025-06,지정,주요재건축단지|모아타운|주요재건축단지|신속통합기획|공공재개발|정비사업후보지
성동구,마장동,2025-07,지정,주요재건축단지|모아타운|주요재건축단지|신속통합기획|공공재개발|정비사업후보지
성동구,마장동,2025-08,지정,주요재건축단지|모아타운|주요재건축단지|신속통합기획|공공재개발|정비사업후보지
성동구,마장동,2025-09,지정,주요재건축단지|모아타운|주요재건축단지|신속통합기획|공공재개발|정비사업후보지
성동구,마장동,2025-10,지정,주요재건축단지|모아타운|주요재건축단지|신속통합기획|공공재개발|정비사업후보지
성동구,마장동,2025-11,지정,주요재건축단지|모아타운|주요재건축단지|신속통합기획|공공재개발|정비사업후보지
성동구,마장동,2025-12,지정,주요재건축단지|모아타운|주요재건축단지|신속통합기획|공공재개발|정비사업후보지
성동구,마장동,2026-01,지정,주요재건축단지|모아타운|주요재건축단지|신속통합기획|공공재개발|정비사업후보지
성동구,마장동,2026-02,지정,주요재건축단지|모아타운
성동구,마장동,2026-03,지정,주요재건축단지|모아타운
성동구,마장동,2026-04,지정,주요재건축단지|모아타운
성동구,마장동,2026-05,지정,주요재건축단지|모아타운
성동구,마장동,2026-06,지정,주요재건축단지|모아타운
성동구,마장동,2026-07,지정,주요재건축단지|모아타운
성동구,마장동,2026-08,지정,주요재건축단지|모아타운
성동구,사근동,2023-01,지정,주요재건축단지|정비사업후보지
성동구,사근동,2023-02,지정,주요재건축단지|정비사업후보지
성동구,사근동,2023-03,지정,주요재건축단지|정비사업후보지
성동구,사근동,2023-04,지정,주요재건축단지|정비사업후보지
성동구,사근동,2023-05,지정,주요재건축단지|정비사업후보지
성동구,사근동,2023-06,지정,주요재건축단지|정비사업후보지
성동구,사근동,2023-07,지정,주요재건축단지|정비사업후보지
성동구,사근동,2023-08,지정,주요재건축단지|정비사업후보지
성동구,사근동,2023-09,지정,주요재건축단지|정비사업후보지
성동구,사근동,2023-10,지정,주요재건축단지|정비사업후보지
성동구,사근동,2023-11,지정,주요재건축단지|정비사업후보지
성동구,사근동,2023-12,지정,주요재건축단지|정비사업후보지
성동구,사근동,2024-01,지정,주요재건축단지|정비사업후보지
성동구,사근동,2024-02,불명,
성동구,사근동,2024-03,불명,
성동구,사근동,2024-04,불명,
성동구,사근동,2024-05,불명,
성동구,사근동,2024-06,불명,
성동구,사근동,2024-07,불명,
성동구,사근동,2024-08,불명,
성동구,사근동,2024-09,지정,주요재건축단지|모아타운
성동구,사근동,2024-10,지정,주요재건축단지|모아타운
성동구,사근동,2024-11,지정,주요재건축단지|모아타운
성동구,사근동,2024-12,지정,주요재건축단지|모아타운
성동구,사근동,2025-01,지정,주요재건축단지|모아타운
성동구,사근동,2025-02,지정,주요재건축단지|모아타운
성동구,사근동,2025-03,지정,주요재건축단지|모아타운
성동구,사근동,2025-04,지정,주요재건축단지|모아타운
성동구,사근동,2025-05,지정,주요재건축단지|모아타운
성동구,사근동,2025-06,지정,주요재건축단지|모아타운
성동구,사근동,2025-07,지정,주요재건축단지|모아타운
성동구,사근동,2025-08,지정,주요재건축단지|모아타운
성동구,사근동,2025-09,지정,주요재건축단지|모아타운
성동구,사근동,2025-10,지정,주요재건축단지|모아타운
성동구,사근동,2025-11,지정,주요재건축단지|모아타운
성동구,사근동,2025-12,지정,주요재건축단지|모아타운
성동구,사근동,2026-01,지정,주요재건축단지|모아타운
성동구,사근동,2026-02,지정,주요재건축단지|모아타운
성동구,사근동,2026-03,지정,주요재건축단지|모아타운
성동구,사근동,2026-04,지정,주요재건축단지|모아타운
성동구,사근동,2026-05,지정,주요재건축단지|모아타운
성동구,사근동,2026-06,지정,주요재건축단지|모아타운
성동구,사근동,2026-07,지정,주요재건축단지|모아타운
성동구,사근동,2026-08,지정,주요재건축단지|모아타운
성동구,성수동1가,2021-04,지정,주요재건축단지
성동구,성수동1가,2021-05,지정,주요재건축단지
성동구,성수동1가,2021-06,지정,주요재건축단지
성동구,성수동1가,2021-07,지정,주요재건축단지
성동구,성수동1가,2021-08,지정,주요재건축단지
성동구,성수동1가,2021-09,지정,주요재건축단지
성동구,성수동1가,2021-10,지정,주요재건축단지
성동구,성수동1가,2021-11,지정,주요재건축단지
성동구,성수동1가,2021-12,지정,주요재건축단지
성동구,성수동1가,2022-01,지정,주요재건축단지
성동구,성수동1가,2022-02,지정,주요재건축단지
성동구,성수동1가,2022-03,지정,주요재건축단지
성동구,성수동1가,2022-04,지정,주요재건축단지
성동구,성수동1가,2022-05,지정,주요재건축단지
성동구,성수동1가,2022-06,지정,주요재건축단지
성동구,성수동1가,2022-07,지정,주요재건축단지
성동구,성수동1가,2022-08,지정,주요재건축단지
성동구,성수동1가,2022-09,지정,주요재건축단지
성동구,성수동1가,2022-10,지정,주요재건축단지
성동구,성수동1가,2022-11,지정,주요재건축단지
성동구,성수동1가,2022-12,지정,주요재건축단지
성동구,성수동1가,2023-01,지정,주요재건축단지
성동구,성수동1가,2023-02,지정,주요재건축단지
성동구,성수동1가,2023-03,지정,주요재건축단지
성동구,성수동1가,2023-04,지정,주요재건축단지
성동구,성수동1가,2023-05,지정,주요재건축단지
성동구,성수동1가,2023-06,지정,주요재건축단지
성동구,성수동1가,2023-07,지정,주요재건축단지
성동구,성수동1가,2023-08,지정,주요재건축단지
성동구,성수동1가,2023-09,지정,주요재건축단지
성동구,성수동1가,2023-10,지정,주요재건축단지
성동구,성수동1가,2023-11,지정,주요재건축단지
성동구,성수동1가,2023-12,지정,주요재건축단지
성동구,성수동1가,2024-01,지정,주요재건축단지
성동구,성수동1가,2024-02,지정,주요재건축단지
성동구,성수동1가,2024-03,지정,주요재건축단지
성동구,성수동1가,2024-04,지정,주요재건축단지
성동구,성수동1가,2024-05,지정,주요재건축단지
성동구,성수동1가,2024-06,지정,주요재건축단지
성동구,성수동1가,2024-07,지정,주요재건축단지
성동구,성수동1가,2024-08,지정,주요재건축단지
성동구,성수동1가,2024-09,지정,주요재건축단지
성동구,성수동1가,2024-10,지정,주요재건축단지
성동구,성수동1가,2024-11,지정,주요재건축단지
성동구,성수동1가,2024-12,지정,주요재건축단지
성동구,성수동1가,2025-01,지정,주요재건축단지
성동구,성수동1가,2025-02,지정,주요재건축단지
성동구,성수동1가,2025-03,지정,주요재건축단지
성동구,성수동1가,2025-04,지정,주요재건축단지|주요재건축단지|신속통합기획|모아타운|정비사업후보지
성동구,성수동1가,2025-05,지정,주요재건축단지|신속통합기획|모아타운|정비사업후보지
성동구,성수동1가,2025-06,지정,주요재건축단지|신속통합기획|모아타운|정비사업후보지
성동구,성수동1가,2025-07,지정,주요재건축단지|신속통합기획|모아타운|정비사업후보지
성동구,성수동1가,2025-08,지정,주요재건축단지|신속통합기획|모아타운|정비사업후보지
성동구,성수동1가,2025-09,지정,주요재건축단지|신속통합기획|모아타운|정비사업후보지
성동구,성수동1가,2025-10,지정,주요재건축단지|신속통합기획|모아타운|정비사업후보지
성동구,성수동1가,2025-11,지정,주요재건축단지|신속통합기획|모아타운|정비사업후보지
성동구,성수동1가,2025-12,지정,주요재건축단지|신속통합기획|모아타운|정비사업후보지
성동구,성수동1가,2026-01,지정,주요재건축단지|신속통합기획|모아타운|정비사업후보지
성동구,성수동1가,2026-02,지정,주요재건축단지|신속통합기획|모아타운|정비사업후보지
성동구,성수동1가,2026-03,지정,주요재건축단지|신속통합기획|모아타운|정비사업후보지
성동구,성수동1가,2026-04,지정,주요재건축단지|신속통합기획|모아타운|정비사업후보지
성동구,성수동2가,2021-04,지정,주요재건축단지
성동구,성수동2가,2021-05,지정,주요재건축단지
성동구,성수동2가,2021-06,지정,주요재건축단지
성동구,성수동2가,2021-07,지정,주요재건축단지
성동구,성수동2가,2021-08,지정,주요재건축단지
성동구,성수동2가,2021-09,지정,주요재건축단지
성동구,성수동2가,2021-10,지정,주요재건축단지
성동구,성수동2가,2021-11,지정,주요재건축단지
성동구,성수동2가,2021-12,지정,주요재건축단지
성동구,성수동2가,2022-01,지정,주요재건축단지
성동구,성수동2가,2022-02,지정,주요재건축단지
성동구,성수동2가,2022-03,지정,주요재건축단지
성동구,성수동2가,2022-04,지정,주요재건축단지
성동구,성수동2가,2022-05,지정,주요재건축단지
성동구,성수동2가,2022-06,지정,주요재건축단지
성동구,성수동2가,2022-07,지정,주요재건축단지
성동구,성수동2가,2022-08,지정,주요재건축단지
성동구,성수동2가,2022-09,지정,주요재건축단지
성동구,성수동2가,2022-10,지정,주요재건축단지
성동구,성수동2가,2022-11,지정,주요재건축단지
성동구,성수동2가,2022-12,지정,주요재건축단지
성동구,성수동2가,2023-01,지정,주요재건축단지
성동구,성수동2가,2023-02,지정,주요재건축단지
성동구,성수동2가,2023-03,지정,주요재건축단지
성동구,성수동2가,2023-04,지정,주요재건축단지
성동구,성수동2가,2023-05,지정,주요재건축단지
성동구,성수동2가,2023-06,지정,주요재건축단지
성동구,성수동2가,2023-07,지정,주요재건축단지
성동구,성수동2가,2023-08,지정,주요재건축단지
성동구,성수동2가,2023-09,지정,주요재건축단지
성동구,성수동2가,2023-10,지정,주요재건축단지
성동구,성수동2가,2023-11,지정,주요재건축단지
성동구,성수동2가,2023-12,지정,주요재건축단지
성동구,성수동2가,2024-01,지정,주요재건축단지
성동구,성수동2가,2024-02,지정,주요재건축단지
성동구,성수동2가,2024-03,지정,주요재건축단지
성동구,성수동2가,2024-04,지정,주요재건축단지
성동구,성수동2가,2024-05,지정,주요재건축단지
성동구,성수동2가,2024-06,지정,주요재건축단지
성동구,성수동2가,2024-07,지정,주요재건축단지
성동구,성수동2가,2024-08,지정,주요재건축단지
성동구,성수동2가,2024-09,지정,주요재건축단지
성동구,성수동2가,2024-10,지정,주요재건축단지
성동구,성수동2가,2024-11,지정,주요재건축단지
성동구,성수동2가,2024-12,지정,주요재건축단지
성동구,성수동2가,2025-01,지정,주요재건축단지
성동구,성수동2가,2025-02,지정,주요재건축단지
성동구,성수동2가,2025-03,지정,주요재건축단지
성동구,성수동2가,2025-04,지정,주요재건축단지|주요재건축단지|신속통합기획|모아타운|정비사업후보지
성동구,성수동2가,2025-05,지정,주요재건축단지|신속통합기획|모아타운|정비사업후보지
성동구,성수동2가,2025-06,지정,주요재건축단지|신속통합기획|모아타운|정비사업후보지
성동구,성수동2가,2025-07,지정,주요재건축단지|신속통합기획|모아타운|정비사업후보지
성동구,성수동2가,2025-08,지정,주요재건축단지|신속통합기획|모아타운|정비사업후보지
성동구,성수동2가,2025-09,지정,주요재건축단지|신속통합기획|모아타운|정비사업후보지
성동구,성수동2가,2025-10,지정,주요재건축단지|신속통합기획|모아타운|정비사업후보지
성동구,성수동2가,2025-11,지정,주요재건축단지|신속통합기획|모아타운|정비사업후보지
성동구,성수동2가,2025-12,지정,주요재건축단지|신속통합기획|모아타운|정비사업후보지
성동구,성수동2가,2026-01,지정,주요재건축단지|신속통합기획|모아타운|정비사업후보지
성동구,성수동2가,2026-02,지정,주요재건축단지|신속통합기획|모아타운|정비사업후보지
성동구,성수동2가,2026-03,지정,주요재건축단지|신속통합기획|모아타운|정비사업후보지
성동구,성수동2가,2026-04,지정,주요재건축단지|신속통합기획|모아타운|정비사업후보지
성동구,송정동,2024-09,지정,주요재건축단지|모아타운
성동구,송정동,2024-10,지정,주요재건축단지|모아타운
성동구,송정동,2024-11,지정,주요재건축단지|모아타운
성동구,송정동,2024-12,지정,주요재건축단지|모아타운
성동구,송정동,2025-01,지정,주요재건축단지|모아타운
성동구,송정동,2025-02,지정,주요재건축단지|모아타운
성동구,송정동,2025-03,지정,주요재건축단지|모아타운
성동구,송정동,2025-04,지정,주요재건축단지|모아타운
성동구,송정동,2025-05,지정,주요재건축단지|모아타운
성동구,송정동,2025-06,지정,주요재건축단지|모아타운
성동구,송정동,2025-07,지정,주요재건축단지|모아타운
성동구,송정동,2025-08,지정,주요재건축단지|모아타운
성동구,송정동,2025-09,지정,주요재건축단지|모아타운
성동구,송정동,2025-10,지정,주요재건축단지|모아타운
성동구,송정동,2025-11,지정,주요재건축단지|모아타운
성동구,송정동,2025-12,지정,주요재건축단지|모아타운
성동구,송정동,2026-01,지정,주요재건축단지|모아타운
성동구,송정동,2026-02,지정,주요재건축단지|모아타운
성동구,송정동,2026-03,지정,주요재건축단지|모아타운
성동구,송정동,2026-04,지정,주요재건축단지|모아타운
성동구,송정동,2026-05,지정,주요재건축단지|모아타운
성동구,송정동,2026-06,지정,주요재건축단지|모아타운
성동구,송정동,2026-07,지정,주요재건축단지|모아타운
성동구,송정동,2026-08,지정,주요재건축단지|모아타운
성동구,행당동,2023-01,지정,주요재건축단지|정비사업후보지
성동구,행당동,2023-02,지정,주요재건축단지|정비사업후보지
성동구,행당동,2023-03,지정,주요재건축단지|정비사업후보지
성동구,행당동,2023-04,지정,주요재건축단지|정비사업후보지
성동구,행당동,2023-05,지정,주요재건축단지|정비사업후보지
성동구,행당동,2023-06,지정,주요재건축단지|정비사업후보지
성동구,행당동,2023-07,지정,주요재건축단지|정비사업후보지
성동구,행당동,2023-08,지정,주요재건축단지|정비사업후보지
성동구,행당동,2023-09,지정,주요재건축단지|정비사업후보지
성동구,행당동,2023-10,지정,주요재건축단지|정비사업후보지
성동구,행당동,2023-11,지정,주요재건축단지|정비사업후보지
성동구,행당동,2023-12,지정,주요재건축단지|정비사업후보지
성동구,행당동,2024-01,지정,주요재건축단지|정비사업후보지
성동구,행당동,2024-02,불명,
성동구,행당동,2024-03,불명,
성동구,행당동,2024-04,불명,
성동구,행당동,2024-05,불명,
성동구,행당동,2024-06,불명,
성동구,행당동,2024-07,불명,
성동구,행당동,2024-08,불명,
성동구,행당동,2024-09,지정,주요재건축단지|모아타운
성동구,행당동,2024-10,지정,주요재건축단지|모아타운
성동구,행당동,2024-11,지정,주요재건축단지|모아타운
성동구,행당동,2024-12,지정,주요재건축단지|모아타운
성동구,행당동,2025-01,지정,주요재건축단지|모아타운
성동구,행당동,2025-02,지정,주요재건축단지|모아타운
성동구,행당동,2025-03,지정,주요재건축단지|모아타운
성동구,행당동,2025-04,지정,주요재건축단지|모아타운
성동구,행당동,2025-05,지정,주요재건축단지|모아타운
성동구,행당동,2025-06,지정,주요재건축단지|모아타운
성동구,행당동,2025-07,지정,주요재건축단지|모아타운
성동구,행당동,2025-08,지정,주요재건축단지|모아타운
성동구,행당동,2025-09,지정,주요재건축단지|모아타운
성동구,행당동,2025-10,지정,주요재건축단지|모아타운
성동구,행당동,2025-11,지정,주요재건축단지|모아타운
성동구,행당동,2025-12,지정,주요재건축단지|모아타운
성동구,행당동,2026-01,지정,주요재건축단지|모아타운
성동구,행당동,2026-02,지정,주요재건축단지|모아타운
성동구,행당동,2026-03,지정,주요재건축단지|모아타운
성동구,행당동,2026-04,지정,주요재건축단지|모아타운
성동구,행당동,2026-05,지정,주요재건축단지|모아타운
성동구,행당동,2026-06,지정,주요재건축단지|모아타운
성동구,행당동,2026-07,지정,주요재건축단지|모아타운
성동구,행당동,2026-08,지정,주요재건축단지|모아타운
성북구,돈암동,2024-09,지정,주요재건축단지|주요재건축단지|모아타운
성북구,돈암동,2024-10,지정,주요재건축단지|주요재건축단지|모아타운
성북구,돈암동,2024-11,지정,주요재건축단지|주요재건축단지|모아타운
성북구,돈암동,2024-12,지정,주요재건축단지|주요재건축단지|모아타운
성북구,돈암동,2025-01,지정,주요재건축단지|주요재건축단지|모아타운
성북구,돈암동,2025-02,지정,주요재건축단지|주요재건축단지|모아타운
성북구,돈암동,2025-03,지정,주요재건축단지|주요재건축단지|모아타운
성북구,돈암동,2025-04,지정,주요재건축단지|주요재건축단지|모아타운
성북구,돈암동,2025-05,지정,주요재건축단지|주요재건축단지|모아타운
성북구,돈암동,2025-06,지정,주요재건축단지|주요재건축단지|모아타운
성북구,돈암동,2025-07,지정,주요재건축단지|주요재건축단지|모아타운
성북구,돈암동,2025-08,지정,주요재건축단지|주요재건축단지|모아타운
성북구,돈암동,2025-09,지정,주요재건축단지|주요재건축단지|모아타운
성북구,돈암동,2025-10,지정,주요재건축단지|주요재건축단지|모아타운
성북구,돈암동,2025-11,지정,주요재건축단지|주요재건축단지|모아타운
성북구,돈암동,2025-12,지정,주요재건축단지|주요재건축단지|모아타운
성북구,돈암동,2026-01,지정,주요재건축단지|주요재건축단지|모아타운
성북구,돈암동,2026-02,지정,주요재건축단지|주요재건축단지|모아타운
성북구,돈암동,2026-03,지정,주요재건축단지|주요재건축단지|모아타운
성북구,돈암동,2026-04,지정,주요재건축단지|주요재건축단지|모아타운
성북구,돈암동,2026-05,지정,주요재건축단지|주요재건축단지|모아타운
성북구,돈암동,2026-06,지정,주요재건축단지|주요재건축단지|모아타운
성북구,돈암동,2026-07,지정,주요재건축단지|주요재건축단지|모아타운
성북구,돈암동,2026-08,지정,주요재건축단지|주요재건축단지|모아타운
성북구,삼선동1가,2022-01,지정,미분류
성북구,삼선동1가,2022-02,지정,미분류
성북구,삼선동1가,2022-03,지정,미분류
성북구,삼선동1가,2022-04,지정,미분류
성북구,삼선동1가,2022-05,지정,미분류
성북구,삼선동1가,2022-06,지정,미분류
성북구,삼선동1가,2022-07,지정,미분류
성북구,삼선동1가,2022-08,지정,미분류
성북구,삼선동1가,2022-09,지정,미분류
성북구,삼선동1가,2022-10,지정,미분류
성북구,삼선동1가,2022-11,지정,미분류
성북구,삼선동1가,2022-12,지정,미분류
성북구,삼선동1가,2023-01,지정,미분류|주요재건축단지|정비사업후보지
성북구,삼선동1가,2023-02,지정,주요재건축단지|정비사업후보지
성북구,삼선동1가,2023-03,지정,주요재건축단지|정비사업후보지
성북구,삼선동1가,2023-04,지정,주요재건축단지|정비사업후보지
성북구,삼선동1가,2023-05,지정,주요재건축단지|정비사업후보지
성북구,삼선동1가,2023-06,지정,주요재건축단지|정비사업후보지
성북구,삼선동1가,2023-07,지정,주요재건축단지|정비사업후보지
성북구,삼선동1가,2023-08,지정,주요재건축단지|정비사업후보지
성북구,삼선동1가,2023-09,지정,주요재건축단지|정비사업후보지
성북구,삼선동1가,2023-10,지정,주요재건축단지|정비사업후보지
성북구,삼선동1가,2023-11,지정,주요재건축단지|정비사업후보지
성북구,삼선동1가,2023-12,지정,주요재건축단지|정비사업후보지
성북구,삼선동1가,2024-01,지정,주요재건축단지|정비사업후보지
성북구,석관동,2022-01,지정,미분류
성북구,석관동,2022-02,지정,미분류
성북구,석관동,2022-03,지정,미분류
성북구,석관동,2022-04,지정,미분류
성북구,석관동,2022-05,지정,미분류
성북구,석관동,2022-06,지정,미분류
성북구,석관동,2022-07,지정,미분류
성북구,석관동,2022-08,지정,미분류
성북구,석관동,2022-09,지정,미분류
성북구,석관동,2022-10,지정,미분류
성북구,석관동,2022-11,지정,미분류
성북구,석관동,2022-12,지정,미분류
성북구,석관동,2023-01,지정,미분류|주요재건축단지|정비사업후보지
성북구,석관동,2023-02,지정,주요재건축단지|정비사업후보지
성북구,석관동,2023-03,지정,주요재건축단지|정비사업후보지
성북구,석관동,2023-04,지정,주요재건축단지|정비사업후보지
성북구,석관동,2023-05,지정,주요재건축단지|정비사업후보지
성북구,석관동,2023-06,지정,주요재건축단지|정비사업후보지
성북구,석관동,2023-07,지정,주요재건축단지|정비사업후보지
성북구,석관동,2023-08,지정,주요재건축단지|정비사업후보지
성북구,석관동,2023-09,지정,주요재건축단지|정비사업후보지
성북구,석관동,2023-10,지정,주요재건축단지|정비사업후보지
성북구,석관동,2023-11,지정,주요재건축단지|정비사업후보지
성북구,석관동,2023-12,지정,주요재건축단지|정비사업후보지
성북구,석관동,2024-01,지정,주요재건축단지|정비사업후보지
성북구,석관동,2024-02,불명,
성북구,석관동,2024-03,불명,
성북구,석관동,2024-04,불명,
성북구,석관동,2024-05,불명,
성북구,석관동,2024-06,불명,
성북구,석관동,2024-07,불명,
성북구,석관동,2024-08,불명,
성북구,석관동,2024-09,지정,주요재건축단지|모아타운
성북구,석관동,2024-10,지정,주요재건축단지|모아타운
성북구,석관동,2024-11,지정,주요재건축단지|모아타운
성북구,석관동,2024-12,지정,주요재건축단지|모아타운
성북구,석관동,2025-01,지정,주요재건축단지|모아타운
성북구,석관동,2025-02,지정,주요재건축단지|모아타운
성북구,석관동,2025-03,지정,주요재건축단지|모아타운
성북구,석관동,2025-04,지정,주요재건축단지|모아타운
성북구,석관동,2025-05,지정,주요재건축단지|모아타운
성북구,석관동,2025-06,지정,주요재건축단지|모아타운
성북구,석관동,2025-07,지정,주요재건축단지|모아타운
성북구,석관동,2025-08,지정,주요재건축단지|모아타운
성북구,석관동,2025-09,지정,주요재건축단지|모아타운
성북구,석관동,2025-10,지정,주요재건축단지|모아타운
성북구,석관동,2025-11,지정,주요재건축단지|모아타운
성북구,석관동,2025-12,지정,주요재건축단지|모아타운
성북구,석관동,2026-01,지정,주요재건축단지|모아타운
성북구,석관동,2026-02,지정,주요재건축단지|모아타운
성북구,석관동,2026-03,지정,주요재건축단지|모아타운
성북구,석관동,2026-04,지정,주요재건축단지|모아타운
성북구,석관동,2026-05,지정,주요재건축단지|모아타운
성북구,석관동,2026-06,지정,주요재건축단지|모아타운
성북구,석관동,2026-07,지정,주요재건축단지|모아타운
성북구,석관동,2026-08,지정,신속통합기획|공공재개발|모아타운|정비사업후보지|주요재건축단지|모아타운
성북구,성북동,2021-04,지정,공공재개발
성북구,성북동,2021-05,지정,공공재개발
성북구,성북동,2021-06,지정,공공재개발
성북구,성북동,2021-07,지정,공공재개발
성북구,성북동,2021-08,지정,공공재개발
성북구,성북동,2021-09,지정,공공재개발
성북구,성북동,2021-10,지정,공공재개발
성북구,성북동,2021-11,지정,공공재개발
성북구,성북동,2021-12,지정,공공재개발
성북구,성북동,2022-01,지정,공공재개발
성북구,성북동,2022-02,지정,공공재개발
성북구,성북동,2022-03,지정,공공재개발
성북구,성북동,2022-04,지정,공공재개발
성북구,성북동,2022-05,지정,공공재개발
성북구,성북동,2022-06,지정,공공재개발
성북구,성북동,2022-07,지정,공공재개발
성북구,성북동,2022-08,지정,공공재개발
성북구,성북동,2022-09,지정,공공재개발
성북구,성북동,2022-10,지정,공공재개발
성북구,성북동,2022-11,지정,공공재개발
성북구,성북동,2022-12,지정,공공재개발
성북구,성북동,2023-01,지정,공공재개발
성북구,성북동,2023-02,지정,공공재개발
성북구,성북동,2023-03,지정,공공재개발
성북구,성북동,2023-04,지정,공공재개발|신속통합기획|공공재개발
성북구,성북동,2023-05,지정,신속통합기획|공공재개발
성북구,성북동,2023-06,지정,신속통합기획|공공재개발
성북구,성북동,2023-07,지정,신속통합기획|공공재개발
성북구,성북동,2023-08,지정,신속통합기획|공공재개발
성북구,성북동,2023-09,지정,신속통합기획|공공재개발
성북구,성북동,2023-10,지정,신속통합기획|공공재개발
성북구,성북동,2023-11,지정,신속통합기획|공공재개발
성북구,성북동,2023-12,지정,신속통합기획|공공재개발|주요재건축단지|신속통합기획|정비사업후보지
성북구,성북동,2024-01,지정,신속통합기획|공공재개발|주요재건축단지|신속통합기획|정비사업후보지
성북구,성북동,2024-02,지정,신속통합기획|공공재개발|주요재건축단지|신속통합기획|정비사업후보지
성북구,성북동,2024-03,지정,신속통합기획|공공재개발|주요재건축단지|신속통합기획|정비사업후보지
성북구,성북동,2024-04,지정,신속통합기획|공공재개발|신속통합기획|공공재개발|정비사업후보지|주요재건축단지|신속통합기획|정비사업후보지
성북구,성북동,2024-05,지정,신속통합기획|공공재개발|정비사업후보지|주요재건축단지|신속통합기획|정비사업후보지
성북구,성북동,2024-06,지정,신속통합기획|공공재개발|정비사업후보지|주요재건축단지|신속통합기획|정비사업후보지
성북구,성북동,2024-07,지정,신속통합기획|공공재개발|정비사업후보지|주요재건축단지|신속통합기획|정비사업후보지
성북구,성북동,2024-08,지정,국제교류복합지구|신속통합기획|공공재개발|정비사업후보지|주요재건축단지|신속통합기획|정비사업후보지
성북구,성북동,2024-09,지정,국제교류복합지구|신속통합기획|공공재개발|정비사업후보지|주요재건축단지|신속통합기획|정비사업후보지
성북구,성북동,2024-10,지정,국제교류복합지구|신속통합기획|공공재개발|정비사업후보지|주요재건축단지|신속통합기획|정비사업후보지
성북구,성북동,2024-11,지정,국제교류복합지구|신속통합기획|공공재개발|정비사업후보지|주요재건축단지|신속통합기획|정비사업후보지
성북구,성북동,2024-12,지정,국제교류복합지구|신속통합기획|공공재개발|정비사업후보지|주요재건축단지|신속통합기획|정비사업후보지
성북구,성북동,2025-01,지정,신속통합기획|공공재개발|정비사업후보지|주요재건축단지|신속통합기획|공공재개발|정비사업후보지
성북구,성북동,2025-02,지정,신속통합기획|공공재개발|정비사업후보지|주요재건축단지|신속통합기획|공공재개발|정비사업후보지
성북구,성북동,2025-03,지정,신속통합기획|공공재개발|정비사업후보지|주요재건축단지|신속통합기획|공공재개발|정비사업후보지
성북구,성북동,2025-04,지정,신속통합기획|공공재개발|정비사업후보지|주요재건축단지|신속통합기획|공공재개발|정비사업후보지
성북구,성북동,2025-05,지정,주요재건축단지|신속통합기획|공공재개발|정비사업후보지
성북구,성북동,2025-06,지정,주요재건축단지|신속통합기획|공공재개발|정비사업후보지
성북구,성북동,2025-07,지정,주요재건축단지|신속통합기획|공공재개발|정비사업후보지
성북구,성북동,2025-08,지정,주요재건축단지|신속통합기획|공공재개발|정비사업후보지
성북구,성북동,2025-09,지정,주요재건축단지|신속통합기획|공공재개발|정비사업후보지
성북구,성북동,2025-10,지정,주요재건축단지|신속통합기획|공공재개발|정비사업후보지
성북구,성북동,2025-11,지정,주요재건축단지|신속통합기획|공공재개발|정비사업후보지
성북구,성북동,2025-12,지정,주요재건축단지|신속통합기획|공공재개발|정비사업후보지
성북구,성북동,2026-01,지정,주요재건축단지|신속통합기획|공공재개발|정비사업후보지
성북구,성북동,2026-02,불명,
성북구,성북동,2026-03,불명,
성북구,성북동,2026-04,불명,
성북구,성북동,2026-05,불명,
성북구,성북동,2026-06,불명,
성북구,성북동,2026-07,불명,
성북구,성북동,2026-08,지정,신규주택공급후보지
성북구,장위동,2021-04,지정,공공재개발
성북구,장위동,2021-05,지정,공공재개발
성북구,장위동,2021-06,지정,공공재개발
성북구,장위동,2021-07,지정,공공재개발
성북구,장위동,2021-08,지정,공공재개발
성북구,장위동,2021-09,지정,공공재개발
성북구,장위동,2021-10,지정,공공재개발
성북구,장위동,2021-11,지정,공공재개발
성북구,장위동,2021-12,지정,공공재개발
성북구,장위동,2022-01,지정,공공재개발
성북구,장위동,2022-02,지정,공공재개발
성북구,장위동,2022-03,지정,공공재개발
성북구,장위동,2022-04,지정,공공재개발
성북구,장위동,2022-05,지정,공공재개발
성북구,장위동,2022-06,지정,공공재개발
성북구,장위동,2022-07,지정,공공재개발
성북구,장위동,2022-08,지정,공공재개발
성북구,장위동,2022-09,지정,공공재개발
성북구,장위동,2022-10,지정,공공재개발
성북구,장위동,2022-11,지정,공공재개발
성북구,장위동,2022-12,지정,공공재개발
성북구,장위동,2023-01,지정,공공재개발
성북구,장위동,2023-02,지정,공공재개발
성북구,장위동,2023-03,지정,공공재개발
성북구,장위동,2023-04,지정,공공재개발|신속통합기획|공공재개발
성북구,장위동,2023-05,지정,신속통합기획|공공재개발
성북구,장위동,2023-06,지정,신속통합기획|공공재개발
성북구,장위동,2023-07,지정,신속통합기획|공공재개발
성북구,장위동,2023-08,지정,신속통합기획|공공재개발
성북구,장위동,2023-09,지정,신속통합기획|공공재개발
성북구,장위동,2023-10,지정,신속통합기획|공공재개발
성북구,장위동,2023-11,지정,신속통합기획|공공재개발
성북구,장위동,2023-12,지정,신속통합기획|공공재개발
성북구,장위동,2024-01,지정,신속통합기획|공공재개발
성북구,장위동,2024-02,지정,신속통합기획|공공재개발
성북구,장위동,2024-03,지정,신속통합기획|공공재개발
성북구,장위동,2024-04,지정,신속통합기획|공공재개발|신속통합기획|공공재개발|정비사업후보지
성북구,장위동,2024-05,지정,신속통합기획|공공재개발|정비사업후보지
성북구,장위동,2024-06,지정,신속통합기획|공공재개발|정비사업후보지
성북구,장위동,2024-07,지정,신속통합기획|공공재개발|정비사업후보지
성북구,장위동,2024-08,지정,신속통합기획|공공재개발|정비사업후보지
성북구,장위동,2024-09,지정,신속통합기획|공공재개발|정비사업후보지
성북구,장위동,2024-10,지정,신속통합기획|공공재개발|정비사업후보지
성북구,장위동,2024-11,지정,신속통합기획|공공재개발|정비사업후보지
성북구,장위동,2024-12,지정,신속통합기획|공공재개발|정비사업후보지
성북구,장위동,2025-01,지정,신속통합기획|공공재개발|정비사업후보지
성북구,장위동,2025-02,지정,신속통합기획|공공재개발|정비사업후보지
성북구,장위동,2025-03,지정,신속통합기획|공공재개발|정비사업후보지
성북구,장위동,2025-04,지정,신속통합기획|공공재개발|정비사업후보지
성북구,정릉동,2022-01,지정,미분류
성북구,정릉동,2022-02,지정,미분류
성북구,정릉동,2022-03,지정,미분류
성북구,정릉동,2022-04,지정,미분류
성북구,정릉동,2022-05,지정,미분류
성북구,정릉동,2022-06,지정,미분류
성북구,정릉동,2022-07,지정,미분류
성북구,정릉동,2022-08,지정,미분류
성북구,정릉동,2022-09,지정,미분류
성북구,정릉동,2022-10,지정,미분류
성북구,정릉동,2022-11,지정,미분류
성북구,정릉동,2022-12,지정,미분류
성북구,정릉동,2023-01,지정,미분류|주요재건축단지|정비사업후보지
성북구,정릉동,2023-02,지정,주요재건축단지|정비사업후보지
성북구,정릉동,2023-03,지정,주요재건축단지|정비사업후보지
성북구,정릉동,2023-04,지정,주요재건축단지|정비사업후보지
성북구,정릉동,2023-05,지정,주요재건축단지|정비사업후보지
성북구,정릉동,2023-06,지정,주요재건축단지|정비사업후보지
성북구,정릉동,2023-07,지정,주요재건축단지|정비사업후보지
성북구,정릉동,2023-08,지정,주요재건축단지|정비사업후보지
성북구,정릉동,2023-09,지정,주요재건축단지|정비사업후보지
성북구,정릉동,2023-10,지정,주요재건축단지|정비사업후보지
성북구,정릉동,2023-11,지정,주요재건축단지|정비사업후보지
성북구,정릉동,2023-12,지정,주요재건축단지|정비사업후보지
성북구,정릉동,2024-01,지정,주요재건축단지|정비사업후보지
성북구,정릉동,2024-02,불명,
성북구,정릉동,2024-03,불명,
성북구,정릉동,2024-04,불명,
성북구,정릉동,2024-05,불명,
성북구,정릉동,2024-06,불명,
성북구,정릉동,2024-07,불명,
성북구,정릉동,2024-08,지정,국제교류복합지구
성북구,정릉동,2024-09,지정,국제교류복합지구|주요재건축단지|주요재건축단지|모아타운
성북구,정릉동,2024-10,지정,국제교류복합지구|주요재건축단지|주요재건축단지|모아타운
성북구,정릉동,2024-11,지정,국제교류복합지구|주요재건축단지|주요재건축단지|모아타운
성북구,정릉동,2024-12,지정,국제교류복합지구|주요재건축단지|주요재건축단지|모아타운
성북구,정릉동,2025-01,지정,주요재건축단지|주요재건축단지|모아타운
성북구,정릉동,2025-02,지정,주요재건축단지|주요재건축단지|모아타운
성북구,정릉동,2025-03,지정,주요재건축단지|주요재건축단지|모아타운
성북구,정릉동,2025-04,지정,주요재건축단지|주요재건축단지|모아타운
성북구,정릉동,2025-05,지정,주요재건축단지|주요재건축단지|모아타운
성북구,정릉동,2025-06,지정,주요재건축단지|주요재건축단지|모아타운
성북구,정릉동,2025-07,지정,주요재건축단지|주요재건축단지|모아타운
성북구,정릉동,2025-08,지정,주요재건축단지|주요재건축단지|모아타운
성북구,정릉동,2025-09,지정,주요재건축단지|주요재건축단지|모아타운
성북구,정릉동,2025-10,지정,주요재건축단지|주요재건축단지|모아타운
성북구,정릉동,2025-11,지정,주요재건축단지|주요재건축단지|모아타운
성북구,정릉동,2025-12,지정,주요재건축단지|주요재건축단지|모아타운
성북구,정릉동,2026-01,지정,주요재건축단지|주요재건축단지|모아타운
성북구,정릉동,2026-02,지정,주요재건축단지|주요재건축단지|모아타운
성북구,정릉동,2026-03,지정,주요재건축단지|주요재건축단지|모아타운
성북구,정릉동,2026-04,지정,주요재건축단지|주요재건축단지|모아타운
성북구,정릉동,2026-05,지정,주요재건축단지|주요재건축단지|모아타운
성북구,정릉동,2026-06,지정,주요재건축단지|주요재건축단지|모아타운
성북구,정릉동,2026-07,지정,주요재건축단지|주요재건축단지|모아타운
성북구,정릉동,2026-08,지정,신규주택공급후보지|주요재건축단지|주요재건축단지|모아타운
성북구,종암동,2023-01,지정,주요재건축단지|정비사업후보지
성북구,종암동,2023-02,지정,주요재건축단지|정비사업후보지
성북구,종암동,2023-03,지정,주요재건축단지|정비사업후보지
성북구,종암동,2023-04,지정,주요재건축단지|정비사업후보지
성북구,종암동,2023-05,지정,주요재건축단지|정비사업후보지
성북구,종암동,2023-06,지정,주요재건축단지|정비사업후보지
성북구,종암동,2023-07,지정,주요재건축단지|정비사업후보지
성북구,종암동,2023-08,지정,주요재건축단지|정비사업후보지
성북구,종암동,2023-09,지정,주요재건축단지|정비사업후보지
성북구,종암동,2023-10,지정,주요재건축단지|정비사업후보지
성북구,종암동,2023-11,지정,주요재건축단지|정비사업후보지
성북구,종암동,2023-12,지정,주요재건축단지|신속통합기획|정비사업후보지|주요재건축단지|정비사업후보지
성북구,종암동,2024-01,지정,주요재건축단지|신속통합기획|정비사업후보지|주요재건축단지|정비사업후보지
성북구,종암동,2024-02,지정,주요재건축단지|신속통합기획|정비사업후보지
성북구,종암동,2024-03,지정,주요재건축단지|신속통합기획|정비사업후보지
성북구,종암동,2024-04,지정,주요재건축단지|신속통합기획|정비사업후보지
성북구,종암동,2024-05,지정,주요재건축단지|신속통합기획|정비사업후보지
성북구,종암동,2024-06,지정,주요재건축단지|신속통합기획|정비사업후보지
성북구,종암동,2024-07,지정,주요재건축단지|신속통합기획|정비사업후보지
성북구,종암동,2024-08,지정,주요재건축단지|신속통합기획|정비사업후보지
성북구,종암동,2024-09,지정,주요재건축단지|모아타운|주요재건축단지|신속통합기획|정비사업후보지
성북구,종암동,2024-10,지정,주요재건축단지|모아타운|주요재건축단지|신속통합기획|정비사업후보지
성북구,종암동,2024-11,지정,주요재건축단지|모아타운|주요재건축단지|신속통합기획|정비사업후보지
성북구,종암동,2024-12,지정,주요재건축단지|모아타운|주요재건축단지|신속통합기획|정비사업후보지
성북구,종암동,2025-01,지정,주요재건축단지|모아타운|주요재건축단지|신속통합기획|공공재개발|정비사업후보지
성북구,종암동,2025-02,지정,주요재건축단지|모아타운|주요재건축단지|신속통합기획|공공재개발|정비사업후보지
성북구,종암동,2025-03,지정,주요재건축단지|모아타운|주요재건축단지|신속통합기획|공공재개발|정비사업후보지
성북구,종암동,2025-04,지정,주요재건축단지|모아타운|주요재건축단지|신속통합기획|공공재개발|정비사업후보지
성북구,종암동,2025-05,지정,주요재건축단지|모아타운|주요재건축단지|신속통합기획|공공재개발|정비사업후보지
성북구,종암동,2025-06,지정,주요재건축단지|모아타운|주요재건축단지|신속통합기획|공공재개발|정비사업후보지
성북구,종암동,2025-07,지정,주요재건축단지|모아타운|주요재건축단지|신속통합기획|공공재개발|정비사업후보지
성북구,종암동,2025-08,지정,주요재건축단지|모아타운|주요재건축단지|신속통합기획|공공재개발|정비사업후보지
성북구,종암동,2025-09,지정,주요재건축단지|모아타운|주요재건축단지|신속통합기획|공공재개발|정비사업후보지
성북구,종암동,2025-10,지정,주요재건축단지|모아타운|주요재건축단지|신속통합기획|공공재개발|정비사업후보지
성북구,종암동,2025-11,지정,주요재건축단지|모아타운|주요재건축단지|신속통합기획|공공재개발|정비사업후보지
성북구,종암동,2025-12,지정,주요재건축단지|모아타운|주요재건축단지|신속통합기획|공공재개발|정비사업후보지
성북구,종암동,2026-01,지정,주요재건축단지|모아타운|주요재건축단지|신속통합기획|공공재개발|정비사업후보지
성북구,종암동,2026-02,지정,주요재건축단지|모아타운
성북구,종암동,2026-03,지정,주요재건축단지|모아타운
성북구,종암동,2026-04,지정,주요재건축단지|모아타운
성북구,종암동,2026-05,지정,주요재건축단지|모아타운
성북구,종암동,2026-06,지정,주요재건축단지|모아타운
성북구,종암동,2026-07,지정,주요재건축단지|모아타운
성북구,종암동,2026-08,지정,주요재건축단지|모아타운
성북구,하월곡동,2022-01,지정,정비사업후보지
성북구,하월곡동,2022-02,지정,정비사업후보지
성북구,하월곡동,2022-03,지정,정비사업후보지
성북구,하월곡동,2022-04,지정,정비사업후보지
성북구,하월곡동,2022-05,지정,정비사업후보지
성북구,하월곡동,2022-06,지정,정비사업후보지
성북구,하월곡동,2022-07,지정,정비사업후보지
성북구,하월곡동,2022-08,지정,정비사업후보지
성북구,하월곡동,2022-09,지정,정비사업후보지
성북구,하월곡동,2022-10,지정,정비사업후보지
성북구,하월곡동,2022-11,지정,정비사업후보지
성북구,하월곡동,2022-12,지정,정비사업후보지
성북구,하월곡동,2023-01,지정,정비사업후보지
성북구,하월곡동,2023-02,지정,정비사업후보지
성북구,하월곡동,2023-03,지정,정비사업후보지
성북구,하월곡동,2023-04,지정,정비사업후보지
성북구,하월곡동,2023-05,지정,정비사업후보지
성북구,하월곡동,2023-06,지정,정비사업후보지
성북구,하월곡동,2023-07,지정,정비사업후보지
성북구,하월곡동,2023-08,지정,정비사업후보지
성북구,하월곡동,2023-09,지정,정비사업후보지
성북구,하월곡동,2023-10,지정,정비사업후보지
성북구,하월곡동,2023-11,지정,정비사업후보지
성북구,하월곡동,2023-12,지정,정비사업후보지
성북구,하월곡동,2024-01,지정,정비사업후보지
성북구,하월곡동,2024-02,불명,
성북구,하월곡동,2024-03,불명,
성북구,하월곡동,2024-04,불명,
성북구,하월곡동,2024-05,불명,
성북구,하월곡동,2024-06,불명,
성북구,하월곡동,2024-07,불명,
성북구,하월곡동,2024-08,불명,
성북구,하월곡동,2024-09,불명,
성북구,하월곡동,2024-10,불명,
성북구,하월곡동,2024-11,불명,
성북구,하월곡동,2024-12,불명,
성북구,하월곡동,2025-01,지정,주요재건축단지|신속통합기획|공공재개발|정비사업후보지
성북구,하월곡동,2025-02,지정,주요재건축단지|신속통합기획|공공재개발|정비사업후보지
성북구,하월곡동,2025-03,지정,주요재건축단지|신속통합기획|공공재개발|정비사업후보지
성북구,하월곡동,2025-04,지정,주요재건축단지|신속통합기획|공공재개발|정비사업후보지
성북구,하월곡동,2025-05,지정,주요재건축단지|신속통합기획|공공재개발|정비사업후보지
성북구,하월곡동,2025-06,지정,주요재건축단지|신속통합기획|공공재개발|정비사업후보지
성북구,하월곡동,2025-07,지정,주요재건축단지|신속통합기획|공공재개발|정비사업후보지
성북구,하월곡동,2025-08,지정,주요재건축단지|신속통합기획|공공재개발|정비사업후보지
성북구,하월곡동,2025-09,지정,주요재건축단지|신속통합기획|공공재개발|정비사업후보지
성북구,하월곡동,2025-10,지정,주요재건축단지|신속통합기획|공공재개발|정비사업후보지
성북구,하월곡동,2025-11,지정,주요재건축단지|신속통합기획|공공재개발|정비사업후보지
성북구,하월곡동,2025-12,지정,주요재건축단지|신속통합기획|공공재개발|정비사업후보지
성북구,하월곡동,2026-01,지정,주요재건축단지|신속통합기획|공공재개발|정비사업후보지
송파구,거여동,2021-04,지정,공공재개발
송파구,거여동,2021-05,지정,공공재개발
송파구,거여동,2021-06,지정,공공재개발
송파구,거여동,2021-07,지정,공공재개발
송파구,거여동,2021-08,지정,공공재개발
송파구,거여동,2021-09,지정,공공재개발
송파구,거여동,2021-10,지정,공공재개발
송파구,거여동,2021-11,지정,공공재개발
송파구,거여동,2021-12,지정,공공재개발
송파구,거여동,2022-01,지정,공공재개발
송파구,거여동,2022-02,지정,공공재개발
송파구,거여동,2022-03,지정,공공재개발
송파구,거여동,2022-04,지정,공공재개발
송파구,거여동,2022-05,지정,공공재개발
송파구,거여동,2022-06,지정,공공재개발
송파구,거여동,2022-07,지정,공공재개발
송파구,거여동,2022-08,지정,공공재개발
송파구,거여동,2022-09,지정,공공재개발
송파구,거여동,2022-10,지정,공공재개발
송파구,거여동,2022-11,지정,공공재개발
송파구,거여동,2022-12,지정,공공재개발
송파구,거여동,2023-01,지정,공공재개발
송파구,거여동,2023-02,지정,공공재개발
송파구,거여동,2023-03,지정,공공재개발
송파구,거여동,2023-04,지정,공공재개발|신속통합기획|공공재개발
송파구,거여동,2023-05,지정,신속통합기획|공공재개발
송파구,거여동,2023-06,지정,신속통합기획|공공재개발
송파구,거여동,2023-07,지정,신속통합기획|공공재개발
송파구,거여동,2023-08,지정,신속통합기획|공공재개발
송파구,거여동,2023-09,지정,신속통합기획|공공재개발
송파구,거여동,2023-10,지정,신속통합기획|공공재개발
송파구,거여동,2023-11,지정,신속통합기획|공공재개발
송파구,거여동,2023-12,지정,신속통합기획|공공재개발
송파구,거여동,2024-01,지정,신속통합기획|공공재개발
송파구,거여동,2024-02,지정,신속통합기획|공공재개발
송파구,거여동,2024-03,지정,신속통합기획|공공재개발
송파구,거여동,2024-04,지정,신속통합기획|공공재개발|신속통합기획|공공재개발|정비사업후보지
송파구,거여동,2024-05,지정,신속통합기획|공공재개발|정비사업후보지
송파구,거여동,2024-06,지정,신속통합기획|공공재개발|정비사업후보지
송파구,거여동,2024-07,지정,신속통합기획|공공재개발|정비사업후보지
송파구,거여동,2024-08,지정,신속통합기획|공공재개발|정비사업후보지
송파구,거여동,2024-09,지정,신속통합기획|공공재개발|정비사업후보지
송파구,거여동,2024-10,지정,신속통합기획|공공재개발|정비사업후보지
송파구,거여동,2024-11,지정,신속통합기획|공공재개발|정비사업후보지
송파구,거여동,2024-12,지정,신속통합기획|공공재개발|정비사업후보지
송파구,거여동,2025-01,지정,신속통합기획|공공재개발|정비사업후보지
송파구,거여동,2025-02,지정,신속통합기획|공공재개발|정비사업후보지
송파구,거여동,2025-03,지정,신속통합기획|공공재개발|정비사업후보지
송파구,거여동,2025-04,지정,신속통합기획|공공재개발|정비사업후보지
송파구,마천동,2022-01,지정,미분류|정비사업후보지
송파구,마천동,2022-02,지정,미분류|정비사업후보지
송파구,마천동,2022-03,지정,미분류|정비사업후보지
송파구,마천동,2022-04,지정,미분류|정비사업후보지
송파구,마천동,2022-05,지정,미분류|정비사업후보지
송파구,마천동,2022-06,지정,미분류|정비사업후보지
송파구,마천동,2022-07,지정,미분류|정비사업후보지
송파구,마천동,2022-08,지정,미분류|정비사업후보지
송파구,마천동,2022-09,지정,미분류|정비사업후보지
송파구,마천동,2022-10,지정,미분류|정비사업후보지
송파구,마천동,2022-11,지정,미분류|정비사업후보지
송파구,마천동,2022-12,지정,미분류|정비사업후보지
송파구,마천동,2023-01,지정,미분류|정비사업후보지|주요재건축단지|정비사업후보지
송파구,마천동,2023-02,지정,정비사업후보지|주요재건축단지|정비사업후보지
송파구,마천동,2023-03,지정,정비사업후보지|주요재건축단지|정비사업후보지
송파구,마천동,2023-04,지정,정비사업후보지|주요재건축단지|정비사업후보지
송파구,마천동,2023-05,지정,정비사업후보지|주요재건축단지|정비사업후보지
송파구,마천동,2023-06,지정,정비사업후보지|주요재건축단지|정비사업후보지
송파구,마천동,2023-07,지정,정비사업후보지|주요재건축단지|정비사업후보지
송파구,마천동,2023-08,지정,정비사업후보지|주요재건축단지|정비사업후보지
송파구,마천동,2023-09,지정,정비사업후보지|주요재건축단지|정비사업후보지
송파구,마천동,2023-10,지정,정비사업후보지|주요재건축단지|정비사업후보지
송파구,마천동,2023-11,지정,정비사업후보지|주요재건축단지|정비사업후보지
송파구,마천동,2023-12,지정,정비사업후보지|주요재건축단지|정비사업후보지
송파구,마천동,2024-01,지정,정비사업후보지|주요재건축단지|정비사업후보지
송파구,마천동,2024-02,불명,
송파구,마천동,2024-03,불명,
송파구,마천동,2024-04,불명,
송파구,마천동,2024-05,불명,
송파구,마천동,2024-06,불명,
송파구,마천동,2024-07,불명,
송파구,마천동,2024-08,지정,미분류
송파구,마천동,2024-09,지정,미분류
송파구,마천동,2024-10,지정,미분류
송파구,마천동,2024-11,지정,미분류|자연녹지
송파구,마천동,2024-12,지정,미분류|자연녹지
송파구,마천동,2025-01,지정,자연녹지|주요재건축단지|신속통합기획|공공재개발|정비사업후보지
송파구,마천동,2025-02,지정,자연녹지|주요재건축단지|신속통합기획|공공재개발|정비사업후보지
송파구,마천동,2025-03,지정,자연녹지|주요재건축단지|신속통합기획|공공재개발|정비사업후보지
송파구,마천동,2025-04,지정,자연녹지|주요재건축단지|신속통합기획|공공재개발|정비사업후보지
송파구,마천동,2025-05,지정,자연녹지|주요재건축단지|신속통합기획|공공재개발|정비사업후보지
송파구,마천동,2025-06,지정,자연녹지|주요재건축단지|신속통합기획|공공재개발|정비사업후보지
송파구,마천동,2025-07,지정,자연녹지|주요재건축단지|신속통합기획|공공재개발|정비사업후보지
송파구,마천동,2025-08,지정,자연녹지|주요재건축단지|신속통합기획|공공재개발|정비사업후보지
송파구,마천동,2025-09,지정,자연녹지|주요재건축단지|신속통합기획|공공재개발|정비사업후보지
송파구,마천동,2025-10,지정,자연녹지|주요재건축단지|신속통합기획|공공재개발|정비사업후보지
송파구,마천동,2025-11,지정,자연녹지|주요재건축단지|신속통합기획|공공재개발|정비사업후보지
송파구,마천동,2025-12,지정,자연녹지|주요재건축단지|신속통합기획|공공재개발|정비사업후보지
송파구,마천동,2026-01,지정,자연녹지|주요재건축단지|신속통합기획|공공재개발|정비사업후보지
송파구,마천동,2026-02,지정,자연녹지
송파구,마천동,2026-03,지정,자연녹지
송파구,마천동,2026-04,지정,자연녹지
송파구,마천동,2026-05,지정,자연녹지
송파구,마천동,2026-06,지정,자연녹지
송파구,마천동,2026-07,지정,자연녹지
송파구,마천동,2026-08,지정,신규주택공급후보지|자연녹지
송파구,방이동,2024-08,지정,미분류
송파구,방이동,2024-09,지정,미분류
송파구,방이동,2024-10,지정,미분류
송파구,방이동,2024-11,지정,미분류|자연녹지
송파구,방이동,2024-12,지정,미분류|자연녹지
송파구,방이동,2025-01,지정,자연녹지
송파구,방이동,2025-02,지정,자연녹지
송파구,방이동,2025-03,지정,자연녹지
송파구,방이동,2025-04,지정,자연녹지
송파구,방이동,2025-05,지정,자연녹지
송파구,방이동,2025-06,지정,자연녹지
송파구,방이동,2025-07,지정,자연녹지
송파구,방이동,2025-08,지정,자연녹지
송파구,방이동,2025-09,지정,자연녹지
송파구,방이동,2025-10,지정,자연녹지
송파구,방이동,2025-11,지정,자연녹지
송파구,방이동,2025-12,지정,자연녹지
송파구,방이동,2026-01,지정,자연녹지
송파구,방이동,2026-02,지정,자연녹지
송파구,방이동,2026-03,지정,자연녹지
송파구,방이동,2026-04,지정,자연녹지
송파구,방이동,2026-05,지정,자연녹지
송파구,방이동,2026-06,지정,자연녹지
송파구,방이동,2026-07,지정,자연녹지
송파구,방이동,2026-08,지정,신규주택공급후보지|자연녹지
송파구,송파동,2023-01,지정,신속통합기획|공공재개발
송파구,송파동,2023-02,지정,신속통합기획|공공재개발
송파구,송파동,2023-03,지정,신속통합기획|공공재개발
송파구,송파동,2023-04,지정,신속통합기획|공공재개발
송파구,송파동,2023-05,지정,신속통합기획|공공재개발
송파구,송파동,2023-06,지정,신속통합기획|공공재개발
송파구,송파동,2023-07,지정,신속통합기획|공공재개발
송파구,송파동,2023-08,지정,신속통합기획|공공재개발
송파구,송파동,2023-09,지정,신속통합기획|공공재개발
송파구,송파동,2023-10,지정,신속통합기획|공공재개발
송파구,송파동,2023-11,지정,신속통합기획|공공재개발
송파구,송파동,2023-12,지정,신속통합기획|공공재개발
송파구,송파동,2024-01,지정,신속통합기획|공공재개발|신속통합기획|공공재개발|정비사업후보지
송파구,송파동,2024-02,지정,신속통합기획|공공재개발|정비사업후보지
송파구,송파동,2024-03,지정,신속통합기획|공공재개발|정비사업후보지
송파구,송파동,2024-04,지정,신속통합기획|공공재개발|정비사업후보지
송파구,송파동,2024-05,지정,신속통합기획|공공재개발|정비사업후보지
송파구,송파동,2024-06,지정,신속통합기획|공공재개발|정비사업후보지
송파구,송파동,2024-07,지정,신속통합기획|공공재개발|정비사업후보지
송파구,송파동,2024-08,지정,신속통합기획|공공재개발|정비사업후보지
송파구,송파동,2024-09,지정,신속통합기획|공공재개발|정비사업후보지
송파구,송파동,2024-10,지정,신속통합기획|공공재개발|정비사업후보지
송파구,송파동,2024-11,지정,신속통합기획|공공재개발|정비사업후보지
송파구,송파동,2024-12,지정,신속통합기획|공공재개발|정비사업후보지
송파구,송파동,2025-01,지정,신속통합기획|공공재개발|정비사업후보지
송파구,신천동,2022-01,지정,미분류
송파구,신천동,2022-02,지정,미분류
송파구,신천동,2022-03,지정,미분류
송파구,신천동,2022-04,지정,미분류
송파구,신천동,2022-05,지정,미분류
송파구,신천동,2022-06,지정,미분류
송파구,신천동,2022-07,지정,미분류
송파구,신천동,2022-08,지정,미분류
송파구,신천동,2022-09,지정,미분류
송파구,신천동,2022-10,지정,미분류
송파구,신천동,2022-11,지정,미분류
송파구,신천동,2022-12,지정,미분류
송파구,신천동,2023-01,지정,미분류|신속통합기획|공공재개발
송파구,신천동,2023-02,지정,신속통합기획|공공재개발
송파구,신천동,2023-03,지정,신속통합기획|공공재개발
송파구,신천동,2023-04,지정,신속통합기획|공공재개발
송파구,신천동,2023-05,지정,신속통합기획|공공재개발
송파구,신천동,2023-06,지정,신속통합기획|공공재개발
송파구,신천동,2023-07,지정,신속통합기획|공공재개발
송파구,신천동,2023-08,지정,신속통합기획|공공재개발
송파구,신천동,2023-09,지정,신속통합기획|공공재개발
송파구,신천동,2023-10,지정,신속통합기획|공공재개발
송파구,신천동,2023-11,지정,신속통합기획|공공재개발
송파구,신천동,2023-12,지정,신속통합기획|공공재개발
송파구,신천동,2024-01,지정,신속통합기획|공공재개발|신속통합기획|공공재개발|정비사업후보지
송파구,신천동,2024-02,지정,신속통합기획|공공재개발|정비사업후보지
송파구,신천동,2024-03,지정,신속통합기획|공공재개발|정비사업후보지
송파구,신천동,2024-04,지정,신속통합기획|공공재개발|정비사업후보지
송파구,신천동,2024-05,지정,신속통합기획|공공재개발|정비사업후보지
송파구,신천동,2024-06,지정,신속통합기획|공공재개발|정비사업후보지
송파구,신천동,2024-07,지정,신속통합기획|공공재개발|정비사업후보지
송파구,신천동,2024-08,지정,신속통합기획|공공재개발|정비사업후보지
송파구,신천동,2024-09,지정,신속통합기획|공공재개발|정비사업후보지
송파구,신천동,2024-10,지정,신속통합기획|공공재개발|정비사업후보지
송파구,신천동,2024-11,지정,신속통합기획|공공재개발|정비사업후보지
송파구,신천동,2024-12,지정,신속통합기획|공공재개발|정비사업후보지
송파구,신천동,2025-01,지정,신속통합기획|공공재개발|정비사업후보지
송파구,오금동,2024-08,지정,미분류
송파구,오금동,2024-09,지정,미분류
송파구,오금동,2024-10,지정,미분류
송파구,오금동,2024-11,지정,미분류|자연녹지
송파구,오금동,2024-12,지정,미분류|자연녹지
송파구,오금동,2025-01,지정,자연녹지
송파구,오금동,2025-02,지정,자연녹지
송파구,오금동,2025-03,지정,자연녹지
송파구,오금동,2025-04,지정,자연녹지
송파구,오금동,2025-05,지정,자연녹지
송파구,오금동,2025-06,지정,자연녹지
송파구,오금동,2025-07,지정,자연녹지
송파구,오금동,2025-08,지정,자연녹지
송파구,오금동,2025-09,지정,자연녹지
송파구,오금동,2025-10,지정,자연녹지
송파구,오금동,2025-11,지정,자연녹지
송파구,오금동,2025-12,지정,자연녹지
송파구,오금동,2026-01,지정,자연녹지
송파구,오금동,2026-02,지정,자연녹지
송파구,오금동,2026-03,지정,자연녹지
송파구,오금동,2026-04,지정,자연녹지
송파구,오금동,2026-05,지정,자연녹지
송파구,오금동,2026-06,지정,자연녹지
송파구,오금동,2026-07,지정,자연녹지
송파구,오금동,2026-08,지정,신규주택공급후보지|자연녹지
송파구,잠실동,2020-06,지정,국제교류복합지구
송파구,잠실동,2020-07,지정,국제교류복합지구
송파구,잠실동,2020-08,지정,국제교류복합지구
송파구,잠실동,2020-09,지정,국제교류복합지구
송파구,잠실동,2020-10,지정,국제교류복합지구
송파구,잠실동,2020-11,지정,국제교류복합지구
송파구,잠실동,2020-12,지정,국제교류복합지구
송파구,잠실동,2021-01,지정,국제교류복합지구
송파구,잠실동,2021-02,지정,국제교류복합지구
송파구,잠실동,2021-03,지정,국제교류복합지구
송파구,잠실동,2021-04,지정,국제교류복합지구
송파구,잠실동,2021-05,지정,국제교류복합지구
송파구,잠실동,2021-06,지정,국제교류복합지구
송파구,잠실동,2021-07,지정,국제교류복합지구
송파구,잠실동,2021-08,지정,국제교류복합지구
송파구,잠실동,2021-09,지정,국제교류복합지구
송파구,잠실동,2021-10,지정,국제교류복합지구
송파구,잠실동,2021-11,지정,국제교류복합지구
송파구,잠실동,2021-12,지정,국제교류복합지구
송파구,잠실동,2022-01,지정,국제교류복합지구
송파구,잠실동,2022-02,지정,국제교류복합지구
송파구,잠실동,2022-03,지정,국제교류복합지구
송파구,잠실동,2022-04,지정,국제교류복합지구
송파구,잠실동,2022-05,지정,국제교류복합지구
송파구,잠실동,2022-06,지정,국제교류복합지구
송파구,잠실동,2022-07,지정,국제교류복합지구
송파구,잠실동,2022-08,지정,국제교류복합지구
송파구,잠실동,2022-09,지정,국제교류복합지구
송파구,잠실동,2022-10,지정,국제교류복합지구
송파구,잠실동,2022-11,지정,국제교류복합지구
송파구,잠실동,2022-12,지정,국제교류복합지구
송파구,잠실동,2023-01,지정,국제교류복합지구
송파구,잠실동,2023-02,지정,국제교류복합지구
송파구,잠실동,2023-03,지정,국제교류복합지구
송파구,잠실동,2023-04,지정,국제교류복합지구
송파구,잠실동,2023-05,지정,국제교류복합지구
송파구,잠실동,2023-06,지정,국제교류복합지구
송파구,잠실동,2023-07,지정,국제교류복합지구
송파구,잠실동,2023-08,지정,국제교류복합지구
송파구,잠실동,2023-09,지정,국제교류복합지구
송파구,잠실동,2023-10,지정,국제교류복합지구
송파구,잠실동,2023-11,지정,국제교류복합지구
송파구,잠실동,2023-12,지정,국제교류복합지구
송파구,잠실동,2024-01,지정,국제교류복합지구
송파구,잠실동,2024-02,지정,국제교류복합지구
송파구,잠실동,2024-03,지정,국제교류복합지구
송파구,잠실동,2024-04,지정,국제교류복합지구
송파구,잠실동,2024-05,지정,국제교류복합지구
송파구,잠실동,2024-06,지정,국제교류복합지구
송파구,잠실동,2024-07,지정,국제교류복합지구
송파구,잠실동,2024-08,지정,국제교류복합지구
송파구,잠실동,2024-09,지정,국제교류복합지구
송파구,잠실동,2024-10,지정,국제교류복합지구
송파구,잠실동,2024-11,지정,국제교류복합지구
송파구,잠실동,2024-12,지정,국제교류복합지구
송파구,잠실동,2025-01,지정,국제교류복합지구
송파구,잠실동,2025-02,지정,국제교류복합지구
송파구,잠실동,2025-03,지정,국제교류복합지구|국제교류복합지구|주요재건축단지
송파구,잠실동,2025-04,지정,국제교류복합지구|국제교류복합지구|주요재건축단지
송파구,잠실동,2025-05,지정,국제교류복합지구|국제교류복합지구|주요재건축단지
송파구,잠실동,2025-06,지정,국제교류복합지구|국제교류복합지구|주요재건축단지
송파구,잠실동,2025-07,지정,국제교류복합지구|주요재건축단지
송파구,잠실동,2025-08,지정,국제교류복합지구|주요재건축단지
송파구,잠실동,2025-09,지정,국제교류복합지구|주요재건축단지
송파구,장지동,2025-03,지정,국제교류복합지구|주요재건축단지
송파구,장지동,2025-04,지정,국제교류복합지구|주요재건축단지
송파구,장지동,2025-05,지정,국제교류복합지구|주요재건축단지
송파구,장지동,2025-06,지정,국제교류복합지구|주요재건축단지
송파구,장지동,2025-07,지정,국제교류복합지구|주요재건축단지
송파구,장지동,2025-08,지정,국제교류복합지구|주요재건축단지
송파구,장지동,2025-09,지정,국제교류복합지구|주요재건축단지
송파구,풍납동,2024-09,지정,주요재건축단지|모아타운
송파구,풍납동,2024-10,지정,주요재건축단지|모아타운
송파구,풍납동,2024-11,지정,주요재건축단지|모아타운
송파구,풍납동,2024-12,지정,주요재건축단지|모아타운
송파구,풍납동,2025-01,지정,주요재건축단지|모아타운
송파구,풍납동,2025-02,지정,주요재건축단지|모아타운
송파구,풍납동,2025-03,지정,국제교류복합지구|주요재건축단지|주요재건축단지|모아타운
송파구,풍납동,2025-04,지정,국제교류복합지구|주요재건축단지|주요재건축단지|모아타운
송파구,풍납동,2025-05,지정,국제교류복합지구|주요재건축단지|주요재건축단지|모아타운
송파구,풍납동,2025-06,지정,국제교류복합지구|주요재건축단지|주요재건축단지|모아타운
송파구,풍납동,2025-07,지정,국제교류복합지구|주요재건축단지|주요재건축단지|모아타운
송파구,풍납동,2025-08,지정,국제교류복합지구|주요재건축단지|주요재건축단지|모아타운
송파구,풍납동,2025-09,지정,국제교류복합지구|주요재건축단지|주요재건축단지|모아타운
송파구,풍납동,2025-10,지정,주요재건축단지|모아타운
송파구,풍납동,2025-11,지정,주요재건축단지|모아타운
송파구,풍납동,2025-12,지정,주요재건축단지|모아타운
송파구,풍납동,2026-01,지정,주요재건축단지|모아타운
송파구,풍납동,2026-02,지정,주요재건축단지|모아타운
송파구,풍납동,2026-03,지정,주요재건축단지|모아타운
송파구,풍납동,2026-04,지정,주요재건축단지|모아타운
송파구,풍납동,2026-05,지정,주요재건축단지|모아타운
송파구,풍납동,2026-06,지정,주요재건축단지|모아타운
송파구,풍납동,2026-07,지정,주요재건축단지|모아타운
송파구,풍납동,2026-08,지정,주요재건축단지|모아타운
양천구,목동,2021-04,지정,주요재건축단지
양천구,목동,2021-05,지정,주요재건축단지
양천구,목동,2021-06,지정,주요재건축단지
양천구,목동,2021-07,지정,주요재건축단지
양천구,목동,2021-08,지정,주요재건축단지
양천구,목동,2021-09,지정,주요재건축단지
양천구,목동,2021-10,지정,주요재건축단지
양천구,목동,2021-11,지정,주요재건축단지
양천구,목동,2021-12,지정,주요재건축단지
양천구,목동,2022-01,지정,주요재건축단지
양천구,목동,2022-02,지정,주요재건축단지
양천구,목동,2022-03,지정,주요재건축단지
양천구,목동,2022-04,지정,주요재건축단지
양천구,목동,2022-05,지정,주요재건축단지
양천구,목동,2022-06,지정,주요재건축단지
양천구,목동,2022-07,지정,주요재건축단지
양천구,목동,2022-08,지정,주요재건축단지
양천구,목동,2022-09,지정,주요재건축단지
양천구,목동,2022-10,지정,주요재건축단지
양천구,목동,2022-11,지정,주요재건축단지
양천구,목동,2022-12,지정,주요재건축단지
양천구,목동,2023-01,지정,주요재건축단지|주요재건축단지|정비사업후보지
양천구,목동,2023-02,지정,주요재건축단지|주요재건축단지|정비사업후보지
양천구,목동,2023-03,지정,주요재건축단지|주요재건축단지|정비사업후보지
양천구,목동,2023-04,지정,주요재건축단지|주요재건축단지|정비사업후보지
양천구,목동,2023-05,지정,주요재건축단지|주요재건축단지|정비사업후보지
양천구,목동,2023-06,지정,주요재건축단지|주요재건축단지|정비사업후보지
양천구,목동,2023-07,지정,주요재건축단지|주요재건축단지|정비사업후보지
양천구,목동,2023-08,지정,주요재건축단지|주요재건축단지|정비사업후보지
양천구,목동,2023-09,지정,주요재건축단지|주요재건축단지|정비사업후보지
양천구,목동,2023-10,지정,주요재건축단지|주요재건축단지|정비사업후보지
양천구,목동,2023-11,지정,주요재건축단지|주요재건축단지|정비사업후보지
양천구,목동,2023-12,지정,주요재건축단지|주요재건축단지|정비사업후보지
양천구,목동,2024-01,지정,주요재건축단지|주요재건축단지|정비사업후보지
양천구,목동,2024-02,지정,주요재건축단지
양천구,목동,2024-03,지정,주요재건축단지
양천구,목동,2024-04,지정,주요재건축단지
양천구,목동,2024-05,지정,주요재건축단지
양천구,목동,2024-06,지정,주요재건축단지
양천구,목동,2024-07,지정,주요재건축단지
양천구,목동,2024-08,지정,주요재건축단지
양천구,목동,2024-09,지정,주요재건축단지|주요재건축단지|모아타운
양천구,목동,2024-10,지정,주요재건축단지|주요재건축단지|모아타운
양천구,목동,2024-11,지정,주요재건축단지|주요재건축단지|모아타운
양천구,목동,2024-12,지정,주요재건축단지|주요재건축단지|모아타운
양천구,목동,2025-01,지정,주요재건축단지|주요재건축단지|모아타운
양천구,목동,2025-02,지정,주요재건축단지|주요재건축단지|모아타운
양천구,목동,2025-03,지정,주요재건축단지|주요재건축단지|모아타운
양천구,목동,2025-04,지정,주요재건축단지|주요재건축단지|모아타운|주요재건축단지|신속통합기획|모아타운|정비사업후보지
양천구,목동,2025-05,지정,주요재건축단지|주요재건축단지|모아타운|주요재건축단지|신속통합기획|모아타운|정비사업후보지
양천구,목동,2025-06,지정,주요재건축단지|주요재건축단지|모아타운|주요재건축단지|신속통합기획|모아타운|정비사업후보지
양천구,목동,2025-07,지정,주요재건축단지|주요재건축단지|모아타운|주요재건축단지|신속통합기획|모아타운|정비사업후보지
양천구,목동,2025-08,지정,주요재건축단지|주요재건축단지|모아타운|주요재건축단지|신속통합기획|모아타운|정비사업후보지
양천구,목동,2025-09,지정,주요재건축단지|주요재건축단지|모아타운|주요재건축단지|신속통합기획|모아타운|정비사업후보지
양천구,목동,2025-10,지정,주요재건축단지|주요재건축단지|모아타운|주요재건축단지|신속통합기획|모아타운|정비사업후보지
양천구,목동,2025-11,지정,주요재건축단지|주요재건축단지|모아타운|주요재건축단지|신속통합기획|모아타운|정비사업후보지
양천구,목동,2025-12,지정,주요재건축단지|주요재건축단지|모아타운|주요재건축단지|신속통합기획|모아타운|정비사업후보지
양천구,목동,2026-01,지정,주요재건축단지|주요재건축단지|모아타운|주요재건축단지|신속통합기획|모아타운|정비사업후보지
양천구,목동,2026-02,지정,주요재건축단지|주요재건축단지|모아타운|주요재건축단지|신속통합기획|모아타운|정비사업후보지
양천구,목동,2026-03,지정,주요재건축단지|주요재건축단지|모아타운|주요재건축단지|신속통합기획|모아타운|정비사업후보지
양천구,목동,2026-04,지정,주요재건축단지|주요재건축단지|모아타운|주요재건축단지|신속통합기획|모아타운|정비사업후보지
양천구,목동,2026-05,지정,주요재건축단지|주요재건축단지|모아타운
양천구,목동,2026-06,지정,주요재건축단지|주요재건축단지|모아타운
양천구,목동,2026-07,지정,주요재건축단지|주요재건축단지|모아타운
양천구,목동,2026-08,지정,주요재건축단지|주요재건축단지|모아타운
양천구,신월7동,2021-04,지정,공공재개발
양천구,신월7동,2021-05,지정,공공재개발
양천구,신월7동,2021-06,지정,공공재개발
양천구,신월7동,2021-07,지정,공공재개발
양천구,신월7동,2021-08,지정,공공재개발
양천구,신월7동,2021-09,지정,공공재개발
양천구,신월7동,2021-10,지정,공공재개발
양천구,신월7동,2021-11,지정,공공재개발
양천구,신월7동,2021-12,지정,공공재개발
양천구,신월7동,2022-01,지정,공공재개발
양천구,신월7동,2022-02,지정,공공재개발
양천구,신월7동,2022-03,지정,공공재개발
양천구,신월7동,2022-04,지정,공공재개발
양천구,신월7동,2022-05,지정,공공재개발
양천구,신월7동,2022-06,지정,공공재개발
양천구,신월7동,2022-07,지정,공공재개발
양천구,신월7동,2022-08,지정,공공재개발
양천구,신월7동,2022-09,지정,공공재개발
양천구,신월7동,2022-10,지정,공공재개발
양천구,신월7동,2022-11,지정,공공재개발
양천구,신월7동,2022-12,지정,공공재개발
양천구,신월7동,2023-01,지정,공공재개발
양천구,신월7동,2023-02,지정,공공재개발
양천구,신월7동,2023-03,지정,공공재개발
양천구,신월7동,2023-04,지정,공공재개발|신속통합기획|공공재개발
양천구,신월7동,2023-05,지정,신속통합기획|공공재개발
양천구,신월7동,2023-06,지정,신속통합기획|공공재개발
양천구,신월7동,2023-07,지정,신속통합기획|공공재개발
양천구,신월7동,2023-08,지정,신속통합기획|공공재개발
양천구,신월7동,2023-09,지정,신속통합기획|공공재개발
양천구,신월7동,2023-10,지정,신속통합기획|공공재개발
양천구,신월7동,2023-11,지정,신속통합기획|공공재개발
양천구,신월7동,2023-12,지정,신속통합기획|공공재개발
양천구,신월7동,2024-01,지정,신속통합기획|공공재개발
양천구,신월7동,2024-02,지정,신속통합기획|공공재개발
양천구,신월7동,2024-03,지정,신속통합기획|공공재개발
양천구,신월7동,2024-04,지정,신속통합기획|공공재개발|신속통합기획|공공재개발|정비사업후보지
양천구,신월7동,2024-05,지정,신속통합기획|공공재개발|정비사업후보지
양천구,신월7동,2024-06,지정,신속통합기획|공공재개발|정비사업후보지
양천구,신월7동,2024-07,지정,신속통합기획|공공재개발|정비사업후보지
양천구,신월7동,2024-08,지정,신속통합기획|공공재개발|정비사업후보지
양천구,신월7동,2024-09,지정,신속통합기획|공공재개발|정비사업후보지
양천구,신월7동,2024-10,지정,신속통합기획|공공재개발|정비사업후보지
양천구,신월7동,2024-11,지정,신속통합기획|공공재개발|정비사업후보지
양천구,신월7동,2024-12,지정,신속통합기획|공공재개발|정비사업후보지
양천구,신월7동,2025-01,지정,신속통합기획|공공재개발|정비사업후보지
양천구,신월7동,2025-02,지정,신속통합기획|공공재개발|정비사업후보지
양천구,신월7동,2025-03,지정,신속통합기획|공공재개발|정비사업후보지
양천구,신월7동,2025-04,지정,신속통합기획|공공재개발|정비사업후보지
양천구,신월동,2023-12,지정,주요재건축단지|신속통합기획|정비사업후보지
양천구,신월동,2024-01,지정,주요재건축단지|신속통합기획|정비사업후보지
양천구,신월동,2024-02,지정,주요재건축단지|신속통합기획|정비사업후보지
양천구,신월동,2024-03,지정,주요재건축단지|신속통합기획|정비사업후보지
양천구,신월동,2024-04,지정,주요재건축단지|신속통합기획|정비사업후보지
양천구,신월동,2024-05,지정,주요재건축단지|신속통합기획|정비사업후보지
양천구,신월동,2024-06,지정,주요재건축단지|신속통합기획|정비사업후보지
양천구,신월동,2024-07,지정,주요재건축단지|신속통합기획|정비사업후보지
양천구,신월동,2024-08,지정,국제교류복합지구|주요재건축단지|신속통합기획|정비사업후보지
양천구,신월동,2024-09,지정,국제교류복합지구|주요재건축단지|주요재건축단지|모아타운|주요재건축단지|신속통합기획|정비사업후보지
양천구,신월동,2024-10,지정,국제교류복합지구|주요재건축단지|주요재건축단지|모아타운|주요재건축단지|신속통합기획|정비사업후보지
양천구,신월동,2024-11,지정,국제교류복합지구|주요재건축단지|주요재건축단지|모아타운|주요재건축단지|신속통합기획|정비사업후보지
양천구,신월동,2024-12,지정,국제교류복합지구|주요재건축단지|주요재건축단지|모아타운|주요재건축단지|신속통합기획|정비사업후보지
양천구,신월동,2025-01,지정,주요재건축단지|주요재건축단지|모아타운|주요재건축단지|신속통합기획|공공재개발|정비사업후보지
양천구,신월동,2025-02,지정,주요재건축단지|주요재건축단지|모아타운|주요재건축단지|신속통합기획|공공재개발|정비사업후보지
양천구,신월동,2025-03,지정,주요재건축단지|주요재건축단지|모아타운|주요재건축단지|신속통합기획|공공재개발|정비사업후보지
양천구,신월동,2025-04,지정,주요재건축단지|주요재건축단지|모아타운|주요재건축단지|신속통합기획|공공재개발|정비사업후보지
양천구,신월동,2025-05,지정,주요재건축단지|주요재건축단지|모아타운|주요재건축단지|신속통합기획|공공재개발|정비사업후보지
양천구,신월동,2025-06,지정,주요재건축단지|주요재건축단지|모아타운|주요재건축단지|신속통합기획|공공재개발|정비사업후보지
양천구,신월동,2025-07,지정,주요재건축단지|주요재건축단지|모아타운|주요재건축단지|신속통합기획|공공재개발|정비사업후보지
양천구,신월동,2025-08,지정,주요재건축단지|주요재건축단지|모아타운|주요재건축단지|신속통합기획|공공재개발|정비사업후보지
양천구,신월동,2025-09,지정,주요재건축단지|주요재건축단지|모아타운|주요재건축단지|신속통합기획|공공재개발|정비사업후보지
양천구,신월동,2025-10,지정,주요재건축단지|주요재건축단지|모아타운|주요재건축단지|신속통합기획|공공재개발|정비사업후보지
양천구,신월동,2025-11,지정,주요재건축단지|주요재건축단지|모아타운|주요재건축단지|신속통합기획|공공재개발|정비사업후보지
양천구,신월동,2025-12,지정,주요재건축단지|주요재건축단지|모아타운|주요재건축단지|신속통합기획|공공재개발|정비사업후보지
양천구,신월동,2026-01,지정,주요재건축단지|주요재건축단지|모아타운|주요재건축단지|신속통합기획|공공재개발|정비사업후보지
양천구,신월동,2026-02,지정,주요재건축단지|주요재건축단지|모아타운
양천구,신월동,2026-03,지정,주요재건축단지|주요재건축단지|모아타운
양천구,신월동,2026-04,지정,주요재건축단지|주요재건축단지|모아타운
양천구,신월동,2026-05,지정,주요재건축단지|주요재건축단지|모아타운
양천구,신월동,2026-06,지정,주요재건축단지|주요재건축단지|모아타운
양천구,신월동,2026-07,지정,주요재건축단지|주요재건축단지|모아타운
양천구,신월동,2026-08,지정,신규주택공급후보지|주요재건축단지|주요재건축단지|모아타운
양천구,신정동,2022-01,지정,미분류
양천구,신정동,2022-02,지정,미분류
양천구,신정동,2022-03,지정,미분류
양천구,신정동,2022-04,지정,미분류
양천구,신정동,2022-05,지정,미분류
양천구,신정동,2022-06,지정,미분류
양천구,신정동,2022-07,지정,미분류
양천구,신정동,2022-08,지정,미분류
양천구,신정동,2022-09,지정,미분류
양천구,신정동,2022-10,지정,미분류
양천구,신정동,2022-11,지정,미분류
양천구,신정동,2022-12,지정,미분류
양천구,신정동,2023-01,지정,미분류|신속통합기획|공공재개발
양천구,신정동,2023-02,지정,신속통합기획|공공재개발
양천구,신정동,2023-03,지정,신속통합기획|공공재개발
양천구,신정동,2023-04,지정,신속통합기획|공공재개발
양천구,신정동,2023-05,지정,신속통합기획|공공재개발
양천구,신정동,2023-06,지정,신속통합기획|공공재개발
양천구,신정동,2023-07,지정,신속통합기획|공공재개발
양천구,신정동,2023-08,지정,신속통합기획|공공재개발
양천구,신정동,2023-09,지정,신속통합기획|공공재개발
양천구,신정동,2023-10,지정,신속통합기획|공공재개발
양천구,신정동,2023-11,지정,신속통합기획|공공재개발
양천구,신정동,2023-12,지정,신속통합기획|공공재개발
양천구,신정동,2024-01,지정,신속통합기획|공공재개발|신속통합기획|공공재개발|정비사업후보지
양천구,신정동,2024-02,지정,신속통합기획|공공재개발|정비사업후보지
양천구,신정동,2024-03,지정,신속통합기획|공공재개발|정비사업후보지
양천구,신정동,2024-04,지정,신속통합기획|공공재개발|정비사업후보지
양천구,신정동,2024-05,지정,신속통합기획|공공재개발|정비사업후보지
양천구,신정동,2024-06,지정,신속통합기획|공공재개발|정비사업후보지
양천구,신정동,2024-07,지정,신속통합기획|공공재개발|정비사업후보지
양천구,신정동,2024-08,지정,국제교류복합지구|신속통합기획|공공재개발|정비사업후보지
양천구,신정동,2024-09,지정,국제교류복합지구|신속통합기획|공공재개발|정비사업후보지
양천구,신정동,2024-10,지정,국제교류복합지구|신속통합기획|공공재개발|정비사업후보지
양천구,신정동,2024-11,지정,국제교류복합지구|신속통합기획|공공재개발|정비사업후보지
양천구,신정동,2024-12,지정,국제교류복합지구|신속통합기획|공공재개발|정비사업후보지
양천구,신정동,2025-01,지정,신속통합기획|공공재개발|정비사업후보지
양천구,신정동,2025-02,불명,
양천구,신정동,2025-03,불명,
양천구,신정동,2025-04,지정,주요재건축단지|신속통합기획|모아타운|정비사업후보지
양천구,신정동,2025-05,지정,주요재건축단지|신속통합기획|모아타운|정비사업후보지
양천구,신정동,2025-06,지정,주요재건축단지|신속통합기획|모아타운|정비사업후보지
양천구,신정동,2025-07,지정,주요재건축단지|신속통합기획|모아타운|정비사업후보지
양천구,신정동,2025-08,지정,주요재건축단지|신속통합기획|모아타운|정비사업후보지
양천구,신정동,2025-09,지정,주요재건축단지|신속통합기획|모아타운|정비사업후보지
양천구,신정동,2025-10,지정,주요재건축단지|신속통합기획|모아타운|정비사업후보지
양천구,신정동,2025-11,지정,주요재건축단지|신속통합기획|모아타운|정비사업후보지
양천구,신정동,2025-12,지정,주요재건축단지|신속통합기획|모아타운|정비사업후보지
양천구,신정동,2026-01,지정,주요재건축단지|신속통합기획|모아타운|정비사업후보지
양천구,신정동,2026-02,지정,주요재건축단지|신속통합기획|모아타운|정비사업후보지
양천구,신정동,2026-03,지정,주요재건축단지|신속통합기획|모아타운|정비사업후보지
양천구,신정동,2026-04,지정,주요재건축단지|신속통합기획|모아타운|정비사업후보지
양천구,신정동,2026-05,불명,
양천구,신정동,2026-06,불명,
양천구,신정동,2026-07,불명,
양천구,신정동,2026-08,지정,신규주택공급후보지
영등포구,당산동6가,2022-01,지정,정비사업후보지
영등포구,당산동6가,2022-02,지정,정비사업후보지
영등포구,당산동6가,2022-03,지정,정비사업후보지
영등포구,당산동6가,2022-04,지정,정비사업후보지
영등포구,당산동6가,2022-05,지정,정비사업후보지
영등포구,당산동6가,2022-06,지정,정비사업후보지
영등포구,당산동6가,2022-07,지정,정비사업후보지
영등포구,당산동6가,2022-08,지정,정비사업후보지
영등포구,당산동6가,2022-09,지정,정비사업후보지
영등포구,당산동6가,2022-10,지정,정비사업후보지
영등포구,당산동6가,2022-11,지정,정비사업후보지
영등포구,당산동6가,2022-12,지정,정비사업후보지
영등포구,당산동6가,2023-01,지정,정비사업후보지
영등포구,당산동6가,2023-02,지정,정비사업후보지
영등포구,당산동6가,2023-03,지정,정비사업후보지
영등포구,당산동6가,2023-04,지정,정비사업후보지
영등포구,당산동6가,2023-05,지정,정비사업후보지
영등포구,당산동6가,2023-06,지정,정비사업후보지
영등포구,당산동6가,2023-07,지정,정비사업후보지
영등포구,당산동6가,2023-08,지정,정비사업후보지
영등포구,당산동6가,2023-09,지정,정비사업후보지
영등포구,당산동6가,2023-10,지정,정비사업후보지
영등포구,당산동6가,2023-11,지정,정비사업후보지
영등포구,당산동6가,2023-12,지정,정비사업후보지
영등포구,당산동6가,2024-01,지정,정비사업후보지
영등포구,당산동6가,2024-02,불명,
영등포구,당산동6가,2024-03,불명,
영등포구,당산동6가,2024-04,불명,
영등포구,당산동6가,2024-05,불명,
영등포구,당산동6가,2024-06,불명,
영등포구,당산동6가,2024-07,불명,
영등포구,당산동6가,2024-08,불명,
영등포구,당산동6가,2024-09,불명,
영등포구,당산동6가,2024-10,불명,
영등포구,당산동6가,2024-11,불명,
영등포구,당산동6가,2024-12,불명,
영등포구,당산동6가,2025-01,지정,주요재건축단지|신속통합기획|공공재개발|정비사업후보지
영등포구,당산동6가,2025-02,지정,주요재건축단지|신속통합기획|공공재개발|정비사업후보지
영등포구,당산동6가,2025-03,지정,주요재건축단지|신속통합기획|공공재개발|정비사업후보지
영등포구,당산동6가,2025-04,지정,주요재건축단지|신속통합기획|공공재개발|정비사업후보지
영등포구,당산동6가,2025-05,지정,주요재건축단지|신속통합기획|공공재개발|정비사업후보지
영등포구,당산동6가,2025-06,지정,주요재건축단지|신속통합기획|공공재개발|정비사업후보지
영등포구,당산동6가,2025-07,지정,주요재건축단지|신속통합기획|공공재개발|정비사업후보지
영등포구,당산동6가,2025-08,지정,주요재건축단지|신속통합기획|공공재개발|정비사업후보지
영등포구,당산동6가,2025-09,지정,주요재건축단지|신속통합기획|공공재개발|정비사업후보지
영등포구,당산동6가,2025-10,지정,주요재건축단지|신속통합기획|공공재개발|정비사업후보지
영등포구,당산동6가,2025-11,지정,주요재건축단지|신속통합기획|공공재개발|정비사업후보지
영등포구,당산동6가,2025-12,지정,주요재건축단지|신속통합기획|공공재개발|정비사업후보지
영등포구,당산동6가,2026-01,지정,주요재건축단지|신속통합기획|공공재개발|정비사업후보지
영등포구,대림동,2022-01,지정,미분류
영등포구,대림동,2022-02,지정,미분류
영등포구,대림동,2022-03,지정,미분류
영등포구,대림동,2022-04,지정,미분류
영등포구,대림동,2022-05,지정,미분류
영등포구,대림동,2022-06,지정,미분류
영등포구,대림동,2022-07,지정,미분류
영등포구,대림동,2022-08,지정,미분류
영등포구,대림동,2022-09,지정,미분류
영등포구,대림동,2022-10,지정,미분류
영등포구,대림동,2022-11,지정,미분류
영등포구,대림동,2022-12,지정,미분류
영등포구,대림동,2023-01,지정,미분류|주요재건축단지|정비사업후보지
영등포구,대림동,2023-02,지정,주요재건축단지|정비사업후보지
영등포구,대림동,2023-03,지정,주요재건축단지|정비사업후보지
영등포구,대림동,2023-04,지정,주요재건축단지|정비사업후보지
영등포구,대림동,2023-05,지정,주요재건축단지|정비사업후보지
영등포구,대림동,2023-06,지정,주요재건축단지|정비사업후보지
영등포구,대림동,2023-07,지정,주요재건축단지|정비사업후보지
영등포구,대림동,2023-08,지정,주요재건축단지|정비사업후보지
영등포구,대림동,2023-09,지정,주요재건축단지|정비사업후보지
영등포구,대림동,2023-10,지정,주요재건축단지|정비사업후보지
영등포구,대림동,2023-11,지정,주요재건축단지|정비사업후보지
영등포구,대림동,2023-12,지정,주요재건축단지|정비사업후보지
영등포구,대림동,2024-01,지정,주요재건축단지|정비사업후보지
영등포구,신길동,2021-04,지정,공공재개발
영등포구,신길동,2021-05,지정,공공재개발
영등포구,신길동,2021-06,지정,공공재개발
영등포구,신길동,2021-07,지정,공공재개발
영등포구,신길동,2021-08,지정,공공재개발
영등포구,신길동,2021-09,지정,공공재개발
영등포구,신길동,2021-10,지정,공공재개발
영등포구,신길동,2021-11,지정,공공재개발
영등포구,신길동,2021-12,지정,공공재개발
영등포구,신길동,2022-01,지정,공공재개발|미분류
영등포구,신길동,2022-02,지정,공공재개발|미분류
영등포구,신길동,2022-03,지정,공공재개발|미분류
영등포구,신길동,2022-04,지정,공공재개발|미분류
영등포구,신길동,2022-05,지정,공공재개발|미분류
영등포구,신길동,2022-06,지정,공공재개발|미분류
영등포구,신길동,2022-07,지정,공공재개발|미분류
영등포구,신길동,2022-08,지정,공공재개발|미분류
영등포구,신길동,2022-09,지정,공공재개발|미분류
영등포구,신길동,2022-10,지정,공공재개발|미분류
영등포구,신길동,2022-11,지정,공공재개발|미분류
영등포구,신길동,2022-12,지정,공공재개발|미분류
영등포구,신길동,2023-01,지정,공공재개발|미분류|신속통합기획|공공재개발
영등포구,신길동,2023-02,지정,공공재개발|신속통합기획|공공재개발
영등포구,신길동,2023-03,지정,공공재개발|신속통합기획|공공재개발
영등포구,신길동,2023-04,지정,공공재개발|신속통합기획|공공재개발
영등포구,신길동,2023-05,지정,신속통합기획|공공재개발
영등포구,신길동,2023-06,지정,신속통합기획|공공재개발
영등포구,신길동,2023-07,지정,신속통합기획|공공재개발
영등포구,신길동,2023-08,지정,신속통합기획|공공재개발
영등포구,신길동,2023-09,지정,신속통합기획|공공재개발
영등포구,신길동,2023-10,지정,신속통합기획|공공재개발
영등포구,신길동,2023-11,지정,신속통합기획|공공재개발
영등포구,신길동,2023-12,지정,신속통합기획|공공재개발
영등포구,신길동,2024-01,지정,신속통합기획|공공재개발|신속통합기획|공공재개발|정비사업후보지
영등포구,신길동,2024-02,지정,신속통합기획|공공재개발|신속통합기획|공공재개발|정비사업후보지
영등포구,신길동,2024-03,지정,신속통합기획|공공재개발|신속통합기획|공공재개발|정비사업후보지
영등포구,신길동,2024-04,지정,신속통합기획|공공재개발|신속통합기획|공공재개발|정비사업후보지
영등포구,신길동,2024-05,지정,신속통합기획|공공재개발|정비사업후보지
영등포구,신길동,2024-06,지정,신속통합기획|공공재개발|정비사업후보지
영등포구,신길동,2024-07,지정,신속통합기획|공공재개발|정비사업후보지
영등포구,신길동,2024-08,지정,신속통합기획|공공재개발|정비사업후보지
영등포구,신길동,2024-09,지정,신속통합기획|공공재개발|정비사업후보지
영등포구,신길동,2024-10,지정,신속통합기획|공공재개발|정비사업후보지
영등포구,신길동,2024-11,지정,신속통합기획|공공재개발|정비사업후보지
영등포구,신길동,2024-12,지정,신속통합기획|공공재개발|정비사업후보지
영등포구,신길동,2025-01,지정,신속통합기획|공공재개발|정비사업후보지
영등포구,신길동,2025-02,지정,신속통합기획|공공재개발|정비사업후보지
영등포구,신길동,2025-03,지정,신속통합기획|공공재개발|정비사업후보지
영등포구,신길동,2025-04,지정,신속통합기획|공공재개발|정비사업후보지
영등포구,양평동2가,2024-01,지정,신속통합기획|공공재개발|정비사업후보지
영등포구,양평동2가,2024-02,지정,신속통합기획|공공재개발|정비사업후보지
영등포구,양평동2가,2024-03,지정,신속통합기획|공공재개발|정비사업후보지
영등포구,양평동2가,2024-04,지정,신속통합기획|공공재개발|정비사업후보지
영등포구,양평동2가,2024-05,지정,신속통합기획|공공재개발|정비사업후보지
영등포구,양평동2가,2024-06,지정,신속통합기획|공공재개발|정비사업후보지
영등포구,양평동2가,2024-07,지정,신속통합기획|공공재개발|정비사업후보지
영등포구,양평동2가,2024-08,지정,신속통합기획|공공재개발|정비사업후보지
영등포구,양평동2가,2024-09,지정,신속통합기획|공공재개발|정비사업후보지
영등포구,양평동2가,2024-10,지정,신속통합기획|공공재개발|정비사업후보지
영등포구,양평동2가,2024-11,지정,신속통합기획|공공재개발|정비사업후보지
영등포구,양평동2가,2024-12,지정,신속통합기획|공공재개발|정비사업후보지
영등포구,양평동2가,2025-01,지정,신속통합기획|공공재개발|정비사업후보지|주요재건축단지|신속통합기획|공공재개발|정비사업후보지
영등포구,양평동2가,2025-02,지정,주요재건축단지|신속통합기획|공공재개발|정비사업후보지
영등포구,양평동2가,2025-03,지정,주요재건축단지|신속통합기획|공공재개발|정비사업후보지
영등포구,양평동2가,2025-04,지정,주요재건축단지|신속통합기획|공공재개발|정비사업후보지
영등포구,양평동2가,2025-05,지정,주요재건축단지|신속통합기획|공공재개발|정비사업후보지
영등포구,양평동2가,2025-06,지정,주요재건축단지|신속통합기획|공공재개발|정비사업후보지
영등포구,양평동2가,2025-07,지정,주요재건축단지|신속통합기획|공공재개발|정비사업후보지
영등포구,양평동2가,2025-08,지정,주요재건축단지|신속통합기획|공공재개발|정비사업후보지
영등포구,양평동2가,2025-09,지정,주요재건축단지|신속통합기획|공공재개발|정비사업후보지
영등포구,양평동2가,2025-10,지정,주요재건축단지|신속통합기획|공공재개발|정비사업후보지
영등포구,양평동2가,2025-11,지정,주요재건축단지|신속통합기획|공공재개발|정비사업후보지
영등포구,양평동2가,2025-12,지정,주요재건축단지|신속통합기획|공공재개발|정비사업후보지
영등포구,양평동2가,2026-01,지정,주요재건축단지|신속통합기획|공공재개발|정비사업후보지
영등포구,양평동6가,2023-01,지정,주요재건축단지|정비사업후보지
영등포구,양평동6가,2023-02,지정,주요재건축단지|정비사업후보지
영등포구,양평동6가,2023-03,지정,주요재건축단지|정비사업후보지
영등포구,양평동6가,2023-04,지정,주요재건축단지|정비사업후보지
영등포구,양평동6가,2023-05,지정,주요재건축단지|정비사업후보지
영등포구,양평동6가,2023-06,지정,주요재건축단지|정비사업후보지
영등포구,양평동6가,2023-07,지정,주요재건축단지|정비사업후보지
영등포구,양평동6가,2023-08,지정,주요재건축단지|정비사업후보지
영등포구,양평동6가,2023-09,지정,주요재건축단지|정비사업후보지
영등포구,양평동6가,2023-10,지정,주요재건축단지|정비사업후보지
영등포구,양평동6가,2023-11,지정,주요재건축단지|정비사업후보지
영등포구,양평동6가,2023-12,지정,주요재건축단지|정비사업후보지
영등포구,양평동6가,2024-01,지정,주요재건축단지|정비사업후보지
영등포구,여의도동,2021-04,지정,주요재건축단지
영등포구,여의도동,2021-05,지정,주요재건축단지
영등포구,여의도동,2021-06,지정,주요재건축단지
영등포구,여의도동,2021-07,지정,주요재건축단지
영등포구,여의도동,2021-08,지정,주요재건축단지
영등포구,여의도동,2021-09,지정,주요재건축단지
영등포구,여의도동,2021-10,지정,주요재건축단지
영등포구,여의도동,2021-11,지정,주요재건축단지
영등포구,여의도동,2021-12,지정,주요재건축단지
영등포구,여의도동,2022-01,지정,주요재건축단지
영등포구,여의도동,2022-02,지정,주요재건축단지
영등포구,여의도동,2022-03,지정,주요재건축단지
영등포구,여의도동,2022-04,지정,주요재건축단지
영등포구,여의도동,2022-05,지정,주요재건축단지
영등포구,여의도동,2022-06,지정,주요재건축단지
영등포구,여의도동,2022-07,지정,주요재건축단지
영등포구,여의도동,2022-08,지정,주요재건축단지
영등포구,여의도동,2022-09,지정,주요재건축단지
영등포구,여의도동,2022-10,지정,주요재건축단지
영등포구,여의도동,2022-11,지정,주요재건축단지
영등포구,여의도동,2022-12,지정,주요재건축단지
영등포구,여의도동,2023-01,지정,주요재건축단지
영등포구,여의도동,2023-02,지정,주요재건축단지
영등포구,여의도동,2023-03,지정,주요재건축단지
영등포구,여의도동,2023-04,지정,주요재건축단지
영등포구,여의도동,2023-05,지정,주요재건축단지
영등포구,여의도동,2023-06,지정,주요재건축단지
영등포구,여의도동,2023-07,지정,주요재건축단지
영등포구,여의도동,2023-08,지정,주요재건축단지
영등포구,여의도동,2023-09,지정,주요재건축단지
영등포구,여의도동,2023-10,지정,주요재건축단지
영등포구,여의도동,2023-11,지정,주요재건축단지
영등포구,여의도동,2023-12,지정,주요재건축단지
영등포구,여의도동,2024-01,지정,주요재건축단지
영등포구,여의도동,2024-02,지정,주요재건축단지
영등포구,여의도동,2024-03,지정,주요재건축단지
영등포구,여의도동,2024-04,지정,주요재건축단지
영등포구,여의도동,2024-05,지정,주요재건축단지
영등포구,여의도동,2024-06,지정,주요재건축단지
영등포구,여의도동,2024-07,지정,주요재건축단지
영등포구,여의도동,2024-08,지정,주요재건축단지
영등포구,여의도동,2024-09,지정,주요재건축단지
영등포구,여의도동,2024-10,지정,주요재건축단지
영등포구,여의도동,2024-11,지정,주요재건축단지
영등포구,여의도동,2024-12,지정,주요재건축단지
영등포구,여의도동,2025-01,지정,주요재건축단지
영등포구,여의도동,2025-02,지정,주요재건축단지
영등포구,여의도동,2025-03,지정,주요재건축단지
영등포구,여의도동,2025-04,지정,주요재건축단지|주요재건축단지|신속통합기획|모아타운|정비사업후보지
영등포구,여의도동,2025-05,지정,주요재건축단지|신속통합기획|모아타운|정비사업후보지
영등포구,여의도동,2025-06,지정,주요재건축단지|신속통합기획|모아타운|정비사업후보지
영등포구,여의도동,2025-07,지정,주요재건축단지|신속통합기획|모아타운|정비사업후보지
영등포구,여의도동,2025-08,지정,주요재건축단지|신속통합기획|모아타운|정비사업후보지
영등포구,여의도동,2025-09,지정,주요재건축단지|신속통합기획|모아타운|정비사업후보지
영등포구,여의도동,2025-10,지정,주요재건축단지|신속통합기획|모아타운|정비사업후보지
영등포구,여의도동,2025-11,지정,주요재건축단지|신속통합기획|모아타운|정비사업후보지
영등포구,여의도동,2025-12,지정,주요재건축단지|신속통합기획|모아타운|정비사업후보지
영등포구,여의도동,2026-01,지정,주요재건축단지|신속통합기획|모아타운|정비사업후보지
영등포구,여의도동,2026-02,지정,주요재건축단지|신속통합기획|모아타운|정비사업후보지
영등포구,여의도동,2026-03,지정,주요재건축단지|신속통합기획|모아타운|정비사업후보지
영등포구,여의도동,2026-04,지정,주요재건축단지|신속통합기획|모아타운|정비사업후보지
용산구,산천동,2024-09,지정,주요재건축단지|모아타운
용산구,산천동,2024-10,지정,주요재건축단지|모아타운
용산구,산천동,2024-11,지정,주요재건축단지|모아타운
용산구,산천동,2024-12,지정,주요재건축단지|모아타운
용산구,산천동,2025-01,지정,주요재건축단지|모아타운
용산구,산천동,2025-02,지정,주요재건축단지|모아타운
용산구,산천동,2025-03,지정,주요재건축단지|모아타운
용산구,산천동,2025-04,지정,주요재건축단지|모아타운
용산구,산천동,2025-05,지정,주요재건축단지|모아타운
용산구,산천동,2025-06,지정,주요재건축단지|모아타운
용산구,산천동,2025-07,지정,주요재건축단지|모아타운
용산구,산천동,2025-08,지정,주요재건축단지|모아타운
용산구,산천동,2025-09,지정,주요재건축단지|모아타운
용산구,산천동,2025-10,지정,주요재건축단지|모아타운
용산구,산천동,2025-11,지정,주요재건축단지|모아타운
용산구,산천동,2025-12,지정,주요재건축단지|모아타운
용산구,산천동,2026-01,지정,주요재건축단지|모아타운
용산구,산천동,2026-02,지정,주요재건축단지|모아타운
용산구,산천동,2026-03,지정,주요재건축단지|모아타운
용산구,산천동,2026-04,지정,주요재건축단지|모아타운
용산구,산천동,2026-05,지정,주요재건축단지|모아타운
용산구,산천동,2026-06,지정,주요재건축단지|모아타운
용산구,산천동,2026-07,지정,주요재건축단지|모아타운
용산구,산천동,2026-08,지정,주요재건축단지|모아타운
용산구,서계동,2022-01,지정,미분류
용산구,서계동,2022-02,지정,미분류
용산구,서계동,2022-03,지정,미분류
용산구,서계동,2022-04,지정,미분류
용산구,서계동,2022-05,지정,미분류
용산구,서계동,2022-06,지정,미분류
용산구,서계동,2022-07,지정,미분류
용산구,서계동,2022-08,지정,미분류
용산구,서계동,2022-09,지정,미분류
용산구,서계동,2022-10,지정,미분류
용산구,서계동,2022-11,지정,미분류
용산구,서계동,2022-12,지정,미분류
용산구,서계동,2023-01,지정,미분류|주요재건축단지|정비사업후보지
용산구,서계동,2023-02,지정,주요재건축단지|정비사업후보지
용산구,서계동,2023-03,지정,주요재건축단지|정비사업후보지
용산구,서계동,2023-04,지정,주요재건축단지|정비사업후보지
용산구,서계동,2023-05,지정,주요재건축단지|정비사업후보지
용산구,서계동,2023-06,지정,주요재건축단지|정비사업후보지
용산구,서계동,2023-07,지정,주요재건축단지|정비사업후보지
용산구,서계동,2023-08,지정,주요재건축단지|정비사업후보지
용산구,서계동,2023-09,지정,주요재건축단지|정비사업후보지
용산구,서계동,2023-10,지정,주요재건축단지|정비사업후보지
용산구,서계동,2023-11,지정,주요재건축단지|정비사업후보지
용산구,서계동,2023-12,지정,주요재건축단지|정비사업후보지
용산구,서계동,2024-01,지정,주요재건축단지|정비사업후보지
용산구,서계동,2024-02,불명,
용산구,서계동,2024-03,불명,
용산구,서계동,2024-04,불명,
용산구,서계동,2024-05,불명,
용산구,서계동,2024-06,불명,
용산구,서계동,2024-07,불명,
용산구,서계동,2024-08,불명,
용산구,서계동,2024-09,지정,주요재건축단지|모아타운
용산구,서계동,2024-10,지정,주요재건축단지|모아타운
용산구,서계동,2024-11,지정,주요재건축단지|모아타운
용산구,서계동,2024-12,지정,주요재건축단지|모아타운
용산구,서계동,2025-01,지정,주요재건축단지|모아타운
용산구,서계동,2025-02,지정,주요재건축단지|모아타운
용산구,서계동,2025-03,지정,주요재건축단지|모아타운
용산구,서계동,2025-04,지정,주요재건축단지|모아타운
용산구,서계동,2025-05,지정,주요재건축단지|모아타운
용산구,서계동,2025-06,지정,주요재건축단지|모아타운
용산구,서계동,2025-07,지정,주요재건축단지|모아타운
용산구,서계동,2025-08,지정,주요재건축단지|모아타운
용산구,서계동,2025-09,지정,주요재건축단지|모아타운
용산구,서계동,2025-10,지정,주요재건축단지|모아타운
용산구,서계동,2025-11,지정,주요재건축단지|모아타운
용산구,서계동,2025-12,지정,주요재건축단지|모아타운
용산구,서계동,2026-01,지정,주요재건축단지|모아타운
용산구,서계동,2026-02,지정,주요재건축단지|모아타운
용산구,서계동,2026-03,지정,주요재건축단지|모아타운
용산구,서계동,2026-04,지정,주요재건축단지|모아타운
용산구,서계동,2026-05,지정,주요재건축단지|모아타운
용산구,서계동,2026-06,지정,주요재건축단지|모아타운
용산구,서계동,2026-07,지정,주요재건축단지|모아타운
용산구,서계동,2026-08,지정,주요재건축단지|모아타운
용산구,용산동3가,2020-05,지정,자연녹지|용산정비창
용산구,용산동3가,2020-06,지정,자연녹지|용산정비창
용산구,용산동3가,2020-07,지정,자연녹지|용산정비창
용산구,용산동3가,2020-08,지정,자연녹지|용산정비창
용산구,용산동3가,2020-09,지정,자연녹지|용산정비창
용산구,용산동3가,2020-10,지정,자연녹지|용산정비창
용산구,용산동3가,2020-11,지정,자연녹지|용산정비창
용산구,용산동3가,2020-12,지정,자연녹지|용산정비창
용산구,용산동3가,2021-01,지정,자연녹지|용산정비창
용산구,용산동3가,2021-02,지정,자연녹지|용산정비창
용산구,용산동3가,2021-03,지정,자연녹지|용산정비창
용산구,용산동3가,2021-04,지정,자연녹지|용산정비창
용산구,용산동3가,2021-05,지정,자연녹지|용산정비창
용산구,용산동3가,2021-06,불명,
용산구,용산동3가,2021-07,불명,
용산구,용산동3가,2021-08,불명,
용산구,용산동3가,2021-09,불명,
용산구,용산동3가,2021-10,불명,
용산구,용산동3가,2021-11,불명,
용산구,용산동3가,2021-12,불명,
용산구,용산동3가,2022-01,불명,
용산구,용산동3가,2022-02,불명,
용산구,용산동3가,2022-03,불명,
용산구,용산동3가,2022-04,불명,
용산구,용산동3가,2022-05,지정,용산정비창
용산구,용산동3가,2022-06,지정,용산정비창
용산구,용산동3가,2022-07,지정,용산정비창
용산구,용산동3가,2022-08,지정,용산정비창
용산구,용산동3가,2022-09,지정,용산정비창
용산구,용산동3가,2022-10,지정,용산정비창
용산구,용산동3가,2022-11,지정,용산정비창
용산구,용산동3가,2022-12,지정,용산정비창
용산구,용산동3가,2023-01,지정,용산정비창
용산구,용산동3가,2023-02,지정,용산정비창
용산구,용산동3가,2023-03,지정,용산정비창
용산구,용산동3가,2023-04,지정,용산정비창
용산구,용산동3가,2023-05,지정,용산정비창
용산구,용산동3가,2023-06,지정,용산정비창
용산구,용산동3가,2023-07,지정,용산정비창
용산구,용산동3가,2023-08,지정,용산정비창
용산구,용산동3가,2023-09,지정,용산정비창
용산구,용산동3가,2023-10,지정,용산정비창
용산구,용산동3가,2023-11,지정,용산정비창
용산구,용산동3가,2023-12,지정,용산정비창
용산구,용산동3가,2024-01,지정,용산정비창
용산구,용산동3가,2024-02,지정,용산정비창
용산구,용산동3가,2024-03,지정,용산정비창
용산구,용산동3가,2024-04,지정,용산정비창
용산구,용산동3가,2024-05,지정,용산정비창
용산구,용산동3가,2024-06,불명,
용산구,용산동3가,2024-07,불명,
용산구,용산동3가,2024-08,불명,
용산구,용산동3가,2024-09,불명,
용산구,용산동3가,2024-10,불명,
용산구,용산동3가,2024-11,불명,
용산구,용산동3가,2024-12,불명,
용산구,용산동3가,2025-01,불명,
용산구,용산동3가,2025-02,불명,
용산구,용산동3가,2025-03,불명,
용산구,용산동3가,2025-04,불명,
용산구,용산동3가,2025-05,불명,
용산구,용산동3가,2025-06,불명,
용산구,용산동3가,2025-07,불명,
용산구,용산동3가,2025-08,불명,
용산구,용산동3가,2025-09,불명,
용산구,용산동3가,2025-10,불명,
용산구,용산동3가,2025-11,불명,
용산구,용산동3가,2025-12,불명,
용산구,용산동3가,2026-01,지정,용산정비창
용산구,용산동3가,2026-02,지정,용산정비창
용산구,용산동3가,2026-03,지정,용산정비창
용산구,용산동3가,2026-04,지정,용산정비창
용산구,용산동3가,2026-05,지정,용산정비창
용산구,용산동3가,2026-06,지정,용산정비창
용산구,용산동3가,2026-07,지정,용산정비창
용산구,용산동3가,2026-08,지정,용산정비창
용산구,원효로3가,2022-01,지정,미분류
용산구,원효로3가,2022-02,지정,미분류
용산구,원효로3가,2022-03,지정,미분류
용산구,원효로3가,2022-04,지정,미분류
용산구,원효로3가,2022-05,지정,미분류
용산구,원효로3가,2022-06,지정,미분류
용산구,원효로3가,2022-07,지정,미분류
용산구,원효로3가,2022-08,지정,미분류
용산구,원효로3가,2022-09,지정,미분류
용산구,원효로3가,2022-10,지정,미분류
용산구,원효로3가,2022-11,지정,미분류
용산구,원효로3가,2022-12,지정,미분류
용산구,원효로3가,2023-01,지정,미분류|주요재건축단지|정비사업후보지
용산구,원효로3가,2023-02,지정,주요재건축단지|정비사업후보지
용산구,원효로3가,2023-03,지정,주요재건축단지|정비사업후보지
용산구,원효로3가,2023-04,지정,주요재건축단지|정비사업후보지
용산구,원효로3가,2023-05,지정,주요재건축단지|정비사업후보지
용산구,원효로3가,2023-06,지정,주요재건축단지|정비사업후보지
용산구,원효로3가,2023-07,지정,주요재건축단지|정비사업후보지
용산구,원효로3가,2023-08,지정,주요재건축단지|정비사업후보지
용산구,원효로3가,2023-09,지정,주요재건축단지|정비사업후보지
용산구,원효로3가,2023-10,지정,주요재건축단지|정비사업후보지
용산구,원효로3가,2023-11,지정,주요재건축단지|정비사업후보지
용산구,원효로3가,2023-12,지정,주요재건축단지|정비사업후보지
용산구,원효로3가,2024-01,지정,주요재건축단지|정비사업후보지
용산구,원효로4가,2024-09,지정,주요재건축단지|모아타운
용산구,원효로4가,2024-10,지정,주요재건축단지|모아타운
용산구,원효로4가,2024-11,지정,주요재건축단지|모아타운
용산구,원효로4가,2024-12,지정,주요재건축단지|모아타운
용산구,원효로4가,2025-01,지정,주요재건축단지|모아타운
용산구,원효로4가,2025-02,지정,주요재건축단지|모아타운
용산구,원효로4가,2025-03,지정,주요재건축단지|모아타운
용산구,원효로4가,2025-04,지정,주요재건축단지|모아타운
용산구,원효로4가,2025-05,지정,주요재건축단지|모아타운
용산구,원효로4가,2025-06,지정,주요재건축단지|모아타운
용산구,원효로4가,2025-07,지정,주요재건축단지|모아타운
용산구,원효로4가,2025-08,지정,주요재건축단지|모아타운
용산구,원효로4가,2025-09,지정,주요재건축단지|모아타운
용산구,원효로4가,2025-10,지정,주요재건축단지|모아타운
용산구,원효로4가,2025-11,지정,주요재건축단지|모아타운
용산구,원효로4가,2025-12,지정,주요재건축단지|모아타운
용산구,원효로4가,2026-01,지정,용산정비창|주요재건축단지|모아타운
용산구,원효로4가,2026-02,지정,용산정비창|주요재건축단지|모아타운
용산구,원효로4가,2026-03,지정,용산정비창|주요재건축단지|모아타운
용산구,원효로4가,2026-04,지정,용산정비창|주요재건축단지|모아타운
용산구,원효로4가,2026-05,지정,용산정비창|주요재건축단지|모아타운
용산구,원효로4가,2026-06,지정,용산정비창|주요재건축단지|모아타운
용산구,원효로4가,2026-07,지정,용산정비창|주요재건축단지|모아타운
용산구,원효로4가,2026-08,지정,용산정비창|주요재건축단지|모아타운
용산구,이촌동,2020-05,지정,자연녹지|용산정비창
용산구,이촌동,2020-06,지정,자연녹지|용산정비창
용산구,이촌동,2020-07,지정,자연녹지|용산정비창
용산구,이촌동,2020-08,지정,자연녹지|용산정비창
용산구,이촌동,2020-09,지정,자연녹지|용산정비창
용산구,이촌동,2020-10,지정,자연녹지|용산정비창
용산구,이촌동,2020-11,지정,자연녹지|용산정비창
용산구,이촌동,2020-12,지정,자연녹지|용산정비창
용산구,이촌동,2021-01,지정,자연녹지|용산정비창
용산구,이촌동,2021-02,지정,자연녹지|용산정비창
용산구,이촌동,2021-03,지정,자연녹지|용산정비창
용산구,이촌동,2021-04,지정,자연녹지|용산정비창
용산구,이촌동,2021-05,지정,미분류|자연녹지|용산정비창
용산구,이촌동,2021-06,지정,미분류
용산구,이촌동,2021-07,지정,미분류
용산구,이촌동,2021-08,지정,미분류
용산구,이촌동,2021-09,지정,미분류
용산구,이촌동,2021-10,지정,미분류
용산구,이촌동,2021-11,지정,미분류
용산구,이촌동,2021-12,지정,미분류
용산구,이촌동,2022-01,지정,미분류
용산구,이촌동,2022-02,지정,미분류
용산구,이촌동,2022-03,지정,미분류
용산구,이촌동,2022-04,지정,미분류
용산구,이촌동,2022-05,지정,미분류|용산정비창
용산구,이촌동,2022-06,지정,용산정비창
용산구,이촌동,2022-07,지정,용산정비창
용산구,이촌동,2022-08,지정,용산정비창
용산구,이촌동,2022-09,지정,용산정비창
용산구,이촌동,2022-10,지정,용산정비창
용산구,이촌동,2022-11,지정,용산정비창
용산구,이촌동,2022-12,지정,용산정비창
용산구,이촌동,2023-01,지정,용산정비창
용산구,이촌동,2023-02,지정,용산정비창
용산구,이촌동,2023-03,지정,용산정비창
용산구,이촌동,2023-04,지정,용산정비창
용산구,이촌동,2023-05,지정,용산정비창
용산구,이촌동,2023-06,지정,용산정비창
용산구,이촌동,2023-07,지정,용산정비창
용산구,이촌동,2023-08,지정,용산정비창
용산구,이촌동,2023-09,지정,용산정비창
용산구,이촌동,2023-10,지정,용산정비창
용산구,이촌동,2023-11,지정,용산정비창
용산구,이촌동,2023-12,지정,용산정비창
용산구,이촌동,2024-01,지정,용산정비창
용산구,이촌동,2024-02,지정,용산정비창
용산구,이촌동,2024-03,지정,용산정비창
용산구,이촌동,2024-04,지정,용산정비창
용산구,이촌동,2024-05,지정,용산정비창
용산구,이촌동,2024-06,지정,용산정비창
용산구,이촌동,2024-07,지정,용산정비창
용산구,이촌동,2024-08,지정,용산정비창
용산구,이촌동,2024-09,지정,용산정비창
용산구,이촌동,2024-10,지정,용산정비창
용산구,이촌동,2024-11,지정,용산정비창
용산구,이촌동,2024-12,지정,용산정비창
용산구,이촌동,2025-01,지정,용산정비창
용산구,이촌동,2025-02,지정,용산정비창
용산구,이촌동,2025-03,지정,용산정비창
용산구,이촌동,2025-04,지정,용산정비창
용산구,이촌동,2025-05,지정,용산정비창
용산구,이촌동,2025-06,지정,용산정비창
용산구,이촌동,2025-07,지정,용산정비창
용산구,이촌동,2025-08,지정,용산정비창
용산구,이촌동,2025-09,지정,용산정비창
용산구,이촌동,2025-10,지정,용산정비창
용산구,이촌동,2025-11,지정,용산정비창
용산구,이촌동,2025-12,지정,용산정비창
용산구,이태원동,2022-01,지정,미분류
용산구,이태원동,2022-02,지정,미분류
용산구,이태원동,2022-03,지정,미분류
용산구,이태원동,2022-04,지정,미분류
용산구,이태원동,2022-05,지정,미분류
용산구,이태원동,2022-06,지정,미분류
용산구,이태원동,2022-07,지정,미분류
용산구,이태원동,2022-08,지정,미분류
용산구,이태원동,2022-09,지정,미분류
용산구,이태원동,2022-10,지정,미분류
용산구,이태원동,2022-11,지정,미분류
용산구,이태원동,2022-12,지정,미분류
용산구,이태원동,2023-01,지정,미분류|주요재건축단지|정비사업후보지
용산구,이태원동,2023-02,지정,주요재건축단지|정비사업후보지
용산구,이태원동,2023-03,지정,주요재건축단지|정비사업후보지
용산구,이태원동,2023-04,지정,주요재건축단지|정비사업후보지
용산구,이태원동,2023-05,지정,주요재건축단지|정비사업후보지
용산구,이태원동,2023-06,지정,주요재건축단지|정비사업후보지
용산구,이태원동,2023-07,지정,주요재건축단지|정비사업후보지
용산구,이태원동,2023-08,지정,주요재건축단지|정비사업후보지
용산구,이태원동,2023-09,지정,주요재건축단지|정비사업후보지
용산구,이태원동,2023-10,지정,주요재건축단지|정비사업후보지
용산구,이태원동,2023-11,지정,주요재건축단지|정비사업후보지
용산구,이태원동,2023-12,지정,주요재건축단지|정비사업후보지
용산구,이태원동,2024-01,지정,주요재건축단지|정비사업후보지
용산구,청파동1가,2023-01,지정,정비사업후보지
용산구,청파동1가,2023-02,지정,정비사업후보지
용산구,청파동1가,2023-03,지정,정비사업후보지
용산구,청파동1가,2023-04,지정,정비사업후보지
용산구,청파동1가,2023-05,지정,정비사업후보지
용산구,청파동1가,2023-06,지정,정비사업후보지
용산구,청파동1가,2023-07,지정,정비사업후보지
용산구,청파동1가,2023-08,지정,정비사업후보지
용산구,청파동1가,2023-09,지정,정비사업후보지
용산구,청파동1가,2023-10,지정,정비사업후보지
용산구,청파동1가,2023-11,지정,정비사업후보지
용산구,청파동1가,2023-12,지정,정비사업후보지
용산구,청파동1가,2024-01,지정,정비사업후보지
용산구,청파동1가,2024-02,불명,
용산구,청파동1가,2024-03,불명,
용산구,청파동1가,2024-04,불명,
용산구,청파동1가,2024-05,불명,
용산구,청파동1가,2024-06,불명,
용산구,청파동1가,2024-07,불명,
용산구,청파동1가,2024-08,불명,
용산구,청파동1가,2024-09,불명,
용산구,청파동1가,2024-10,불명,
용산구,청파동1가,2024-11,불명,
용산구,청파동1가,2024-12,불명,
용산구,청파동1가,2025-01,지정,주요재건축단지|신속통합기획|공공재개발|정비사업후보지
용산구,청파동1가,2025-02,지정,주요재건축단지|신속통합기획|공공재개발|정비사업후보지
용산구,청파동1가,2025-03,지정,주요재건축단지|신속통합기획|공공재개발|정비사업후보지
용산구,청파동1가,2025-04,지정,주요재건축단지|신속통합기획|공공재개발|정비사업후보지
용산구,청파동1가,2025-05,지정,주요재건축단지|신속통합기획|공공재개발|정비사업후보지
용산구,청파동1가,2025-06,지정,주요재건축단지|신속통합기획|공공재개발|정비사업후보지
용산구,청파동1가,2025-07,지정,주요재건축단지|신속통합기획|공공재개발|정비사업후보지
용산구,청파동1가,2025-08,지정,주요재건축단지|신속통합기획|공공재개발|정비사업후보지
용산구,청파동1가,2025-09,지정,주요재건축단지|신속통합기획|공공재개발|정비사업후보지
용산구,청파동1가,2025-10,지정,주요재건축단지|신속통합기획|공공재개발|정비사업후보지
용산구,청파동1가,2025-11,지정,주요재건축단지|신속통합기획|공공재개발|정비사업후보지
용산구,청파동1가,2025-12,지정,주요재건축단지|신속통합기획|공공재개발|정비사업후보지
용산구,청파동1가,2026-01,지정,주요재건축단지|신속통합기획|공공재개발|정비사업후보지
용산구,한강로1가,2020-05,지정,자연녹지|용산정비창
용산구,한강로1가,2020-06,지정,자연녹지|용산정비창
용산구,한강로1가,2020-07,지정,자연녹지|용산정비창
용산구,한강로1가,2020-08,지정,자연녹지|용산정비창
용산구,한강로1가,2020-09,지정,자연녹지|용산정비창
용산구,한강로1가,2020-10,지정,자연녹지|용산정비창
용산구,한강로1가,2020-11,지정,자연녹지|용산정비창
용산구,한강로1가,2020-12,지정,자연녹지|용산정비창
용산구,한강로1가,2021-01,지정,자연녹지|용산정비창
용산구,한강로1가,2021-02,지정,자연녹지|용산정비창
용산구,한강로1가,2021-03,지정,자연녹지|용산정비창
용산구,한강로1가,2021-04,지정,자연녹지|용산정비창
용산구,한강로1가,2021-05,지정,자연녹지|용산정비창
용산구,한강로1가,2021-06,불명,
용산구,한강로1가,2021-07,불명,
용산구,한강로1가,2021-08,불명,
용산구,한강로1가,2021-09,불명,
용산구,한강로1가,2021-10,불명,
용산구,한강로1가,2021-11,불명,
용산구,한강로1가,2021-12,불명,
용산구,한강로1가,2022-01,불명,
용산구,한강로1가,2022-02,불명,
용산구,한강로1가,2022-03,불명,
용산구,한강로1가,2022-04,불명,
용산구,한강로1가,2022-05,지정,용산정비창
용산구,한강로1가,2022-06,지정,용산정비창
용산구,한강로1가,2022-07,지정,용산정비창
용산구,한강로1가,2022-08,지정,용산정비창
용산구,한강로1가,2022-09,지정,용산정비창
용산구,한강로1가,2022-10,지정,용산정비창
용산구,한강로1가,2022-11,지정,용산정비창
용산구,한강로1가,2022-12,지정,용산정비창
용산구,한강로1가,2023-01,지정,용산정비창
용산구,한강로1가,2023-02,지정,용산정비창
용산구,한강로1가,2023-03,지정,용산정비창
용산구,한강로1가,2023-04,지정,용산정비창
용산구,한강로1가,2023-05,지정,용산정비창
용산구,한강로1가,2023-06,지정,용산정비창
용산구,한강로1가,2023-07,지정,용산정비창
용산구,한강로1가,2023-08,지정,용산정비창
용산구,한강로1가,2023-09,지정,용산정비창
용산구,한강로1가,2023-10,지정,용산정비창
용산구,한강로1가,2023-11,지정,용산정비창
용산구,한강로1가,2023-12,지정,용산정비창
용산구,한강로1가,2024-01,지정,용산정비창
용산구,한강로1가,2024-02,지정,용산정비창
용산구,한강로1가,2024-03,지정,용산정비창
용산구,한강로1가,2024-04,지정,용산정비창
용산구,한강로1가,2024-05,지정,용산정비창
용산구,한강로1가,2024-06,지정,용산정비창
용산구,한강로1가,2024-07,지정,용산정비창
용산구,한강로1가,2024-08,지정,용산정비창
용산구,한강로1가,2024-09,지정,용산정비창
용산구,한강로1가,2024-10,지정,용산정비창
용산구,한강로1가,2024-11,지정,용산정비창
용산구,한강로1가,2024-12,지정,용산정비창
용산구,한강로1가,2025-01,지정,용산정비창
용산구,한강로1가,2025-02,지정,용산정비창
용산구,한강로1가,2025-03,지정,용산정비창
용산구,한강로1가,2025-04,지정,용산정비창
용산구,한강로1가,2025-05,지정,용산정비창
용산구,한강로1가,2025-06,지정,용산정비창
용산구,한강로1가,2025-07,지정,용산정비창
용산구,한강로1가,2025-08,지정,용산정비창
용산구,한강로1가,2025-09,지정,용산정비창
용산구,한강로1가,2025-10,지정,용산정비창
용산구,한강로1가,2025-11,지정,용산정비창
용산구,한강로1가,2025-12,지정,용산정비창
용산구,한강로2가,2020-05,지정,자연녹지|용산정비창
용산구,한강로2가,2020-06,지정,자연녹지|용산정비창
용산구,한강로2가,2020-07,지정,자연녹지|용산정비창
용산구,한강로2가,2020-08,지정,자연녹지|용산정비창
용산구,한강로2가,2020-09,지정,자연녹지|용산정비창
용산구,한강로2가,2020-10,지정,자연녹지|용산정비창
용산구,한강로2가,2020-11,지정,자연녹지|용산정비창
용산구,한강로2가,2020-12,지정,자연녹지|용산정비창
용산구,한강로2가,2021-01,지정,자연녹지|용산정비창
용산구,한강로2가,2021-02,지정,자연녹지|용산정비창
용산구,한강로2가,2021-03,지정,자연녹지|용산정비창
용산구,한강로2가,2021-04,지정,자연녹지|용산정비창
용산구,한강로2가,2021-05,지정,자연녹지|용산정비창
용산구,한강로2가,2021-06,불명,
용산구,한강로2가,2021-07,불명,
용산구,한강로2가,2021-08,불명,
용산구,한강로2가,2021-09,불명,
용산구,한강로2가,2021-10,불명,
용산구,한강로2가,2021-11,불명,
용산구,한강로2가,2021-12,불명,
용산구,한강로2가,2022-01,불명,
용산구,한강로2가,2022-02,불명,
용산구,한강로2가,2022-03,불명,
용산구,한강로2가,2022-04,불명,
용산구,한강로2가,2022-05,지정,용산정비창
용산구,한강로2가,2022-06,지정,용산정비창
용산구,한강로2가,2022-07,지정,용산정비창
용산구,한강로2가,2022-08,지정,용산정비창
용산구,한강로2가,2022-09,지정,용산정비창
용산구,한강로2가,2022-10,지정,용산정비창
용산구,한강로2가,2022-11,지정,용산정비창
용산구,한강로2가,2022-12,지정,용산정비창
용산구,한강로2가,2023-01,지정,용산정비창
용산구,한강로2가,2023-02,지정,용산정비창
용산구,한강로2가,2023-03,지정,용산정비창
용산구,한강로2가,2023-04,지정,용산정비창
용산구,한강로2가,2023-05,지정,용산정비창
용산구,한강로2가,2023-06,지정,용산정비창
용산구,한강로2가,2023-07,지정,용산정비창
용산구,한강로2가,2023-08,지정,용산정비창
용산구,한강로2가,2023-09,지정,용산정비창
용산구,한강로2가,2023-10,지정,용산정비창
용산구,한강로2가,2023-11,지정,용산정비창
용산구,한강로2가,2023-12,지정,용산정비창
용산구,한강로2가,2024-01,지정,용산정비창
용산구,한강로2가,2024-02,지정,용산정비창
용산구,한강로2가,2024-03,지정,용산정비창
용산구,한강로2가,2024-04,지정,용산정비창
용산구,한강로2가,2024-05,지정,용산정비창
용산구,한강로2가,2024-06,불명,
용산구,한강로2가,2024-07,불명,
용산구,한강로2가,2024-08,불명,
용산구,한강로2가,2024-09,불명,
용산구,한강로2가,2024-10,불명,
용산구,한강로2가,2024-11,불명,
용산구,한강로2가,2024-12,불명,
용산구,한강로2가,2025-01,불명,
용산구,한강로2가,2025-02,불명,
용산구,한강로2가,2025-03,불명,
용산구,한강로2가,2025-04,불명,
용산구,한강로2가,2025-05,불명,
용산구,한강로2가,2025-06,불명,
용산구,한강로2가,2025-07,불명,
용산구,한강로2가,2025-08,불명,
용산구,한강로2가,2025-09,불명,
용산구,한강로2가,2025-10,지정,국제교류복합지구|주요재건축단지|신속통합기획|공공재개발|정비사업후보지
용산구,한강로2가,2025-11,지정,국제교류복합지구|주요재건축단지|신속통합기획|공공재개발|정비사업후보지
용산구,한강로2가,2025-12,지정,국제교류복합지구|주요재건축단지|신속통합기획|공공재개발|정비사업후보지
용산구,한강로2가,2026-01,지정,국제교류복합지구|주요재건축단지|신속통합기획|공공재개발|정비사업후보지
용산구,한강로2가,2026-02,지정,국제교류복합지구|주요재건축단지|신속통합기획|공공재개발|정비사업후보지
용산구,한강로2가,2026-03,지정,국제교류복합지구|주요재건축단지|신속통합기획|공공재개발|정비사업후보지
용산구,한강로2가,2026-04,지정,국제교류복합지구|주요재건축단지|신속통합기획|공공재개발|정비사업후보지
용산구,한강로2가,2026-05,지정,국제교류복합지구|주요재건축단지|신속통합기획|공공재개발|정비사업후보지
용산구,한강로2가,2026-06,지정,국제교류복합지구|주요재건축단지|신속통합기획|공공재개발|정비사업후보지
용산구,한강로2가,2026-07,지정,국제교류복합지구|주요재건축단지|신속통합기획|공공재개발|정비사업후보지
용산구,한강로2가,2026-08,지정,국제교류복합지구|주요재건축단지|신속통합기획|공공재개발|정비사업후보지
용산구,한강로3가,2020-05,지정,자연녹지|용산정비창
용산구,한강로3가,2020-06,지정,자연녹지|용산정비창
용산구,한강로3가,2020-07,지정,자연녹지|용산정비창
용산구,한강로3가,2020-08,지정,자연녹지|용산정비창
용산구,한강로3가,2020-09,지정,자연녹지|용산정비창
용산구,한강로3가,2020-10,지정,자연녹지|용산정비창
용산구,한강로3가,2020-11,지정,자연녹지|용산정비창
용산구,한강로3가,2020-12,지정,자연녹지|용산정비창
용산구,한강로3가,2021-01,지정,자연녹지|용산정비창
용산구,한강로3가,2021-02,지정,자연녹지|용산정비창
용산구,한강로3가,2021-03,지정,자연녹지|용산정비창
용산구,한강로3가,2021-04,지정,자연녹지|용산정비창
용산구,한강로3가,2021-05,지정,자연녹지|용산정비창
용산구,한강로3가,2021-06,불명,
용산구,한강로3가,2021-07,불명,
용산구,한강로3가,2021-08,불명,
용산구,한강로3가,2021-09,불명,
용산구,한강로3가,2021-10,불명,
용산구,한강로3가,2021-11,불명,
용산구,한강로3가,2021-12,불명,
용산구,한강로3가,2022-01,불명,
용산구,한강로3가,2022-02,불명,
용산구,한강로3가,2022-03,불명,
용산구,한강로3가,2022-04,불명,
용산구,한강로3가,2022-05,지정,용산정비창
용산구,한강로3가,2022-06,지정,용산정비창
용산구,한강로3가,2022-07,지정,용산정비창
용산구,한강로3가,2022-08,지정,용산정비창
용산구,한강로3가,2022-09,지정,용산정비창
용산구,한강로3가,2022-10,지정,용산정비창
용산구,한강로3가,2022-11,지정,용산정비창
용산구,한강로3가,2022-12,지정,용산정비창
용산구,한강로3가,2023-01,지정,용산정비창
용산구,한강로3가,2023-02,지정,용산정비창
용산구,한강로3가,2023-03,지정,용산정비창
용산구,한강로3가,2023-04,지정,용산정비창
용산구,한강로3가,2023-05,지정,용산정비창
용산구,한강로3가,2023-06,지정,용산정비창
용산구,한강로3가,2023-07,지정,용산정비창
용산구,한강로3가,2023-08,지정,용산정비창
용산구,한강로3가,2023-09,지정,용산정비창
용산구,한강로3가,2023-10,지정,용산정비창
용산구,한강로3가,2023-11,지정,용산정비창
용산구,한강로3가,2023-12,지정,용산정비창
용산구,한강로3가,2024-01,지정,용산정비창
용산구,한강로3가,2024-02,지정,용산정비창
용산구,한강로3가,2024-03,지정,용산정비창
용산구,한강로3가,2024-04,지정,용산정비창
용산구,한강로3가,2024-05,지정,용산정비창
용산구,한강로3가,2024-06,지정,용산정비창
용산구,한강로3가,2024-07,지정,용산정비창
용산구,한강로3가,2024-08,지정,용산정비창
용산구,한강로3가,2024-09,지정,용산정비창
용산구,한강로3가,2024-10,지정,용산정비창
용산구,한강로3가,2024-11,지정,용산정비창
용산구,한강로3가,2024-12,지정,용산정비창
용산구,한강로3가,2025-01,지정,용산정비창
용산구,한강로3가,2025-02,지정,용산정비창
용산구,한강로3가,2025-03,지정,용산정비창
용산구,한강로3가,2025-04,지정,용산정비창
용산구,한강로3가,2025-05,지정,용산정비창
용산구,한강로3가,2025-06,지정,용산정비창
용산구,한강로3가,2025-07,지정,용산정비창
용산구,한강로3가,2025-08,지정,용산정비창
용산구,한강로3가,2025-09,지정,용산정비창
용산구,한강로3가,2025-10,지정,국제교류복합지구|주요재건축단지|신속통합기획|공공재개발|정비사업후보지|용산정비창
용산구,한강로3가,2025-11,지정,국제교류복합지구|주요재건축단지|신속통합기획|공공재개발|정비사업후보지|용산정비창
용산구,한강로3가,2025-12,지정,국제교류복합지구|주요재건축단지|신속통합기획|공공재개발|정비사업후보지|용산정비창
용산구,한강로3가,2026-01,지정,국제교류복합지구|주요재건축단지|신속통합기획|공공재개발|정비사업후보지
용산구,한강로3가,2026-02,지정,국제교류복합지구|주요재건축단지|신속통합기획|공공재개발|정비사업후보지
용산구,한강로3가,2026-03,지정,국제교류복합지구|주요재건축단지|신속통합기획|공공재개발|정비사업후보지
용산구,한강로3가,2026-04,지정,국제교류복합지구|주요재건축단지|신속통합기획|공공재개발|정비사업후보지
용산구,한강로3가,2026-05,지정,국제교류복합지구|주요재건축단지|신속통합기획|공공재개발|정비사업후보지
용산구,한강로3가,2026-06,지정,국제교류복합지구|주요재건축단지|신속통합기획|공공재개발|정비사업후보지
용산구,한강로3가,2026-07,지정,국제교류복합지구|주요재건축단지|신속통합기획|공공재개발|정비사업후보지
용산구,한강로3가,2026-08,지정,국제교류복합지구|주요재건축단지|신속통합기획|공공재개발|정비사업후보지
용산구,한남동,2025-10,지정,국제교류복합지구|주요재건축단지|신속통합기획|공공재개발|정비사업후보지
용산구,한남동,2025-11,지정,국제교류복합지구|주요재건축단지|신속통합기획|공공재개발|정비사업후보지
용산구,한남동,2025-12,지정,국제교류복합지구|주요재건축단지|신속통합기획|공공재개발|정비사업후보지
용산구,한남동,2026-01,지정,국제교류복합지구|주요재건축단지|신속통합기획|공공재개발|정비사업후보지
용산구,한남동,2026-02,지정,국제교류복합지구|주요재건축단지|신속통합기획|공공재개발|정비사업후보지
용산구,한남동,2026-03,지정,국제교류복합지구|주요재건축단지|신속통합기획|공공재개발|정비사업후보지
용산구,한남동,2026-04,지정,국제교류복합지구|주요재건축단지|신속통합기획|공공재개발|정비사업후보지
용산구,한남동,2026-05,지정,국제교류복합지구|주요재건축단지|신속통합기획|공공재개발|정비사업후보지
용산구,한남동,2026-06,지정,국제교류복합지구|주요재건축단지|신속통합기획|공공재개발|정비사업후보지
용산구,한남동,2026-07,지정,국제교류복합지구|주요재건축단지|신속통합기획|공공재개발|정비사업후보지
용산구,한남동,2026-08,지정,국제교류복합지구|주요재건축단지|신속통합기획|공공재개발|정비사업후보지
용산구,효창동,2025-03,지정,국제교류복합지구|주요재건축단지
용산구,효창동,2025-04,지정,국제교류복합지구|주요재건축단지
용산구,효창동,2025-05,지정,국제교류복합지구|주요재건축단지
용산구,효창동,2025-06,지정,국제교류복합지구|주요재건축단지
용산구,효창동,2025-07,지정,국제교류복합지구|주요재건축단지
용산구,효창동,2025-08,지정,국제교류복합지구|주요재건축단지
용산구,효창동,2025-09,지정,국제교류복합지구|주요재건축단지
용산구,효창동,2025-10,지정,국제교류복합지구|주요재건축단지|신속통합기획|공공재개발|정비사업후보지
용산구,효창동,2025-11,지정,국제교류복합지구|주요재건축단지|신속통합기획|공공재개발|정비사업후보지
용산구,효창동,2025-12,지정,국제교류복합지구|주요재건축단지|신속통합기획|공공재개발|정비사업후보지
용산구,효창동,2026-01,지정,국제교류복합지구|주요재건축단지|신속통합기획|공공재개발|정비사업후보지
용산구,효창동,2026-02,지정,국제교류복합지구|주요재건축단지|신속통합기획|공공재개발|정비사업후보지
용산구,효창동,2026-03,지정,국제교류복합지구|주요재건축단지|신속통합기획|공공재개발|정비사업후보지
용산구,효창동,2026-04,지정,국제교류복합지구|주요재건축단지|신속통합기획|공공재개발|정비사업후보지
용산구,효창동,2026-05,지정,국제교류복합지구|주요재건축단지|신속통합기획|공공재개발|정비사업후보지
용산구,효창동,2026-06,지정,국제교류복합지구|주요재건축단지|신속통합기획|공공재개발|정비사업후보지
용산구,효창동,2026-07,지정,국제교류복합지구|주요재건축단지|신속통합기획|공공재개발|정비사업후보지
용산구,효창동,2026-08,지정,국제교류복합지구|주요재건축단지|신속통합기획|공공재개발|정비사업후보지
용산구,후암동,2025-03,지정,국제교류복합지구|주요재건축단지
용산구,후암동,2025-04,지정,국제교류복합지구|주요재건축단지
용산구,후암동,2025-05,지정,국제교류복합지구|주요재건축단지
용산구,후암동,2025-06,지정,국제교류복합지구|주요재건축단지
용산구,후암동,2025-07,지정,국제교류복합지구|주요재건축단지
용산구,후암동,2025-08,지정,국제교류복합지구|주요재건축단지
용산구,후암동,2025-09,지정,국제교류복합지구|주요재건축단지
용산구,후암동,2025-10,지정,국제교류복합지구|주요재건축단지|신속통합기획|공공재개발|정비사업후보지
용산구,후암동,2025-11,지정,국제교류복합지구|주요재건축단지|신속통합기획|공공재개발|정비사업후보지
용산구,후암동,2025-12,지정,국제교류복합지구|주요재건축단지|신속통합기획|공공재개발|정비사업후보지
용산구,후암동,2026-01,지정,국제교류복합지구|주요재건축단지|신속통합기획|공공재개발|정비사업후보지
용산구,후암동,2026-02,지정,국제교류복합지구|주요재건축단지|신속통합기획|공공재개발|정비사업후보지
용산구,후암동,2026-03,지정,국제교류복합지구|주요재건축단지|신속통합기획|공공재개발|정비사업후보지
용산구,후암동,2026-04,지정,국제교류복합지구|주요재건축단지|신속통합기획|공공재개발|정비사업후보지
용산구,후암동,2026-05,지정,국제교류복합지구|주요재건축단지|신속통합기획|공공재개발|정비사업후보지
용산구,후암동,2026-06,지정,국제교류복합지구|주요재건축단지|신속통합기획|공공재개발|정비사업후보지
용산구,후암동,2026-07,지정,국제교류복합지구|주요재건축단지|신속통합기획|공공재개발|정비사업후보지
용산구,후암동,2026-08,지정,국제교류복합지구|주요재건축단지|신속통합기획|공공재개발|정비사업후보지
은평구,대조동,2024-09,지정,주요재건축단지|모아타운
은평구,대조동,2024-10,지정,주요재건축단지|모아타운
은평구,대조동,2024-11,지정,주요재건축단지|모아타운
은평구,대조동,2024-12,지정,주요재건축단지|모아타운
은평구,대조동,2025-01,지정,주요재건축단지|모아타운
은평구,대조동,2025-02,지정,주요재건축단지|모아타운
은평구,대조동,2025-03,지정,주요재건축단지|모아타운
은평구,대조동,2025-04,지정,주요재건축단지|모아타운
은평구,대조동,2025-05,지정,주요재건축단지|모아타운
은평구,대조동,2025-06,지정,주요재건축단지|모아타운
은평구,대조동,2025-07,지정,주요재건축단지|모아타운
은평구,대조동,2025-08,지정,주요재건축단지|모아타운
은평구,대조동,2025-09,지정,주요재건축단지|모아타운
은평구,대조동,2025-10,지정,주요재건축단지|모아타운
은평구,대조동,2025-11,지정,주요재건축단지|모아타운
은평구,대조동,2025-12,지정,주요재건축단지|모아타운
은평구,대조동,2026-01,지정,주요재건축단지|모아타운
은평구,대조동,2026-02,지정,주요재건축단지|모아타운
은평구,대조동,2026-03,지정,주요재건축단지|모아타운
은평구,대조동,2026-04,지정,주요재건축단지|모아타운
은평구,대조동,2026-05,지정,주요재건축단지|모아타운
은평구,대조동,2026-06,지정,주요재건축단지|모아타운
은평구,대조동,2026-07,지정,주요재건축단지|모아타운
은평구,대조동,2026-08,지정,주요재건축단지|모아타운
은평구,불광동,2023-01,지정,정비사업후보지|주요재건축단지|정비사업후보지
은평구,불광동,2023-02,지정,정비사업후보지|주요재건축단지|정비사업후보지
은평구,불광동,2023-03,지정,정비사업후보지|주요재건축단지|정비사업후보지
은평구,불광동,2023-04,지정,정비사업후보지|주요재건축단지|정비사업후보지
은평구,불광동,2023-05,지정,정비사업후보지|주요재건축단지|정비사업후보지
은평구,불광동,2023-06,지정,정비사업후보지|주요재건축단지|정비사업후보지
은평구,불광동,2023-07,지정,정비사업후보지|주요재건축단지|정비사업후보지
은평구,불광동,2023-08,지정,정비사업후보지|주요재건축단지|정비사업후보지
은평구,불광동,2023-09,지정,정비사업후보지|주요재건축단지|정비사업후보지
은평구,불광동,2023-10,지정,정비사업후보지|주요재건축단지|정비사업후보지
은평구,불광동,2023-11,지정,정비사업후보지|주요재건축단지|정비사업후보지
은평구,불광동,2023-12,지정,정비사업후보지|주요재건축단지|정비사업후보지
은평구,불광동,2024-01,지정,정비사업후보지|주요재건축단지|정비사업후보지
은평구,불광동,2024-02,불명,
은평구,불광동,2024-03,불명,
은평구,불광동,2024-04,불명,
은평구,불광동,2024-05,불명,
은평구,불광동,2024-06,불명,
은평구,불광동,2024-07,불명,
은평구,불광동,2024-08,불명,
은평구,불광동,2024-09,지정,주요재건축단지|모아타운
은평구,불광동,2024-10,지정,주요재건축단지|모아타운
은평구,불광동,2024-11,지정,주요재건축단지|모아타운
은평구,불광동,2024-12,지정,주요재건축단지|모아타운
은평구,불광동,2025-01,지정,주요재건축단지|모아타운|주요재건축단지|신속통합기획|공공재개발|정비사업후보지
은평구,불광동,2025-02,지정,주요재건축단지|모아타운|주요재건축단지|신속통합기획|공공재개발|정비사업후보지
은평구,불광동,2025-03,지정,주요재건축단지|모아타운|주요재건축단지|신속통합기획|공공재개발|정비사업후보지
은평구,불광동,2025-04,지정,주요재건축단지|모아타운|주요재건축단지|신속통합기획|공공재개발|정비사업후보지
은평구,불광동,2025-05,지정,주요재건축단지|모아타운|주요재건축단지|신속통합기획|공공재개발|정비사업후보지
은평구,불광동,2025-06,지정,주요재건축단지|모아타운|주요재건축단지|신속통합기획|공공재개발|정비사업후보지
은평구,불광동,2025-07,지정,주요재건축단지|모아타운|주요재건축단지|신속통합기획|공공재개발|정비사업후보지
은평구,불광동,2025-08,지정,주요재건축단지|모아타운|주요재건축단지|신속통합기획|공공재개발|정비사업후보지
은평구,불광동,2025-09,지정,주요재건축단지|모아타운|주요재건축단지|신속통합기획|공공재개발|정비사업후보지
은평구,불광동,2025-10,지정,주요재건축단지|모아타운|주요재건축단지|신속통합기획|공공재개발|정비사업후보지
은평구,불광동,2025-11,지정,주요재건축단지|모아타운|주요재건축단지|신속통합기획|공공재개발|정비사업후보지
은평구,불광동,2025-12,지정,주요재건축단지|모아타운|주요재건축단지|신속통합기획|공공재개발|정비사업후보지
은평구,불광동,2026-01,지정,주요재건축단지|모아타운|주요재건축단지|신속통합기획|공공재개발|정비사업후보지
은평구,불광동,2026-02,지정,주요재건축단지|모아타운
은평구,불광동,2026-03,지정,주요재건축단지|모아타운
은평구,불광동,2026-04,지정,주요재건축단지|모아타운
은평구,불광동,2026-05,지정,주요재건축단지|모아타운
은평구,불광동,2026-06,지정,주요재건축단지|모아타운
은평구,불광동,2026-07,지정,주요재건축단지|모아타운
은평구,불광동,2026-08,지정,주요재건축단지|모아타운
은평구,신사동,2023-01,지정,주요재건축단지|정비사업후보지
은평구,신사동,2023-02,지정,주요재건축단지|정비사업후보지
은평구,신사동,2023-03,지정,주요재건축단지|정비사업후보지
은평구,신사동,2023-04,지정,주요재건축단지|정비사업후보지
은평구,신사동,2023-05,지정,주요재건축단지|정비사업후보지
은평구,신사동,2023-06,지정,주요재건축단지|정비사업후보지
은평구,신사동,2023-07,지정,주요재건축단지|정비사업후보지
은평구,신사동,2023-08,지정,주요재건축단지|정비사업후보지
은평구,신사동,2023-09,지정,주요재건축단지|정비사업후보지
은평구,신사동,2023-10,지정,주요재건축단지|정비사업후보지
은평구,신사동,2023-11,지정,주요재건축단지|정비사업후보지
은평구,신사동,2023-12,지정,주요재건축단지|신속통합기획|정비사업후보지|주요재건축단지|정비사업후보지
은평구,신사동,2024-01,지정,주요재건축단지|신속통합기획|정비사업후보지|주요재건축단지|정비사업후보지
은평구,신사동,2024-02,지정,주요재건축단지|신속통합기획|정비사업후보지
은평구,신사동,2024-03,지정,주요재건축단지|신속통합기획|정비사업후보지
은평구,신사동,2024-04,지정,주요재건축단지|신속통합기획|정비사업후보지
은평구,신사동,2024-05,지정,주요재건축단지|신속통합기획|정비사업후보지
은평구,신사동,2024-06,지정,주요재건축단지|신속통합기획|정비사업후보지
은평구,신사동,2024-07,지정,주요재건축단지|신속통합기획|정비사업후보지
은평구,신사동,2024-08,지정,주요재건축단지|신속통합기획|정비사업후보지
은평구,신사동,2024-09,지정,주요재건축단지|신속통합기획|정비사업후보지
은평구,신사동,2024-10,지정,주요재건축단지|신속통합기획|정비사업후보지
은평구,신사동,2024-11,지정,주요재건축단지|신속통합기획|정비사업후보지
은평구,신사동,2024-12,지정,주요재건축단지|신속통합기획|정비사업후보지
은평구,신사동,2025-01,지정,주요재건축단지|신속통합기획|공공재개발|정비사업후보지
은평구,신사동,2025-02,지정,주요재건축단지|신속통합기획|공공재개발|정비사업후보지
은평구,신사동,2025-03,지정,주요재건축단지|신속통합기획|공공재개발|정비사업후보지
은평구,신사동,2025-04,지정,주요재건축단지|신속통합기획|공공재개발|정비사업후보지
은평구,신사동,2025-05,지정,주요재건축단지|신속통합기획|공공재개발|정비사업후보지
은평구,신사동,2025-06,지정,주요재건축단지|신속통합기획|공공재개발|정비사업후보지
은평구,신사동,2025-07,지정,주요재건축단지|신속통합기획|공공재개발|정비사업후보지
은평구,신사동,2025-08,지정,주요재건축단지|신속통합기획|공공재개발|정비사업후보지
은평구,신사동,2025-09,지정,주요재건축단지|신속통합기획|공공재개발|정비사업후보지
은평구,신사동,2025-10,지정,주요재건축단지|신속통합기획|공공재개발|정비사업후보지
은평구,신사동,2025-11,지정,주요재건축단지|신속통합기획|공공재개발|정비사업후보지
은평구,신사동,2025-12,지정,주요재건축단지|신속통합기획|공공재개발|정비사업후보지
은평구,신사동,2026-01,지정,주요재건축단지|신속통합기획|공공재개발|정비사업후보지
은평구,역촌동,2026-08,지정,신규주택공급후보지
은평구,응암동,2023-01,지정,주요재건축단지|정비사업후보지
은평구,응암동,2023-02,지정,주요재건축단지|정비사업후보지
은평구,응암동,2023-03,지정,주요재건축단지|정비사업후보지
은평구,응암동,2023-04,지정,주요재건축단지|정비사업후보지
은평구,응암동,2023-05,지정,주요재건축단지|정비사업후보지
은평구,응암동,2023-06,지정,주요재건축단지|정비사업후보지
은평구,응암동,2023-07,지정,주요재건축단지|정비사업후보지
은평구,응암동,2023-08,지정,주요재건축단지|정비사업후보지
은평구,응암동,2023-09,지정,주요재건축단지|정비사업후보지
은평구,응암동,2023-10,지정,주요재건축단지|정비사업후보지
은평구,응암동,2023-11,지정,주요재건축단지|정비사업후보지
은평구,응암동,2023-12,지정,주요재건축단지|정비사업후보지
은평구,응암동,2024-01,지정,주요재건축단지|정비사업후보지
은평구,진관동,2024-08,지정,국제교류복합지구
은평구,진관동,2024-09,지정,국제교류복합지구
은평구,진관동,2024-10,지정,국제교류복합지구
은평구,진관동,2024-11,지정,국제교류복합지구
은평구,진관동,2024-12,지정,국제교류복합지구
은평구,진관동,2025-01,불명,
은평구,진관동,2025-02,불명,
은평구,진관동,2025-03,불명,
은평구,진관동,2025-04,불명,
은평구,진관동,2025-05,불명,
은평구,진관동,2025-06,불명,
은평구,진관동,2025-07,불명,
은평구,진관동,2025-08,불명,
은평구,진관동,2025-09,불명,
은평구,진관동,2025-10,불명,
은평구,진관동,2025-11,불명,
은평구,진관동,2025-12,불명,
은평구,진관동,2026-01,불명,
은평구,진관동,2026-02,불명,
은평구,진관동,2026-03,불명,
은평구,진관동,2026-04,불명,
은평구,진관동,2026-05,불명,
은평구,진관동,2026-06,불명,
은평구,진관동,2026-07,불명,
은평구,진관동,2026-08,지정,신규주택공급후보지
종로구,구기동,2024-09,지정,주요재건축단지|모아타운
종로구,구기동,2024-10,지정,주요재건축단지|모아타운
종로구,구기동,2024-11,지정,주요재건축단지|모아타운
종로구,구기동,2024-12,지정,주요재건축단지|모아타운
종로구,구기동,2025-01,지정,주요재건축단지|모아타운
종로구,구기동,2025-02,지정,주요재건축단지|모아타운
종로구,구기동,2025-03,지정,주요재건축단지|모아타운
종로구,구기동,2025-04,지정,주요재건축단지|모아타운
종로구,구기동,2025-05,지정,주요재건축단지|모아타운
종로구,구기동,2025-06,지정,주요재건축단지|모아타운
종로구,구기동,2025-07,지정,주요재건축단지|모아타운
종로구,구기동,2025-08,지정,주요재건축단지|모아타운
종로구,구기동,2025-09,지정,주요재건축단지|모아타운
종로구,구기동,2025-10,지정,주요재건축단지|모아타운
종로구,구기동,2025-11,지정,주요재건축단지|모아타운
종로구,구기동,2025-12,지정,주요재건축단지|모아타운
종로구,구기동,2026-01,지정,주요재건축단지|모아타운
종로구,구기동,2026-02,지정,주요재건축단지|모아타운
종로구,구기동,2026-03,지정,주요재건축단지|모아타운
종로구,구기동,2026-04,지정,주요재건축단지|모아타운
종로구,구기동,2026-05,지정,주요재건축단지|모아타운
종로구,구기동,2026-06,지정,주요재건축단지|모아타운
종로구,구기동,2026-07,지정,주요재건축단지|모아타운
종로구,구기동,2026-08,지정,주요재건축단지|모아타운
종로구,숭인동,2021-04,지정,공공재개발
종로구,숭인동,2021-05,지정,공공재개발
종로구,숭인동,2021-06,지정,공공재개발
종로구,숭인동,2021-07,지정,공공재개발
종로구,숭인동,2021-08,지정,공공재개발
종로구,숭인동,2021-09,지정,공공재개발
종로구,숭인동,2021-10,지정,공공재개발
종로구,숭인동,2021-11,지정,공공재개발
종로구,숭인동,2021-12,지정,공공재개발
종로구,숭인동,2022-01,지정,공공재개발|정비사업후보지
종로구,숭인동,2022-02,지정,공공재개발|정비사업후보지
종로구,숭인동,2022-03,지정,공공재개발|정비사업후보지
종로구,숭인동,2022-04,지정,공공재개발|정비사업후보지
종로구,숭인동,2022-05,지정,공공재개발|정비사업후보지
종로구,숭인동,2022-06,지정,공공재개발|정비사업후보지
종로구,숭인동,2022-07,지정,공공재개발|정비사업후보지
종로구,숭인동,2022-08,지정,공공재개발|정비사업후보지
종로구,숭인동,2022-09,지정,공공재개발|정비사업후보지
종로구,숭인동,2022-10,지정,공공재개발|정비사업후보지
종로구,숭인동,2022-11,지정,공공재개발|정비사업후보지
종로구,숭인동,2022-12,지정,공공재개발|정비사업후보지
종로구,숭인동,2023-01,지정,공공재개발|정비사업후보지
종로구,숭인동,2023-02,지정,공공재개발|정비사업후보지
종로구,숭인동,2023-03,지정,공공재개발|정비사업후보지
종로구,숭인동,2023-04,지정,공공재개발|신속통합기획|공공재개발|정비사업후보지
종로구,숭인동,2023-05,지정,신속통합기획|공공재개발|정비사업후보지
종로구,숭인동,2023-06,지정,신속통합기획|공공재개발|정비사업후보지
종로구,숭인동,2023-07,지정,신속통합기획|공공재개발|정비사업후보지
종로구,숭인동,2023-08,지정,신속통합기획|공공재개발|정비사업후보지
종로구,숭인동,2023-09,지정,신속통합기획|공공재개발|정비사업후보지
종로구,숭인동,2023-10,지정,신속통합기획|공공재개발|정비사업후보지
종로구,숭인동,2023-11,지정,신속통합기획|공공재개발|정비사업후보지
종로구,숭인동,2023-12,지정,신속통합기획|공공재개발|정비사업후보지|주요재건축단지|신속통합기획|정비사업후보지
종로구,숭인동,2024-01,지정,신속통합기획|공공재개발|정비사업후보지|주요재건축단지|신속통합기획|정비사업후보지
종로구,숭인동,2024-02,지정,신속통합기획|공공재개발|주요재건축단지|신속통합기획|정비사업후보지
종로구,숭인동,2024-03,지정,신속통합기획|공공재개발|주요재건축단지|신속통합기획|정비사업후보지
종로구,숭인동,2024-04,지정,신속통합기획|공공재개발|신속통합기획|공공재개발|정비사업후보지|주요재건축단지|신속통합기획|정비사업후보지
종로구,숭인동,2024-05,지정,신속통합기획|공공재개발|정비사업후보지|주요재건축단지|신속통합기획|정비사업후보지
종로구,숭인동,2024-06,지정,신속통합기획|공공재개발|정비사업후보지|주요재건축단지|신속통합기획|정비사업후보지
종로구,숭인동,2024-07,지정,신속통합기획|공공재개발|정비사업후보지|주요재건축단지|신속통합기획|정비사업후보지
종로구,숭인동,2024-08,지정,신속통합기획|공공재개발|정비사업후보지|주요재건축단지|신속통합기획|정비사업후보지
종로구,숭인동,2024-09,지정,신속통합기획|공공재개발|정비사업후보지|주요재건축단지|신속통합기획|정비사업후보지
종로구,숭인동,2024-10,지정,신속통합기획|공공재개발|정비사업후보지|주요재건축단지|신속통합기획|정비사업후보지
종로구,숭인동,2024-11,지정,신속통합기획|공공재개발|정비사업후보지|주요재건축단지|신속통합기획|정비사업후보지
종로구,숭인동,2024-12,지정,신속통합기획|공공재개발|정비사업후보지|주요재건축단지|신속통합기획|정비사업후보지
종로구,숭인동,2025-01,지정,신속통합기획|공공재개발|정비사업후보지|주요재건축단지|신속통합기획|공공재개발|정비사업후보지
종로구,숭인동,2025-02,지정,신속통합기획|공공재개발|정비사업후보지|주요재건축단지|신속통합기획|공공재개발|정비사업후보지
종로구,숭인동,2025-03,지정,신속통합기획|공공재개발|정비사업후보지|주요재건축단지|신속통합기획|공공재개발|정비사업후보지
종로구,숭인동,2025-04,지정,신속통합기획|공공재개발|정비사업후보지|주요재건축단지|신속통합기획|공공재개발|정비사업후보지
종로구,숭인동,2025-05,지정,주요재건축단지|신속통합기획|공공재개발|정비사업후보지
종로구,숭인동,2025-06,지정,주요재건축단지|신속통합기획|공공재개발|정비사업후보지
종로구,숭인동,2025-07,지정,주요재건축단지|신속통합기획|공공재개발|정비사업후보지
종로구,숭인동,2025-08,지정,주요재건축단지|신속통합기획|공공재개발|정비사업후보지
종로구,숭인동,2025-09,지정,주요재건축단지|신속통합기획|공공재개발|정비사업후보지
종로구,숭인동,2025-10,지정,주요재건축단지|신속통합기획|공공재개발|정비사업후보지
종로구,숭인동,2025-11,지정,주요재건축단지|신속통합기획|공공재개발|정비사업후보지
종로구,숭인동,2025-12,지정,주요재건축단지|신속통합기획|공공재개발|정비사업후보지
종로구,숭인동,2026-01,지정,주요재건축단지|신속통합기획|공공재개발|정비사업후보지
종로구,신문로1가,2024-01,지정,신속통합기획|공공재개발|정비사업후보지
종로구,신문로1가,2024-02,지정,신속통합기획|공공재개발|정비사업후보지
종로구,신문로1가,2024-03,지정,신속통합기획|공공재개발|정비사업후보지
종로구,신문로1가,2024-04,지정,신속통합기획|공공재개발|정비사업후보지
종로구,신문로1가,2024-05,지정,신속통합기획|공공재개발|정비사업후보지
종로구,신문로1가,2024-06,지정,신속통합기획|공공재개발|정비사업후보지
종로구,신문로1가,2024-07,지정,신속통합기획|공공재개발|정비사업후보지
종로구,신문로1가,2024-08,지정,신속통합기획|공공재개발|정비사업후보지
종로구,신문로1가,2024-09,지정,신속통합기획|공공재개발|정비사업후보지
종로구,신문로1가,2024-10,지정,신속통합기획|공공재개발|정비사업후보지
종로구,신문로1가,2024-11,지정,신속통합기획|공공재개발|정비사업후보지
종로구,신문로1가,2024-12,지정,신속통합기획|공공재개발|정비사업후보지
종로구,신문로1가,2025-01,지정,신속통합기획|공공재개발|정비사업후보지|주요재건축단지|신속통합기획|공공재개발|정비사업후보지
종로구,신문로1가,2025-02,지정,주요재건축단지|신속통합기획|공공재개발|정비사업후보지
종로구,신문로1가,2025-03,지정,주요재건축단지|신속통합기획|공공재개발|정비사업후보지
종로구,신문로1가,2025-04,지정,주요재건축단지|신속통합기획|공공재개발|정비사업후보지
종로구,신문로1가,2025-05,지정,주요재건축단지|신속통합기획|공공재개발|정비사업후보지
종로구,신문로1가,2025-06,지정,주요재건축단지|신속통합기획|공공재개발|정비사업후보지
종로구,신문로1가,2025-07,지정,주요재건축단지|신속통합기획|공공재개발|정비사업후보지
종로구,신문로1가,2025-08,지정,주요재건축단지|신속통합기획|공공재개발|정비사업후보지
종로구,신문로1가,2025-09,지정,주요재건축단지|신속통합기획|공공재개발|정비사업후보지
종로구,신문로1가,2025-10,지정,주요재건축단지|신속통합기획|공공재개발|정비사업후보지
종로구,신문로1가,2025-11,지정,주요재건축단지|신속통합기획|공공재개발|정비사업후보지
종로구,신문로1가,2025-12,지정,주요재건축단지|신속통합기획|공공재개발|정비사업후보지
종로구,신문로1가,2026-01,지정,주요재건축단지|신속통합기획|공공재개발|정비사업후보지
종로구,연건동,2022-01,지정,미분류
종로구,연건동,2022-02,지정,미분류
종로구,연건동,2022-03,지정,미분류
종로구,연건동,2022-04,지정,미분류
종로구,연건동,2022-05,지정,미분류
종로구,연건동,2022-06,지정,미분류
종로구,연건동,2022-07,지정,미분류
종로구,연건동,2022-08,지정,미분류
종로구,연건동,2022-09,지정,미분류
종로구,연건동,2022-10,지정,미분류
종로구,연건동,2022-11,지정,미분류
종로구,연건동,2022-12,지정,미분류
종로구,연건동,2023-01,지정,미분류
종로구,옥인동,2026-08,지정,신규주택공급후보지
종로구,인동,2024-08,지정,국제교류복합지구
종로구,인동,2024-09,지정,국제교류복합지구
종로구,인동,2024-10,지정,국제교류복합지구
종로구,인동,2024-11,지정,국제교류복합지구
종로구,인동,2024-12,지정,국제교류복합지구
종로구,창신동,2022-01,지정,정비사업후보지
종로구,창신동,2022-02,지정,정비사업후보지
종로구,창신동,2022-03,지정,정비사업후보지
종로구,창신동,2022-04,지정,정비사업후보지
종로구,창신동,2022-05,지정,정비사업후보지
종로구,창신동,2022-06,지정,정비사업후보지
종로구,창신동,2022-07,지정,정비사업후보지
종로구,창신동,2022-08,지정,정비사업후보지
종로구,창신동,2022-09,지정,정비사업후보지
종로구,창신동,2022-10,지정,정비사업후보지
종로구,창신동,2022-11,지정,정비사업후보지
종로구,창신동,2022-12,지정,정비사업후보지
종로구,창신동,2023-01,지정,정비사업후보지|주요재건축단지|정비사업후보지
종로구,창신동,2023-02,지정,정비사업후보지|주요재건축단지|정비사업후보지
종로구,창신동,2023-03,지정,정비사업후보지|주요재건축단지|정비사업후보지
종로구,창신동,2023-04,지정,정비사업후보지|주요재건축단지|정비사업후보지
종로구,창신동,2023-05,지정,정비사업후보지|주요재건축단지|정비사업후보지
종로구,창신동,2023-06,지정,정비사업후보지|주요재건축단지|정비사업후보지
종로구,창신동,2023-07,지정,정비사업후보지|주요재건축단지|정비사업후보지
종로구,창신동,2023-08,지정,정비사업후보지|주요재건축단지|정비사업후보지
종로구,창신동,2023-09,지정,정비사업후보지|주요재건축단지|정비사업후보지
종로구,창신동,2023-10,지정,정비사업후보지|주요재건축단지|정비사업후보지
종로구,창신동,2023-11,지정,정비사업후보지|주요재건축단지|정비사업후보지
종로구,창신동,2023-12,지정,정비사업후보지|주요재건축단지|신속통합기획|정비사업후보지|주요재건축단지|정비사업후보지
종로구,창신동,2024-01,지정,정비사업후보지|주요재건축단지|신속통합기획|정비사업후보지|주요재건축단지|정비사업후보지
종로구,창신동,2024-02,지정,주요재건축단지|신속통합기획|정비사업후보지
종로구,창신동,2024-03,지정,주요재건축단지|신속통합기획|정비사업후보지
종로구,창신동,2024-04,지정,주요재건축단지|신속통합기획|정비사업후보지
종로구,창신동,2024-05,지정,주요재건축단지|신속통합기획|정비사업후보지
종로구,창신동,2024-06,지정,주요재건축단지|신속통합기획|정비사업후보지
종로구,창신동,2024-07,지정,주요재건축단지|신속통합기획|정비사업후보지
종로구,창신동,2024-08,지정,주요재건축단지|신속통합기획|정비사업후보지
종로구,창신동,2024-09,지정,주요재건축단지|신속통합기획|정비사업후보지
종로구,창신동,2024-10,지정,주요재건축단지|신속통합기획|정비사업후보지
종로구,창신동,2024-11,지정,주요재건축단지|신속통합기획|정비사업후보지
종로구,창신동,2024-12,지정,주요재건축단지|신속통합기획|정비사업후보지
종로구,창신동,2025-01,지정,주요재건축단지|신속통합기획|공공재개발|정비사업후보지
종로구,창신동,2025-02,지정,주요재건축단지|신속통합기획|공공재개발|정비사업후보지
종로구,창신동,2025-03,지정,주요재건축단지|신속통합기획|공공재개발|정비사업후보지
종로구,창신동,2025-04,지정,주요재건축단지|신속통합기획|공공재개발|정비사업후보지
종로구,창신동,2025-05,지정,주요재건축단지|신속통합기획|공공재개발|정비사업후보지
종로구,창신동,2025-06,지정,주요재건축단지|신속통합기획|공공재개발|정비사업후보지
종로구,창신동,2025-07,지정,주요재건축단지|신속통합기획|공공재개발|정비사업후보지
종로구,창신동,2025-08,지정,주요재건축단지|신속통합기획|공공재개발|정비사업후보지
종로구,창신동,2025-09,지정,주요재건축단지|신속통합기획|공공재개발|정비사업후보지
종로구,창신동,2025-10,지정,주요재건축단지|신속통합기획|공공재개발|정비사업후보지
종로구,창신동,2025-11,지정,주요재건축단지|신속통합기획|공공재개발|정비사업후보지
종로구,창신동,2025-12,지정,주요재건축단지|신속통합기획|공공재개발|정비사업후보지
종로구,창신동,2026-01,지정,주요재건축단지|신속통합기획|공공재개발|정비사업후보지
종로구,청운동,2024-08,지정,국제교류복합지구
종로구,청운동,2024-09,지정,국제교류복합지구
종로구,청운동,2024-10,지정,국제교류복합지구
종로구,청운동,2024-11,지정,국제교류복합지구
종로구,청운동,2024-12,지정,국제교류복합지구
종로구,청운동,2025-01,불명,
종로구,청운동,2025-02,불명,
종로구,청운동,2025-03,불명,
종로구,청운동,2025-04,불명,
종로구,청운동,2025-05,불명,
종로구,청운동,2025-06,불명,
종로구,청운동,2025-07,불명,
종로구,청운동,2025-08,불명,
종로구,청운동,2025-09,불명,
종로구,청운동,2025-10,불명,
종로구,청운동,2025-11,불명,
종로구,청운동,2025-12,불명,
종로구,청운동,2026-01,불명,
종로구,청운동,2026-02,불명,
종로구,청운동,2026-03,불명,
종로구,청운동,2026-04,불명,
종로구,청운동,2026-05,불명,
종로구,청운동,2026-06,불명,
종로구,청운동,2026-07,불명,
종로구,청운동,2026-08,지정,신규주택공급후보지
종로구,체부동,2022-01,지정,미분류
종로구,체부동,2022-02,지정,미분류
종로구,체부동,2022-03,지정,미분류
종로구,체부동,2022-04,지정,미분류
종로구,체부동,2022-05,지정,미분류
종로구,체부동,2022-06,지정,미분류
종로구,체부동,2022-07,지정,미분류
종로구,체부동,2022-08,지정,미분류
종로구,체부동,2022-09,지정,미분류
종로구,체부동,2022-10,지정,미분류
종로구,체부동,2022-11,지정,미분류
종로구,체부동,2022-12,지정,미분류
종로구,체부동,2023-01,지정,미분류|신속통합기획|공공재개발
종로구,체부동,2023-02,지정,신속통합기획|공공재개발
종로구,체부동,2023-03,지정,신속통합기획|공공재개발
종로구,체부동,2023-04,지정,신속통합기획|공공재개발
종로구,체부동,2023-05,지정,신속통합기획|공공재개발
종로구,체부동,2023-06,지정,신속통합기획|공공재개발
종로구,체부동,2023-07,지정,신속통합기획|공공재개발
종로구,체부동,2023-08,지정,신속통합기획|공공재개발
종로구,체부동,2023-09,지정,신속통합기획|공공재개발
종로구,체부동,2023-10,지정,신속통합기획|공공재개발
종로구,체부동,2023-11,지정,신속통합기획|공공재개발
종로구,체부동,2023-12,지정,신속통합기획|공공재개발
종로구,체부동,2024-01,지정,신속통합기획|공공재개발
종로구,평창동,2024-08,지정,국제교류복합지구
종로구,평창동,2024-09,지정,국제교류복합지구
종로구,평창동,2024-10,지정,국제교류복합지구
종로구,평창동,2024-11,지정,국제교류복합지구
종로구,평창동,2024-12,지정,국제교류복합지구
종로구,평창동,2025-01,불명,
종로구,평창동,2025-02,불명,
종로구,평창동,2025-03,불명,
종로구,평창동,2025-04,불명,
종로구,평창동,2025-05,불명,
종로구,평창동,2025-06,불명,
종로구,평창동,2025-07,불명,
종로구,평창동,2025-08,불명,
종로구,평창동,2025-09,불명,
종로구,평창동,2025-10,불명,
종로구,평창동,2025-11,불명,
종로구,평창동,2025-12,불명,
종로구,평창동,2026-01,불명,
종로구,평창동,2026-02,불명,
종로구,평창동,2026-03,불명,
종로구,평창동,2026-04,불명,
종로구,평창동,2026-05,불명,
종로구,평창동,2026-06,불명,
종로구,평창동,2026-07,불명,
종로구,평창동,2026-08,지정,신규주택공급후보지
종로구,행촌동,2023-01,지정,주요재건축단지|정비사업후보지
종로구,행촌동,2023-02,지정,주요재건축단지|정비사업후보지
종로구,행촌동,2023-03,지정,주요재건축단지|정비사업후보지
종로구,행촌동,2023-04,지정,주요재건축단지|정비사업후보지
종로구,행촌동,2023-05,지정,주요재건축단지|정비사업후보지
종로구,행촌동,2023-06,지정,주요재건축단지|정비사업후보지
종로구,행촌동,2023-07,지정,주요재건축단지|정비사업후보지
종로구,행촌동,2023-08,지정,주요재건축단지|정비사업후보지
종로구,행촌동,2023-09,지정,주요재건축단지|정비사업후보지
종로구,행촌동,2023-10,지정,주요재건축단지|정비사업후보지
종로구,행촌동,2023-11,지정,주요재건축단지|정비사업후보지
종로구,행촌동,2023-12,지정,주요재건축단지|정비사업후보지
종로구,행촌동,2024-01,지정,주요재건축단지|정비사업후보지
종로구,홍지동,2026-08,지정,신규주택공급후보지
중구,신당동,2023-01,지정,신속통합기획|공공재개발
중구,신당동,2023-02,지정,신속통합기획|공공재개발
중구,신당동,2023-03,지정,신속통합기획|공공재개발
중구,신당동,2023-04,지정,신속통합기획|공공재개발
중구,신당동,2023-05,지정,신속통합기획|공공재개발
중구,신당동,2023-06,지정,신속통합기획|공공재개발
중구,신당동,2023-07,지정,신속통합기획|공공재개발
중구,신당동,2023-08,지정,신속통합기획|공공재개발
중구,신당동,2023-09,지정,신속통합기획|공공재개발
중구,신당동,2023-10,지정,신속통합기획|공공재개발
중구,신당동,2023-11,지정,신속통합기획|공공재개발
중구,신당동,2023-12,지정,신속통합기획|공공재개발
중구,신당동,2024-01,지정,신속통합기획|공공재개발|신속통합기획|공공재개발|정비사업후보지
중구,신당동,2024-02,지정,신속통합기획|공공재개발|정비사업후보지
중구,신당동,2024-03,지정,신속통합기획|공공재개발|정비사업후보지
중구,신당동,2024-04,지정,신속통합기획|공공재개발|정비사업후보지
중구,신당동,2024-05,지정,신속통합기획|공공재개발|정비사업후보지
중구,신당동,2024-06,지정,신속통합기획|공공재개발|정비사업후보지
중구,신당동,2024-07,지정,신속통합기획|공공재개발|정비사업후보지
중구,신당동,2024-08,지정,신속통합기획|공공재개발|정비사업후보지
중구,신당동,2024-09,지정,신속통합기획|공공재개발|정비사업후보지|주요재건축단지|모아타운
중구,신당동,2024-10,지정,신속통합기획|공공재개발|정비사업후보지|주요재건축단지|모아타운
중구,신당동,2024-11,지정,신속통합기획|공공재개발|정비사업후보지|주요재건축단지|모아타운
중구,신당동,2024-12,지정,신속통합기획|공공재개발|정비사업후보지|주요재건축단지|모아타운
중구,신당동,2025-01,지정,신속통합기획|공공재개발|정비사업후보지|주요재건축단지|모아타운
중구,신당동,2025-02,지정,주요재건축단지|모아타운
중구,신당동,2025-03,지정,주요재건축단지|모아타운
중구,신당동,2025-04,지정,주요재건축단지|모아타운
중구,신당동,2025-05,지정,주요재건축단지|모아타운
중구,신당동,2025-06,지정,주요재건축단지|모아타운
중구,신당동,2025-07,지정,주요재건축단지|모아타운
중구,신당동,2025-08,지정,주요재건축단지|모아타운
중구,신당동,2025-09,지정,주요재건축단지|모아타운
중구,신당동,2025-10,지정,주요재건축단지|모아타운
중구,신당동,2025-11,지정,주요재건축단지|모아타운
중구,신당동,2025-12,지정,주요재건축단지|모아타운
중구,신당동,2026-01,지정,주요재건축단지|모아타운
중구,신당동,2026-02,지정,주요재건축단지|모아타운
중구,신당동,2026-03,지정,주요재건축단지|모아타운
중구,신당동,2026-04,지정,주요재건축단지|모아타운
중구,신당동,2026-05,지정,주요재건축단지|모아타운
중구,신당동,2026-06,지정,주요재건축단지|모아타운
중구,신당동,2026-07,지정,주요재건축단지|모아타운
중구,신당동,2026-08,지정,주요재건축단지|모아타운
중구,장충동2가,2022-01,지정,미분류
중구,장충동2가,2022-02,지정,미분류
중구,장충동2가,2022-03,지정,미분류
중구,장충동2가,2022-04,지정,미분류
중구,장충동2가,2022-05,지정,미분류
중구,장충동2가,2022-06,지정,미분류
중구,장충동2가,2022-07,지정,미분류
중구,장충동2가,2022-08,지정,미분류
중구,장충동2가,2022-09,지정,미분류
중구,장충동2가,2022-10,지정,미분류
중구,장충동2가,2022-11,지정,미분류
중구,장충동2가,2022-12,지정,미분류
중구,장충동2가,2023-01,지정,미분류|신속통합기획|공공재개발
중구,장충동2가,2023-02,지정,신속통합기획|공공재개발
중구,장충동2가,2023-03,지정,신속통합기획|공공재개발
중구,장충동2가,2023-04,지정,신속통합기획|공공재개발
중구,장충동2가,2023-05,지정,신속통합기획|공공재개발
중구,장충동2가,2023-06,지정,신속통합기획|공공재개발
중구,장충동2가,2023-07,지정,신속통합기획|공공재개발
중구,장충동2가,2023-08,지정,신속통합기획|공공재개발
중구,장충동2가,2023-09,지정,신속통합기획|공공재개발
중구,장충동2가,2023-10,지정,신속통합기획|공공재개발
중구,장충동2가,2023-11,지정,신속통합기획|공공재개발
중구,장충동2가,2023-12,지정,신속통합기획|공공재개발
중구,장충동2가,2024-01,지정,신속통합기획|공공재개발|신속통합기획|공공재개발|정비사업후보지
중구,장충동2가,2024-02,지정,신속통합기획|공공재개발|정비사업후보지
중구,장충동2가,2024-03,지정,신속통합기획|공공재개발|정비사업후보지
중구,장충동2가,2024-04,지정,신속통합기획|공공재개발|정비사업후보지
중구,장충동2가,2024-05,지정,신속통합기획|공공재개발|정비사업후보지
중구,장충동2가,2024-06,지정,신속통합기획|공공재개발|정비사업후보지
중구,장충동2가,2024-07,지정,신속통합기획|공공재개발|정비사업후보지
중구,장충동2가,2024-08,지정,신속통합기획|공공재개발|정비사업후보지
중구,장충동2가,2024-09,지정,신속통합기획|공공재개발|정비사업후보지
중구,장충동2가,2024-10,지정,신속통합기획|공공재개발|정비사업후보지
중구,장충동2가,2024-11,지정,신속통합기획|공공재개발|정비사업후보지
중구,장충동2가,2024-12,지정,신속통합기획|공공재개발|정비사업후보지
중구,장충동2가,2025-01,지정,신속통합기획|공공재개발|정비사업후보지
중랑구,망우동,2022-01,지정,미분류
중랑구,망우동,2022-02,지정,미분류
중랑구,망우동,2022-03,지정,미분류
중랑구,망우동,2022-04,지정,미분류
중랑구,망우동,2022-05,지정,미분류
중랑구,망우동,2022-06,지정,미분류
중랑구,망우동,2022-07,지정,미분류
중랑구,망우동,2022-08,지정,미분류
중랑구,망우동,2022-09,지정,미분류
중랑구,망우동,2022-10,지정,미분류
중랑구,망우동,2022-11,지정,미분류
중랑구,망우동,2022-12,지정,미분류
중랑구,망우동,2023-01,지정,미분류|주요재건축단지|정비사업후보지
중랑구,망우동,2023-02,지정,주요재건축단지|정비사업후보지
중랑구,망우동,2023-03,지정,주요재건축단지|정비사업후보지
중랑구,망우동,2023-04,지정,주요재건축단지|정비사업후보지
중랑구,망우동,2023-05,지정,주요재건축단지|정비사업후보지
중랑구,망우동,2023-06,지정,주요재건축단지|정비사업후보지
중랑구,망우동,2023-07,지정,주요재건축단지|정비사업후보지
중랑구,망우동,2023-08,지정,주요재건축단지|정비사업후보지
중랑구,망우동,2023-09,지정,주요재건축단지|정비사업후보지
중랑구,망우동,2023-10,지정,주요재건축단지|정비사업후보지
중랑구,망우동,2023-11,지정,주요재건축단지|정비사업후보지
중랑구,망우동,2023-12,지정,주요재건축단지|정비사업후보지
중랑구,망우동,2024-01,지정,주요재건축단지|정비사업후보지
중랑구,망우동,2024-02,불명,
중랑구,망우동,2024-03,불명,
중랑구,망우동,2024-04,불명,
중랑구,망우동,2024-05,불명,
중랑구,망우동,2024-06,불명,
중랑구,망우동,2024-07,불명,
중랑구,망우동,2024-08,지정,국제교류복합지구
중랑구,망우동,2024-09,지정,국제교류복합지구|주요재건축단지|모아타운
중랑구,망우동,2024-10,지정,국제교류복합지구|주요재건축단지|모아타운
중랑구,망우동,2024-11,지정,국제교류복합지구|주요재건축단지|모아타운
중랑구,망우동,2024-12,지정,국제교류복합지구|주요재건축단지|모아타운
중랑구,망우동,2025-01,지정,주요재건축단지|모아타운
중랑구,망우동,2025-02,지정,주요재건축단지|모아타운
중랑구,망우동,2025-03,지정,주요재건축단지|모아타운
중랑구,망우동,2025-04,지정,주요재건축단지|모아타운
중랑구,망우동,2025-05,지정,주요재건축단지|모아타운
중랑구,망우동,2025-06,지정,주요재건축단지|모아타운
중랑구,망우동,2025-07,지정,주요재건축단지|모아타운
중랑구,망우동,2025-08,지정,주요재건축단지|모아타운
중랑구,망우동,2025-09,지정,주요재건축단지|모아타운
중랑구,망우동,2025-10,지정,주요재건축단지|모아타운
중랑구,망우동,2025-11,지정,주요재건축단지|모아타운
중랑구,망우동,2025-12,지정,주요재건축단지|모아타운
중랑구,망우동,2026-01,지정,주요재건축단지|모아타운
중랑구,망우동,2026-02,지정,주요재건축단지|모아타운
중랑구,망우동,2026-03,지정,주요재건축단지|모아타운
중랑구,망우동,2026-04,지정,주요재건축단지|모아타운
중랑구,망우동,2026-05,지정,주요재건축단지|모아타운
중랑구,망우동,2026-06,지정,주요재건축단지|모아타운
중랑구,망우동,2026-07,지정,주요재건축단지|모아타운
중랑구,망우동,2026-08,지정,신규주택공급후보지|주요재건축단지|모아타운
중랑구,면목동,2022-01,지정,미분류
중랑구,면목동,2022-02,지정,미분류
중랑구,면목동,2022-03,지정,미분류
중랑구,면목동,2022-04,지정,미분류
중랑구,면목동,2022-05,지정,미분류
중랑구,면목동,2022-06,지정,미분류
중랑구,면목동,2022-07,지정,미분류
중랑구,면목동,2022-08,지정,미분류
중랑구,면목동,2022-09,지정,미분류
중랑구,면목동,2022-10,지정,미분류
중랑구,면목동,2022-11,지정,미분류
중랑구,면목동,2022-12,지정,미분류
중랑구,면목동,2023-01,지정,미분류|신속통합기획|공공재개발|정비사업후보지
중랑구,면목동,2023-02,지정,신속통합기획|공공재개발|정비사업후보지
중랑구,면목동,2023-03,지정,신속통합기획|공공재개발|정비사업후보지
중랑구,면목동,2023-04,지정,신속통합기획|공공재개발|정비사업후보지
중랑구,면목동,2023-05,지정,신속통합기획|공공재개발|정비사업후보지
중랑구,면목동,2023-06,지정,신속통합기획|공공재개발|정비사업후보지
중랑구,면목동,2023-07,지정,신속통합기획|공공재개발|정비사업후보지
중랑구,면목동,2023-08,지정,신속통합기획|공공재개발|정비사업후보지
중랑구,면목동,2023-09,지정,신속통합기획|공공재개발|정비사업후보지
중랑구,면목동,2023-10,지정,신속통합기획|공공재개발|정비사업후보지
중랑구,면목동,2023-11,지정,신속통합기획|공공재개발|정비사업후보지
중랑구,면목동,2023-12,지정,신속통합기획|공공재개발|정비사업후보지
중랑구,면목동,2024-01,지정,신속통합기획|공공재개발|신속통합기획|공공재개발|정비사업후보지|정비사업후보지
중랑구,면목동,2024-02,지정,신속통합기획|공공재개발|정비사업후보지
중랑구,면목동,2024-03,지정,신속통합기획|공공재개발|정비사업후보지
중랑구,면목동,2024-04,지정,신속통합기획|공공재개발|정비사업후보지
중랑구,면목동,2024-05,지정,신속통합기획|공공재개발|정비사업후보지
중랑구,면목동,2024-06,지정,신속통합기획|공공재개발|정비사업후보지
중랑구,면목동,2024-07,지정,신속통합기획|공공재개발|정비사업후보지
중랑구,면목동,2024-08,지정,국제교류복합지구|신속통합기획|공공재개발|정비사업후보지
중랑구,면목동,2024-09,지정,국제교류복합지구|신속통합기획|공공재개발|정비사업후보지|주요재건축단지|모아타운
중랑구,면목동,2024-10,지정,국제교류복합지구|신속통합기획|공공재개발|정비사업후보지|주요재건축단지|모아타운
중랑구,면목동,2024-11,지정,국제교류복합지구|신속통합기획|공공재개발|정비사업후보지|주요재건축단지|모아타운
중랑구,면목동,2024-12,지정,국제교류복합지구|신속통합기획|공공재개발|정비사업후보지|주요재건축단지|모아타운
중랑구,면목동,2025-01,지정,신속통합기획|공공재개발|정비사업후보지|주요재건축단지|모아타운|주요재건축단지|신속통합기획|공공재개발|정비사업후보지
중랑구,면목동,2025-02,지정,주요재건축단지|모아타운|주요재건축단지|신속통합기획|공공재개발|정비사업후보지
중랑구,면목동,2025-03,지정,주요재건축단지|모아타운|주요재건축단지|신속통합기획|공공재개발|정비사업후보지
중랑구,면목동,2025-04,지정,주요재건축단지|모아타운|주요재건축단지|신속통합기획|공공재개발|정비사업후보지
중랑구,면목동,2025-05,지정,주요재건축단지|모아타운|주요재건축단지|신속통합기획|공공재개발|정비사업후보지
중랑구,면목동,2025-06,지정,주요재건축단지|모아타운|주요재건축단지|신속통합기획|공공재개발|정비사업후보지
중랑구,면목동,2025-07,지정,주요재건축단지|모아타운|주요재건축단지|신속통합기획|공공재개발|정비사업후보지
중랑구,면목동,2025-08,지정,주요재건축단지|모아타운|주요재건축단지|신속통합기획|공공재개발|정비사업후보지
중랑구,면목동,2025-09,지정,주요재건축단지|모아타운|주요재건축단지|신속통합기획|공공재개발|정비사업후보지
중랑구,면목동,2025-10,지정,주요재건축단지|모아타운|주요재건축단지|신속통합기획|공공재개발|정비사업후보지
중랑구,면목동,2025-11,지정,주요재건축단지|모아타운|주요재건축단지|신속통합기획|공공재개발|정비사업후보지
중랑구,면목동,2025-12,지정,주요재건축단지|모아타운|주요재건축단지|신속통합기획|공공재개발|정비사업후보지
중랑구,면목동,2026-01,지정,주요재건축단지|모아타운|주요재건축단지|신속통합기획|공공재개발|정비사업후보지
중랑구,면목동,2026-02,지정,주요재건축단지|모아타운
중랑구,면목동,2026-03,지정,주요재건축단지|모아타운
중랑구,면목동,2026-04,지정,주요재건축단지|모아타운
중랑구,면목동,2026-05,지정,주요재건축단지|모아타운
중랑구,면목동,2026-06,지정,주요재건축단지|모아타운
중랑구,면목동,2026-07,지정,주요재건축단지|모아타운
중랑구,면목동,2026-08,지정,신규주택공급후보지|주요재건축단지|모아타운
중랑구,묵동,2024-09,지정,주요재건축단지|모아타운
중랑구,묵동,2024-10,지정,주요재건축단지|모아타운
중랑구,묵동,2024-11,지정,주요재건축단지|모아타운
중랑구,묵동,2024-12,지정,주요재건축단지|모아타운
중랑구,묵동,2025-01,지정,주요재건축단지|모아타운
중랑구,묵동,2025-02,지정,주요재건축단지|모아타운
중랑구,묵동,2025-03,지정,주요재건축단지|모아타운
중랑구,묵동,2025-04,지정,주요재건축단지|모아타운
중랑구,묵동,2025-05,지정,주요재건축단지|모아타운
중랑구,묵동,2025-06,지정,주요재건축단지|모아타운
중랑구,묵동,2025-07,지정,주요재건축단지|모아타운
중랑구,묵동,2025-08,지정,주요재건축단지|모아타운
중랑구,묵동,2025-09,지정,주요재건축단지|모아타운
중랑구,묵동,2025-10,지정,주요재건축단지|모아타운
중랑구,묵동,2025-11,지정,주요재건축단지|모아타운
중랑구,묵동,2025-12,지정,주요재건축단지|모아타운
중랑구,묵동,2026-01,지정,주요재건축단지|모아타운
중랑구,묵동,2026-02,지정,주요재건축단지|모아타운
중랑구,묵동,2026-03,지정,주요재건축단지|모아타운
중랑구,묵동,2026-04,지정,주요재건축단지|모아타운
중랑구,묵동,2026-05,지정,주요재건축단지|모아타운
중랑구,묵동,2026-06,지정,주요재건축단지|모아타운
중랑구,묵동,2026-07,지정,주요재건축단지|모아타운
중랑구,묵동,2026-08,지정,주요재건축단지|모아타운
중랑구,상봉동,2024-09,지정,주요재건축단지|모아타운
중랑구,상봉동,2024-10,지정,주요재건축단지|모아타운
중랑구,상봉동,2024-11,지정,주요재건축단지|모아타운
중랑구,상봉동,2024-12,지정,주요재건축단지|모아타운
중랑구,상봉동,2025-01,지정,주요재건축단지|모아타운
중랑구,상봉동,2025-02,지정,주요재건축단지|모아타운
중랑구,상봉동,2025-03,지정,주요재건축단지|모아타운
중랑구,상봉동,2025-04,지정,주요재건축단지|모아타운
중랑구,상봉동,2025-05,지정,주요재건축단지|모아타운
중랑구,상봉동,2025-06,지정,주요재건축단지|모아타운
중랑구,상봉동,2025-07,지정,주요재건축단지|모아타운
중랑구,상봉동,2025-08,지정,주요재건축단지|모아타운
중랑구,상봉동,2025-09,지정,주요재건축단지|모아타운
중랑구,상봉동,2025-10,지정,주요재건축단지|모아타운
중랑구,상봉동,2025-11,지정,주요재건축단지|모아타운
중랑구,상봉동,2025-12,지정,주요재건축단지|모아타운
중랑구,상봉동,2026-01,지정,주요재건축단지|모아타운
중랑구,상봉동,2026-02,지정,주요재건축단지|모아타운
중랑구,상봉동,2026-03,지정,주요재건축단지|모아타운
중랑구,상봉동,2026-04,지정,주요재건축단지|모아타운
중랑구,상봉동,2026-05,지정,주요재건축단지|모아타운
중랑구,상봉동,2026-06,지정,주요재건축단지|모아타운
중랑구,상봉동,2026-07,지정,주요재건축단지|모아타운
중랑구,상봉동,2026-08,지정,주요재건축단지|모아타운
중랑구,신내동,2024-08,지정,국제교류복합지구
중랑구,신내동,2024-09,지정,국제교류복합지구
중랑구,신내동,2024-10,지정,국제교류복합지구
중랑구,신내동,2024-11,지정,국제교류복합지구
중랑구,신내동,2024-12,지정,국제교류복합지구
중랑구,신내동,2025-01,불명,
중랑구,신내동,2025-02,불명,
중랑구,신내동,2025-03,불명,
중랑구,신내동,2025-04,불명,
중랑구,신내동,2025-05,불명,
중랑구,신내동,2025-06,불명,
중랑구,신내동,2025-07,불명,
중랑구,신내동,2025-08,불명,
중랑구,신내동,2025-09,불명,
중랑구,신내동,2025-10,불명,
중랑구,신내동,2025-11,불명,
중랑구,신내동,2025-12,불명,
중랑구,신내동,2026-01,불명,
중랑구,신내동,2026-02,불명,
중랑구,신내동,2026-03,불명,
중랑구,신내동,2026-04,불명,
중랑구,신내동,2026-05,불명,
중랑구,신내동,2026-06,불명,
중랑구,신내동,2026-07,불명,
중랑구,신내동,2026-08,지정,신규주택공급후보지
중랑구,중화동,2021-04,지정,공공재개발
중랑구,중화동,2021-05,지정,공공재개발
중랑구,중화동,2021-06,지정,공공재개발
중랑구,중화동,2021-07,지정,공공재개발
중랑구,중화동,2021-08,지정,공공재개발
중랑구,중화동,2021-09,지정,공공재개발
중랑구,중화동,2021-10,지정,공공재개발
중랑구,중화동,2021-11,지정,공공재개발
중랑구,중화동,2021-12,지정,공공재개발
중랑구,중화동,2022-01,지정,공공재개발
중랑구,중화동,2022-02,지정,공공재개발
중랑구,중화동,2022-03,지정,공공재개발
중랑구,중화동,2022-04,지정,공공재개발
중랑구,중화동,2022-05,지정,공공재개발
중랑구,중화동,2022-06,지정,공공재개발
중랑구,중화동,2022-07,지정,공공재개발
중랑구,중화동,2022-08,지정,공공재개발
중랑구,중화동,2022-09,지정,공공재개발
중랑구,중화동,2022-10,지정,공공재개발
중랑구,중화동,2022-11,지정,공공재개발
중랑구,중화동,2022-12,지정,공공재개발
중랑구,중화동,2023-01,지정,공공재개발
중랑구,중화동,2023-02,지정,공공재개발
중랑구,중화동,2023-03,지정,공공재개발
중랑구,중화동,2023-04,지정,공공재개발|신속통합기획|공공재개발
중랑구,중화동,2023-05,지정,신속통합기획|공공재개발
중랑구,중화동,2023-06,지정,신속통합기획|공공재개발
중랑구,중화동,2023-07,지정,신속통합기획|공공재개발
중랑구,중화동,2023-08,지정,신속통합기획|공공재개발
중랑구,중화동,2023-09,지정,신속통합기획|공공재개발
중랑구,중화동,2023-10,지정,신속통합기획|공공재개발
중랑구,중화동,2023-11,지정,신속통합기획|공공재개발
중랑구,중화동,2023-12,지정,신속통합기획|공공재개발
중랑구,중화동,2024-01,지정,신속통합기획|공공재개발
중랑구,중화동,2024-02,지정,신속통합기획|공공재개발
중랑구,중화동,2024-03,지정,신속통합기획|공공재개발
중랑구,중화동,2024-04,지정,공공재개발|신속통합기획|공공재개발|신속통합기획|공공재개발|정비사업후보지
중랑구,중화동,2024-05,지정,공공재개발|신속통합기획|공공재개발|정비사업후보지
중랑구,중화동,2024-06,지정,공공재개발|신속통합기획|공공재개발|정비사업후보지
중랑구,중화동,2024-07,지정,공공재개발|신속통합기획|공공재개발|정비사업후보지
중랑구,중화동,2024-08,지정,공공재개발|신속통합기획|공공재개발|정비사업후보지
중랑구,중화동,2024-09,지정,공공재개발|신속통합기획|공공재개발|정비사업후보지|주요재건축단지|모아타운
중랑구,중화동,2024-10,지정,공공재개발|신속통합기획|공공재개발|정비사업후보지|주요재건축단지|모아타운
중랑구,중화동,2024-11,지정,공공재개발|신속통합기획|공공재개발|정비사업후보지|주요재건축단지|모아타운
중랑구,중화동,2024-12,지정,공공재개발|신속통합기획|공공재개발|정비사업후보지|주요재건축단지|모아타운
중랑구,중화동,2025-01,지정,공공재개발|신속통합기획|공공재개발|정비사업후보지|주요재건축단지|모아타운
중랑구,중화동,2025-02,지정,공공재개발|신속통합기획|공공재개발|정비사업후보지|주요재건축단지|모아타운
중랑구,중화동,2025-03,지정,공공재개발|신속통합기획|공공재개발|정비사업후보지|주요재건축단지|모아타운
중랑구,중화동,2025-04,지정,공공재개발|신속통합기획|공공재개발|정비사업후보지|주요재건축단지|모아타운
중랑구,중화동,2025-05,지정,주요재건축단지|모아타운
중랑구,중화동,2025-06,지정,주요재건축단지|모아타운
중랑구,중화동,2025-07,지정,주요재건축단지|모아타운
중랑구,중화동,2025-08,지정,주요재건축단지|모아타운
중랑구,중화동,2025-09,지정,주요재건축단지|모아타운
중랑구,중화동,2025-10,지정,주요재건축단지|모아타운
중랑구,중화동,2025-11,지정,주요재건축단지|모아타운
중랑구,중화동,2025-12,지정,주요재건축단지|모아타운
중랑구,중화동,2026-01,지정,주요재건축단지|모아타운
중랑구,중화동,2026-02,지정,주요재건축단지|모아타운
중랑구,중화동,2026-03,지정,주요재건축단지|모아타운
중랑구,중화동,2026-04,지정,주요재건축단지|모아타운
중랑구,중화동,2026-05,지정,주요재건축단지|모아타운
중랑구,중화동,2026-06,지정,주요재건축단지|모아타운
중랑구,중화동,2026-07,지정,주요재건축단지|모아타운
중랑구,중화동,2026-08,지정,주요재건축단지|모아타운
