파일,계열,효력일,종료일,자치구,법정동,지번,단위,면적_km2,면적공유
시보20231116_p3-8,국제교류복합지구|신속통합기획|공공재개발|정비사업후보지,,,강남구,대치동,,법정동,9.2,True
시보20250213_p3-25,국제교류복합지구|신속통합기획,,,강남구,대치동,,법정동,13.04,True
시보20231116_p3-8,국제교류복합지구|신속통합기획|공공재개발|정비사업후보지,,,강남구,삼성동,,법정동,9.2,True
시보20250213_p3-25,국제교류복합지구|신속통합기획,,,강남구,삼성동,,법정동,13.04,True
시보20231116_p3-8,국제교류복합지구|신속통합기획|공공재개발|정비사업후보지,,,강남구,일원동,630,법정동,0.042,False
시보20231116_p3-8,국제교류복합지구|신속통합기획|공공재개발|정비사업후보지,,,강남구,일원동,649,법정동,0.053,False
시보20231116_p3-8,국제교류복합지구|신속통합기획|공공재개발|정비사업후보지,,,강남구,청담동,,법정동,9.2,True
시보20250213_p3-25,국제교류복합지구|신속통합기획,,,강남구,청담동,,법정동,13.04,True
시보20231116_p3-8,국제교류복합지구|신속통합기획|공공재개발|정비사업후보지,,,강동구,고덕동,536,법정동,0.05,False
시보20231116_p3-8,국제교류복합지구|신속통합기획|공공재개발|정비사업후보지,,,강동구,상일동,300,법정동,0.059,False
시보20231116_p3-8,국제교류복합지구|신속통합기획|공공재개발|정비사업후보지,,,강북구,수유동,391,법정동,0.035,False
시보20250213_p3-25,국제교류복합지구|신속통합기획,,,강서구,방화동,589-13,법정동,0.035,False
시보20231116_p3-8,국제교류복합지구|신속통합기획|공공재개발|정비사업후보지,,,관악구,신림동,650,법정동,0.103,False
시보20250611_p206-233,국제교류복합지구|신속통합기획|정비사업후보지,,,관악구,신림동,610-200,법정동,,False
시보20250611_p206-233,국제교류복합지구|신속통합기획|정비사업후보지,,,관악구,신림동,119-1,법정동,,False
시보20231116_p3-8,국제교류복합지구|신속통합기획|공공재개발|정비사업후보지,,,구로구,개봉동,70-54,법정동,0.094,False
시보20231116_p3-8,국제교류복합지구|신속통합기획|공공재개발|정비사업후보지,,,구로구,개봉동,49,법정동,0.023,False
시보20231116_p3-8,국제교류복합지구|신속통합기획|공공재개발|정비사업후보지,,,구로구,오류동,168-9,법정동,0.012,False
시보20231116_p3-8,국제교류복합지구|신속통합기획|공공재개발|정비사업후보지,,,금천구,독산동,378,법정동,0.152,False
시보20250611_p206-233,국제교류복합지구|신속통합기획|정비사업후보지,,,금천구,독산동,380,법정동,,False
시보20231116_p3-8,국제교류복합지구|신속통합기획|공공재개발|정비사업후보지,,,도봉구,방학동,641,법정동,0.076,False
시보20250611_p206-233,국제교류복합지구|신속통합기획|정비사업후보지,,,도봉구,쌍문동,26,법정동,,False
시보20231116_p3-8,국제교류복합지구|신속통합기획|공공재개발|정비사업후보지,,,동대문구,전농동,124-39,법정동,0.026,False
시보20231116_p3-8,국제교류복합지구|신속통합기획|공공재개발|정비사업후보지,,,동대문구,전농동,152-65,법정동,0.065,False
시보20231116_p3-8,국제교류복합지구|신속통합기획|공공재개발|정비사업후보지,,,동대문구,휘경동,295,법정동,0.066,False
시보20231116_p3-8,국제교류복합지구|신속통합기획|공공재개발|정비사업후보지,,,동작구,사당동,63-1,법정동,0.038,False
시보20231116_p3-8,국제교류복합지구|신속통합기획|공공재개발|정비사업후보지,,,동작구,흑석동,204,법정동,0.046,False
시보20231116_p3-8,국제교류복합지구|신속통합기획|공공재개발|정비사업후보지,,,서대문구,홍은동,8-1093,법정동,0.027,False
시보20231116_p3-8,국제교류복합지구|신속통합기획|공공재개발|정비사업후보지,,,서대문구,홍제동,298-9,법정동,0.026,False
시보20231116_p3-8,국제교류복합지구|신속통합기획|공공재개발|정비사업후보지,,,서대문구,홍제동,5,법정동,0.029,False
시보20231116_p3-8,국제교류복합지구|신속통합기획|공공재개발|정비사업후보지,,,성북구,삼선동1가,280,법정동,0.056,False
시보20231116_p3-8,국제교류복합지구|신속통합기획|공공재개발|정비사업후보지,,,성북구,성북동,3-38,법정동,0.068,False
시보20250611_p206-233,국제교류복합지구|신속통합기획|정비사업후보지,,,성북구,장위동,219-90,법정동,,False
시보20250611_p206-233,국제교류복합지구|신속통합기획|정비사업후보지,,,성북구,장위동,224-12,법정동,,False
시보20231116_p3-8,국제교류복합지구|신속통합기획|공공재개발|정비사업후보지,,,성북구,정릉동,642,법정동,0.027,False
시보20231116_p3-8,국제교류복합지구|신속통합기획|공공재개발|정비사업후보지,,,성북구,정릉동,314,법정동,0.023,False
시보20250611_p206-233,국제교류복합지구|신속통합기획|정비사업후보지,,,성북구,정릉동,710-81,법정동,,False
시보20231116_p3-8,국제교류복합지구|신속통합기획|공공재개발|정비사업후보지,,,송파구,잠실동,,법정동,5.2,False
시보20231116_p3-8,국제교류복합지구|신속통합기획|공공재개발|정비사업후보지,,,양천구,신월동,159,법정동,0.092,False
시보20250213_p3-25,국제교류복합지구|신속통합기획,,,양천구,신정동,1152,법정동,0.044,False
시보20250611_p206-233,국제교류복합지구|신속통합기획|정비사업후보지,,,양천구,신정동,922,법정동,,False
시보20231116_p3-8,국제교류복합지구|신속통합기획|공공재개발|정비사업후보지,,,영등포구,대림동,777-1,법정동,0.038,False
시보20231116_p3-8,국제교류복합지구|신속통합기획|공공재개발|정비사업후보지,,,영등포구,신길동,314-2,법정동,0.081,False
시보20250611_p206-233,국제교류복합지구|신속통합기획|정비사업후보지,,,영등포구,신길동,3922,법정동,,False
시보20231116_p3-8,국제교류복합지구|신속통합기획|공공재개발|정비사업후보지,,,영등포구,양평동6가,45,법정동,0.016,False
시보20231116_p3-8,국제교류복합지구|신속통합기획|공공재개발|정비사업후보지,,,용산구,원효로3가,1,법정동,0.038,False
시보20231116_p3-8,국제교류복합지구|신속통합기획|공공재개발|정비사업후보지,,,용산구,원효로3가,200,법정동,0.035,False
시보20231116_p3-8,국제교류복합지구|신속통합기획|공공재개발|정비사업후보지,,,용산구,이태원동,730,법정동,0.047,False
시보20231116_p3-8,국제교류복합지구|신속통합기획|공공재개발|정비사업후보지,,,용산구,이태원동,206,법정동,0.059,False
시보20250611_p206-233,국제교류복합지구|신속통합기획|정비사업후보지,,,용산구,청파동1가,97-35,법정동,,False
시보20231116_p3-8,국제교류복합지구|신속통합기획|공공재개발|정비사업후보지,,,은평구,불광동,16-111,법정동,0.036,False
시보20231116_p3-8,국제교류복합지구|신속통합기획|공공재개발|정비사업후보지,,,은평구,응암동,675,법정동,0.039,False
시보20250611_p206-233,국제교류복합지구|신속통합기획|정비사업후보지,,,은평구,응암동,675,법정동,,False
시보20231116_p3-8,국제교류복합지구|신속통합기획|공공재개발|정비사업후보지,,,종로구,창신동,142-17,법정동,0.056,False
시보20231116_p3-8,국제교류복합지구|신속통합기획|공공재개발|정비사업후보지,,,종로구,체부동,127,법정동,0.044,False
시보20231116_p3-8,국제교류복합지구|신속통합기획|공공재개발|정비사업후보지,,,종로구,행촌동,210-678,법정동,0.073,False
시보20231116_p3-8,국제교류복합지구|신속통합기획|공공재개발|정비사업후보지,,,중랑구,면목동,399-28,법정동,0.059,False
시보20250213_p3-25,국제교류복합지구|신속통합기획,,,중랑구,면목동,69-14,법정동,0.06,False
시보20231116_p3-8,국제교류복합지구|신속통합기획|공공재개발|정비사업후보지,,,중랑구,중화동,313-12,법정동,0.054,False
국토교통부공고제2020-657호(토지거래허가구역 지정),자연녹지|용산정비창,2020-05-20,2021-05-19,용산구,용산동3가,,법정동,0.01,False
국토교통부공고제2020-657호(토지거래허가구역 지정),자연녹지|용산정비창,2020-05-20,2021-05-19,용산구,이촌동,,법정동,0.05,False
국토교통부공고제2020-657호(토지거래허가구역 지정),자연녹지|용산정비창,2020-05-20,2021-05-19,용산구,한강로1가,,법정동,0.05,False
국토교통부공고제2020-657호(토지거래허가구역 지정),자연녹지|용산정비창,2020-05-20,2021-05-19,용산구,한강로2가,,법정동,0.04,False
국토교통부공고제2020-657호(토지거래허가구역 지정),자연녹지|용산정비창,2020-05-20,2021-05-19,용산구,한강로3가,,법정동,0.61,False
시보2020호3590_p105-107,국제교류복합지구,2020-06-23,2021-06-22,강남구,대치동,,법정동,9.2,True
시보2020호3590_p105-107,국제교류복합지구,2020-06-23,2021-06-22,강남구,삼성동,,법정동,9.2,True
시보2020호3590_p105-107,국제교류복합지구,2020-06-23,2021-06-22,강남구,청담동,,법정동,9.2,True
시보2020호3590_p105-107,국제교류복합지구,2020-06-23,2021-06-22,송파구,잠실동,,법정동,5.2,False
국토교통부공고제2020-1632호(토지거래허가구역 재지정),미분류,2020-12-26,2021-12-25,강서구,오곡동,,법정동,0.02,False
시보20210330_p16-33,공공재개발,2021-04-04,2022-04-03,강동구,천호동,467-61,법정동,,False
시보20210330_p16-33,공공재개발,2021-04-04,2022-04-03,노원구,상계동,71-183,법정동,0.104,False
시보20210330_p16-33,공공재개발,2021-04-04,2022-04-03,동대문구,전농동,103-27,법정동,0.044878,False
시보20210330_p16-33,공공재개발,2021-04-04,2022-04-03,동작구,본동,47,법정동,0.051696,False
시보20210330_p16-33,공공재개발,2021-04-04,2022-04-03,서대문구,연희동,721-6,법정동,0.049745,False
시보20210330_p16-33,공공재개발,2021-04-04,2022-04-03,서대문구,충정로3가,281-11,법정동,0.008075,False
시보20210330_p16-33,공공재개발,2021-04-04,2022-04-03,서대문구,홍은동,48-163,법정동,0.011466,False
시보20210330_p16-33,공공재개발,2021-04-04,2022-04-03,성동구,금호동4가,1109,법정동,0.030706,False
시보20210330_p16-33,공공재개발,2021-04-04,2022-04-03,성북구,성북동,179-68,법정동,0.109336,False
시보20210330_p16-33,공공재개발,2021-04-04,2022-04-03,성북구,장위동,85,법정동,0.116402,False
시보20210330_p16-33,공공재개발,2021-04-04,2022-04-03,성북구,장위동,238-83,법정동,0.085878,False
시보20210330_p16-33,공공재개발,2021-04-04,2022-04-03,송파구,거여동,551-14,법정동,0.063995,False
시보20210330_p16-33,공공재개발,2021-04-04,2022-04-03,양천구,신월동,941,법정동,0.090346,False
시보20210330_p16-33,공공재개발,2021-04-04,2022-04-03,영등포구,신길동,147-80,법정동,0.059379,False
시보20210330_p16-33,공공재개발,2021-04-04,2022-04-03,종로구,숭인동,1169,법정동,,False
시보20210330_p16-33,공공재개발,2021-04-04,2022-04-03,중랑구,중화동,122,법정동,0.037662,False
시보20210422_p253-257,주요재건축단지,2021-04-27,2022-04-26,강남구,압구정동,,법정동,1.149476,False
시보20210422_p253-257,주요재건축단지,2021-04-27,2022-04-26,성동구,성수동1가,,법정동,0.530399,True
시보20210422_p253-257,주요재건축단지,2021-04-27,2022-04-26,성동구,성수동2가,,법정동,0.530399,True
시보20210422_p253-257,주요재건축단지,2021-04-27,2022-04-26,양천구,목동,,법정동,2.28213,False
시보20210422_p253-257,주요재건축단지,2021-04-27,2022-04-26,영등포구,여의도동,,법정동,0.616034,False
국토교통부공고제2021-658호(토지거래허가구역 재지정 공고),미분류,2021-05-20,2022-05-19,용산구,이촌동,,법정동,0.05,False
시보20210609_p356-358,국제교류복합지구,2021-06-23,2022-06-22,강남구,대치동,,법정동,9.2,True
시보20210609_p356-358,국제교류복합지구,2021-06-23,2022-06-22,강남구,삼성동,,법정동,9.2,True
시보20210609_p356-358,국제교류복합지구,2021-06-23,2022-06-22,강남구,청담동,,법정동,9.2,True
시보20210609_p356-358,국제교류복합지구,2021-06-23,2022-06-22,송파구,잠실동,,법정동,5.2,False
국토교통부공고제2021-1805호(토지거래허가구역  재지정 공고),미분류,2021-12-26,2022-12-25,강서구,오곡동,,법정동,0.02,False
시보20211228_p17-40,정비사업후보지,2022-01-02,2023-01-01,강동구,천호동,461-31,법정동,0.030154,False
시보20211228_p17-40,정비사업후보지,2022-01-02,2023-01-01,강북구,수유동,170,법정동,0.012124,False
시보20211228_p17-40,정비사업후보지,2022-01-02,2023-01-01,강서구,방화동,589-13,법정동,0.034906,False
시보20211228_p17-40,정비사업후보지,2022-01-02,2023-01-01,관악구,신림동,675,법정동,0.0756,False
시보20211228_p17-40,정비사업후보지,2022-01-02,2023-01-01,구로구,가리봉동,87-177,법정동,0.037672,False
시보20211228_p17-40,정비사업후보지,2022-01-02,2023-01-01,금천구,시흥동,810,법정동,0.038859,False
시보20211228_p17-40,정비사업후보지,2022-01-02,2023-01-01,노원구,상계동,154-3,법정동,0.19267,False
시보20211228_p17-40,정비사업후보지,2022-01-02,2023-01-01,도봉구,쌍문동,724,법정동,0.010619,False
시보20211228_p17-40,정비사업후보지,2022-01-02,2023-01-01,동대문구,청량리동,19,법정동,0.027981,False
시보20211228_p17-40,정비사업후보지,2022-01-02,2023-01-01,동작구,상도동,244,법정동,0.050142,False
시보20211228_p17-40,정비사업후보지,2022-01-02,2023-01-01,마포구,공덕동,11-24,법정동,0.08232,False
시보20211228_p17-40,정비사업후보지,2022-01-02,2023-01-01,서대문구,홍은동,8-400,법정동,0.07186,False
시보20211228_p17-40,정비사업후보지,2022-01-02,2023-01-01,성동구,마장동,382,법정동,0.018749,False
시보20211228_p17-40,정비사업후보지,2022-01-02,2023-01-01,성북구,하월곡동,70-1,법정동,0.079756,False
시보20211228_p17-40,정비사업후보지,2022-01-02,2023-01-01,송파구,마천동,93-5,법정동,0.106101,False
시보20211228_p17-40,정비사업후보지,2022-01-02,2023-01-01,영등포구,당산동6가,104,법정동,0.031299,False
시보20211228_p17-40,정비사업후보지,2022-01-02,2023-01-01,은평구,불광동,600,법정동,0.013004,False
시보20211228_p17-40,정비사업후보지,2022-01-02,2023-01-01,종로구,숭인동,56,법정동,0.043093,False
시보20211228_p17-40,정비사업후보지,2022-01-02,2023-01-01,종로구,창신동,23,법정동,0.041261,False
시보20211228_p17-40,정비사업후보지,2022-01-02,2023-01-01,중랑구,면목동,69-14,법정동,0.05854,False
시보20220124_p7-53,미분류,2022-01-29,2023-01-28,강남구,일원동,649,법정동,0.052978,False
시보20220124_p7-53,미분류,2022-01-29,2023-01-28,강남구,일원동,630,법정동,0.053922,False
시보20220124_p7-53,미분류,2022-01-29,2023-01-28,강동구,명일동,56,법정동,0.037658,False
시보20220124_p7-53,미분류,2022-01-29,2023-01-28,강동구,상일동,300,법정동,0.096048,False
시보20220124_p7-53,미분류,2022-01-29,2023-01-28,강동구,천호동,338,법정동,0.039078,False
시보20220124_p7-53,미분류,2022-01-29,2023-01-28,강북구,미아동,8-373,법정동,0.051466,False
시보20220124_p7-53,미분류,2022-01-29,2023-01-28,강북구,번동,441-3,법정동,0.032877,False
시보20220124_p7-53,미분류,2022-01-29,2023-01-28,강북구,수유동,486,법정동,0.06663,False
시보20220124_p7-53,미분류,2022-01-29,2023-01-28,광진구,자양동,57-90,법정동,0.07139,False
시보20220124_p7-53,미분류,2022-01-29,2023-01-28,광진구,자양동,200,법정동,0.067212,False
시보20220124_p7-53,미분류,2022-01-29,2023-01-28,구로구,가리봉동,115,법정동,0.089079,False
시보20220124_p7-53,미분류,2022-01-29,2023-01-28,도봉구,방학동,622,법정동,0.158618,False
시보20220124_p7-53,미분류,2022-01-29,2023-01-28,도봉구,창동,518-6,법정동,0.176235,False
시보20220124_p7-53,미분류,2022-01-29,2023-01-28,동대문구,전농동,124-39,법정동,0.025577,False
시보20220124_p7-53,미분류,2022-01-29,2023-01-28,동대문구,휘경동,295,법정동,0.078953,False
시보20220124_p7-53,미분류,2022-01-29,2023-01-28,동작구,흑석동,204-104,법정동,0.019334,False
시보20220124_p7-53,미분류,2022-01-29,2023-01-28,마포구,대흥동,22-147,법정동,0.035691,False
시보20220124_p7-53,미분류,2022-01-29,2023-01-28,마포구,망원동,416-67,법정동,0.076258,False
시보20220124_p7-53,미분류,2022-01-29,2023-01-28,성동구,사근동,212-2,법정동,0.019939,False
시보20220124_p7-53,미분류,2022-01-29,2023-01-28,성동구,행당동,298,법정동,0.074854,False
시보20220124_p7-53,미분류,2022-01-29,2023-01-28,성북구,삼선동1가,280,법정동,0.0447,False
시보20220124_p7-53,미분류,2022-01-29,2023-01-28,성북구,석관동,62,법정동,0.061649,False
시보20220124_p7-53,미분류,2022-01-29,2023-01-28,성북구,정릉동,314,법정동,0.022598,False
시보20220124_p7-53,미분류,2022-01-29,2023-01-28,송파구,마천동,183,법정동,0.083903,False
시보20220124_p7-53,미분류,2022-01-29,2023-01-28,송파구,송파동,151,법정동,0.06237,False
시보20220124_p7-53,미분류,2022-01-29,2023-01-28,송파구,신천동,7,법정동,0.343266,False
시보20220124_p7-53,미분류,2022-01-29,2023-01-28,양천구,신정동,1152,법정동,0.044082,False
시보20220124_p7-53,미분류,2022-01-29,2023-01-28,영등포구,대림동,777-1,법정동,0.038465,False
시보20220124_p7-53,미분류,2022-01-29,2023-01-28,영등포구,신길동,1499,법정동,0.021585,False
시보20220124_p7-53,미분류,2022-01-29,2023-01-28,용산구,서계동,33,법정동,0.099934,False
시보20220124_p7-53,미분류,2022-01-29,2023-01-28,용산구,원효로3가,1,법정동,0.038138,False
시보20220124_p7-53,미분류,2022-01-29,2023-01-28,용산구,이태원동,77,법정동,0.058529,False
시보20220124_p7-53,미분류,2022-01-29,2023-01-28,은평구,신사동,237,법정동,0.045371,False
시보20220124_p7-53,미분류,2022-01-29,2023-01-28,은평구,신사동,200,법정동,0.061537,False
시보20220124_p7-53,미분류,2022-01-29,2023-01-28,은평구,응암동,675,법정동,0.039075,False
시보20220124_p7-53,미분류,2022-01-29,2023-01-28,종로구,연건동,309,법정동,0.014241,False
시보20220124_p7-53,미분류,2022-01-29,2023-01-28,종로구,체부동,127,법정동,0.043987,False
시보20220124_p7-53,미분류,2022-01-29,2023-01-28,중구,신당동,236-100,법정동,0.060093,False
시보20220124_p7-53,미분류,2022-01-29,2023-01-28,중구,장충동2가,112,법정동,0.040648,False
시보20220124_p7-53,미분류,2022-01-29,2023-01-28,중랑구,망우동,461,법정동,0.044802,False
시보20220124_p7-53,미분류,2022-01-29,2023-01-28,중랑구,면목동,527,법정동,0.047484,False
시보20220124_p7-53,미분류,2022-01-29,2023-01-28,중랑구,면목동,172-6,법정동,0.047915,False
시보20220323_p91-108,공공재개발,2022-04-04,2023-04-03,강동구,천호동,467-61,법정동,0.026549,False
시보20220323_p91-108,공공재개발,2022-04-04,2023-04-03,노원구,상계동,71-183,법정동,0.104,False
시보20220323_p91-108,공공재개발,2022-04-04,2023-04-03,동대문구,전농동,103-27,법정동,0.044878,False
시보20220323_p91-108,공공재개발,2022-04-04,2023-04-03,동작구,본동,47,법정동,0.051696,False
시보20220323_p91-108,공공재개발,2022-04-04,2023-04-03,서대문구,연희동,721-6,법정동,0.049745,False
시보20220323_p91-108,공공재개발,2022-04-04,2023-04-03,서대문구,충정로3가,281-11,법정동,0.008075,False
시보20220323_p91-108,공공재개발,2022-04-04,2023-04-03,서대문구,홍은동,48-163,법정동,0.011466,False
시보20220323_p91-108,공공재개발,2022-04-04,2023-04-03,성동구,금호동4가,1109,법정동,0.030706,False
시보20220323_p91-108,공공재개발,2022-04-04,2023-04-03,성북구,성북동,179-68,법정동,0.109336,False
시보20220323_p91-108,공공재개발,2022-04-04,2023-04-03,성북구,장위동,85,법정동,0.116402,False
시보20220323_p91-108,공공재개발,2022-04-04,2023-04-03,성북구,장위동,238-83,법정동,0.085878,False
시보20220323_p91-108,공공재개발,2022-04-04,2023-04-03,송파구,거여동,551-14,법정동,0.063995,False
시보20220323_p91-108,공공재개발,2022-04-04,2023-04-03,양천구,신월동,941,법정동,0.090346,False
시보20220323_p91-108,공공재개발,2022-04-04,2023-04-03,영등포구,신길동,147-80,법정동,0.059379,False
시보20220323_p91-108,공공재개발,2022-04-04,2023-04-03,종로구,숭인동,1169,법정동,,False
시보20220323_p91-108,공공재개발,2022-04-04,2023-04-03,중랑구,중화동,122,법정동,0.037662,False
시보20220420_p356-360,주요재건축단지,2022-04-27,2023-04-26,강남구,압구정동,,법정동,1.149476,False
시보20220420_p356-360,주요재건축단지,2022-04-27,2023-04-26,성동구,성수동1가,,법정동,0.530399,True
시보20220420_p356-360,주요재건축단지,2022-04-27,2023-04-26,성동구,성수동2가,,법정동,0.530399,True
시보20220420_p356-360,주요재건축단지,2022-04-27,2023-04-26,양천구,목동,,법정동,2.28213,False
시보20220420_p356-360,주요재건축단지,2022-04-27,2023-04-26,영등포구,여의도동,,법정동,0.616034,False
국토교통부공고제2022-532호(토지거래허가구역 재지정 공고),용산정비창,2022-05-20,2023-05-19,용산구,용산동3가,,법정동,0.01,False
국토교통부공고제2022-532호(토지거래허가구역 재지정 공고),용산정비창,2022-05-20,2023-05-19,용산구,이촌동,,법정동,0.05,False
국토교통부공고제2022-532호(토지거래허가구역 재지정 공고),용산정비창,2022-05-20,2023-05-19,용산구,한강로1가,,법정동,0.05,False
국토교통부공고제2022-532호(토지거래허가구역 재지정 공고),용산정비창,2022-05-20,2023-05-19,용산구,한강로2가,,법정동,0.04,False
국토교통부공고제2022-532호(토지거래허가구역 재지정 공고),용산정비창,2022-05-20,2023-05-19,용산구,한강로3가,,법정동,0.61,False
시보20220616_p3-5,국제교류복합지구,2022-06-23,2023-06-22,강남구,대치동,,법정동,9.2,True
시보20220616_p3-5,국제교류복합지구,2022-06-23,2023-06-22,강남구,삼성동,,법정동,9.2,True
시보20220616_p3-5,국제교류복합지구,2022-06-23,2023-06-22,강남구,청담동,,법정동,9.2,True
시보20220616_p3-5,국제교류복합지구,2022-06-23,2023-06-22,송파구,잠실동,,법정동,5.2,False
시보20220819_p25-31,신속통합기획|공공재개발,2022-08-24,2023-08-23,중랑구,중화동,122,법정동,,False
시보20220826_p38-82,신속통합기획,2022-08-31,2023-08-30,강남구,일원동,630,법정동,0.041745,False
시보20220826_p38-82,신속통합기획,2022-08-31,2023-08-30,강남구,일원동,649,법정동,0.052978,False
시보20220826_p38-82,신속통합기획,2022-08-31,2023-08-30,강동구,고덕동,536,법정동,0.050148,False
시보20220826_p38-82,신속통합기획,2022-08-31,2023-08-30,강동구,상일동,300,법정동,0.058821,False
시보20220826_p38-82,신속통합기획,2022-08-31,2023-08-30,강동구,천호동,338,법정동,0.039078,False
시보20220826_p38-82,신속통합기획,2022-08-31,2023-08-30,강북구,미아동,791-2882,법정동,0.140696,False
시보20220826_p38-82,신속통합기획,2022-08-31,2023-08-30,강북구,수유동,391,법정동,0.034786,False
시보20220826_p38-82,신속통합기획,2022-08-31,2023-08-30,강북구,수유동,486,법정동,0.06663,False
시보20220826_p38-82,신속통합기획,2022-08-31,2023-08-30,관악구,신림동,415,법정동,0.206967,False
시보20220826_p38-82,신속통합기획,2022-08-31,2023-08-30,구로구,개봉동,70-54,법정동,0.093795,False
시보20220826_p38-82,신속통합기획,2022-08-31,2023-08-30,구로구,구로동,252,법정동,0.011428,False
시보20220826_p38-82,신속통합기획,2022-08-31,2023-08-30,구로구,오류동,168-7,법정동,0.0121,False
시보20220826_p38-82,신속통합기획,2022-08-31,2023-08-30,금천구,시흥동,4,법정동,0.067255,False
시보20220826_p38-82,신속통합기획,2022-08-31,2023-08-30,도봉구,창동,470,법정동,0.1529,False
시보20220826_p38-82,신속통합기획,2022-08-31,2023-08-30,도봉구,창동,518-6,법정동,0.176235,False
시보20220826_p38-82,신속통합기획,2022-08-31,2023-08-30,동대문구,용두동,39-390,법정동,0.023854,False
시보20220826_p38-82,신속통합기획,2022-08-31,2023-08-30,마포구,망원동,416-67,법정동,0.076377,False
시보20220826_p38-82,신속통합기획,2022-08-31,2023-08-30,마포구,아현동,699,법정동,0.105609,False
시보20220826_p38-82,신속통합기획,2022-08-31,2023-08-30,서대문구,홍은동,8-1093,법정동,0.026519,False
시보20220826_p38-82,신속통합기획,2022-08-31,2023-08-30,서대문구,홍제동,298-9,법정동,0.026262,False
시보20220826_p38-82,신속통합기획,2022-08-31,2023-08-30,서대문구,홍제동,5,법정동,0.028719,False
시보20220826_p38-82,신속통합기획,2022-08-31,2023-08-30,성동구,사근동,293,법정동,0.028882,False
시보20220826_p38-82,신속통합기획,2022-08-31,2023-08-30,성북구,삼선동1가,280,법정동,0.044,False
시보20220826_p38-82,신속통합기획,2022-08-31,2023-08-30,성북구,성북동,3-38,법정동,0.067683,False
시보20220826_p38-82,신속통합기획,2022-08-31,2023-08-30,성북구,정릉동,314,법정동,0.023173,False
시보20220826_p38-82,신속통합기획,2022-08-31,2023-08-30,성북구,정릉동,642,법정동,0.027012,False
시보20220826_p38-82,신속통합기획,2022-08-31,2023-08-30,양천구,신월동,77,법정동,0.030079,False
시보20220826_p38-82,신속통합기획,2022-08-31,2023-08-30,양천구,신월동,159,법정동,0.092322,False
시보20220826_p38-82,신속통합기획,2022-08-31,2023-08-30,영등포구,대림동,777-1,법정동,0.038465,False
시보20220826_p38-82,신속통합기획,2022-08-31,2023-08-30,영등포구,도림동,26-21,법정동,0.102366,False
시보20220826_p38-82,신속통합기획,2022-08-31,2023-08-30,영등포구,신길동,314-2,법정동,0.080972,False
시보20220826_p38-82,신속통합기획,2022-08-31,2023-08-30,영등포구,양평동6가,24,법정동,0.016074,False
시보20220826_p38-82,신속통합기획,2022-08-31,2023-08-30,용산구,원효로3가,1,법정동,0.038138,False
시보20220826_p38-82,신속통합기획,2022-08-31,2023-08-30,은평구,신사동,237,법정동,0.049824,False
시보20220826_p38-82,신속통합기획,2022-08-31,2023-08-30,은평구,신사동,200,법정동,0.061537,False
시보20220826_p38-82,신속통합기획,2022-08-31,2023-08-30,은평구,응암동,101,법정동,0.038518,False
시보20220826_p38-82,신속통합기획,2022-08-31,2023-08-30,종로구,연건동,305,법정동,0.014153,False
시보20220826_p38-82,신속통합기획,2022-08-31,2023-08-30,종로구,연건동,309,법정동,0.014241,False
시보20220826_p38-82,신속통합기획,2022-08-31,2023-08-30,중랑구,망우동,461,법정동,0.045598,False
시보20220826_p38-82,신속통합기획,2022-08-31,2023-08-30,중랑구,면목동,527,법정동,0.04778,False
시보20220826_p38-82,신속통합기획,2022-08-31,2023-08-30,중랑구,면목동,399-28,법정동,0.059074,False
시보20220826_p38-82,신속통합기획,2022-08-31,2023-08-30,중랑구,중화동,313-12,법정동,0.05397,False
국토교통부공고제2022-1566호(토지거래허가구역 재지정 공고),미분류,2022-12-26,2023-12-25,강서구,오곡동,,법정동,0.02,False
시보20221223_p7-30,정비사업후보지,2023-01-02,2024-01-01,강동구,천호동,461-31,법정동,0.030154,False
시보20221223_p7-30,정비사업후보지,2023-01-02,2024-01-01,강북구,수유동,170-1,법정동,0.012124,False
시보20221223_p7-30,정비사업후보지,2023-01-02,2024-01-01,강서구,방화동,589-13,법정동,0.034906,False
시보20221223_p7-30,정비사업후보지,2023-01-02,2024-01-01,관악구,신림동,675,법정동,0.0756,False
시보20221223_p7-30,정비사업후보지,2023-01-02,2024-01-01,구로구,가리봉동,87-177,법정동,0.037672,False
시보20221223_p7-30,정비사업후보지,2023-01-02,2024-01-01,금천구,시흥동,810,법정동,0.038859,False
시보20221223_p7-30,정비사업후보지,2023-01-02,2024-01-01,노원구,상계동,154-3,법정동,0.19267,False
시보20221223_p7-30,정비사업후보지,2023-01-02,2024-01-01,도봉구,쌍문동,724,법정동,0.010619,False
시보20221223_p7-30,정비사업후보지,2023-01-02,2024-01-01,동대문구,청량리동,19,법정동,0.027981,False
시보20221223_p7-30,정비사업후보지,2023-01-02,2024-01-01,동작구,상도동,244,법정동,0.050142,False
시보20221223_p7-30,정비사업후보지,2023-01-02,2024-01-01,마포구,공덕동,11-24,법정동,0.08232,False
시보20221223_p7-30,정비사업후보지,2023-01-02,2024-01-01,서대문구,홍은동,8-400,법정동,0.07186,False
시보20221223_p7-30,정비사업후보지,2023-01-02,2024-01-01,성동구,마장동,381,법정동,0.018749,False
시보20221223_p7-30,정비사업후보지,2023-01-02,2024-01-01,성북구,하월곡동,70-1,법정동,0.079756,False
시보20221223_p7-30,정비사업후보지,2023-01-02,2024-01-01,송파구,마천동,93-5,법정동,0.106101,False
시보20221223_p7-30,정비사업후보지,2023-01-02,2024-01-01,영등포구,당산동6가,104,법정동,0.031299,False
시보20221223_p7-30,정비사업후보지,2023-01-02,2024-01-01,용산구,청파동1가,89-18,법정동,0.083788,False
시보20221223_p7-30,정비사업후보지,2023-01-02,2024-01-01,은평구,불광동,600,법정동,0.013004,False
시보20221223_p7-30,정비사업후보지,2023-01-02,2024-01-01,종로구,숭인동,56,법정동,0.043093,False
시보20221223_p7-30,정비사업후보지,2023-01-02,2024-01-01,종로구,창신동,23,법정동,0.041261,False
시보20221223_p7-30,정비사업후보지,2023-01-02,2024-01-01,중랑구,면목동,69-14,법정동,0.05854,False
시보20221230_p179-233,주요재건축단지|정비사업후보지,2023-01-04,2024-01-03,강북구,미아동,791-2882,법정동,,False
시보20221230_p179-233,주요재건축단지|정비사업후보지,2023-01-04,2024-01-03,강북구,미아동,130,법정동,,False
시보20221230_p179-233,주요재건축단지|정비사업후보지,2023-01-04,2024-01-03,강북구,번동,441-3,법정동,,False
시보20221230_p179-233,주요재건축단지|정비사업후보지,2023-01-04,2024-01-03,강북구,수유동,486,법정동,,False
시보20221230_p179-233,주요재건축단지|정비사업후보지,2023-01-04,2024-01-03,관악구,신림동,412,법정동,,False
시보20221230_p179-233,주요재건축단지|정비사업후보지,2023-01-04,2024-01-03,관악구,신림동,650,법정동,,False
시보20221230_p179-233,주요재건축단지|정비사업후보지,2023-01-04,2024-01-03,광진구,자양동,57-90,법정동,,False
시보20221230_p179-233,주요재건축단지|정비사업후보지,2023-01-04,2024-01-03,구로구,가리봉동,115,법정동,,False
시보20221230_p179-233,주요재건축단지|정비사업후보지,2023-01-04,2024-01-03,구로구,개봉동,49,법정동,,False
시보20221230_p179-233,주요재건축단지|정비사업후보지,2023-01-04,2024-01-03,구로구,고척동,253,법정동,,False
시보20221230_p179-233,주요재건축단지|정비사업후보지,2023-01-04,2024-01-03,구로구,오류동,168-9,법정동,,False
시보20221230_p179-233,주요재건축단지|정비사업후보지,2023-01-04,2024-01-03,금천구,독산동,378,법정동,,False
시보20221230_p179-233,주요재건축단지|정비사업후보지,2023-01-04,2024-01-03,금천구,시흥동,871,법정동,,False
시보20221230_p179-233,주요재건축단지|정비사업후보지,2023-01-04,2024-01-03,도봉구,방학동,685,법정동,,False
시보20221230_p179-233,주요재건축단지|정비사업후보지,2023-01-04,2024-01-03,도봉구,방학동,641,법정동,,False
시보20221230_p179-233,주요재건축단지|정비사업후보지,2023-01-04,2024-01-03,도봉구,쌍문동,81,법정동,,False
시보20221230_p179-233,주요재건축단지|정비사업후보지,2023-01-04,2024-01-03,동대문구,답십리동,471,법정동,,False
시보20221230_p179-233,주요재건축단지|정비사업후보지,2023-01-04,2024-01-03,동대문구,용두동,39-361,법정동,,False
시보20221230_p179-233,주요재건축단지|정비사업후보지,2023-01-04,2024-01-03,동대문구,전농동,152-65,법정동,,False
시보20221230_p179-233,주요재건축단지|정비사업후보지,2023-01-04,2024-01-03,동대문구,휘경동,295,법정동,,False
시보20221230_p179-233,주요재건축단지|정비사업후보지,2023-01-04,2024-01-03,동작구,사당동,288,법정동,,False
시보20221230_p179-233,주요재건축단지|정비사업후보지,2023-01-04,2024-01-03,동작구,사당동,63-1,법정동,,False
시보20221230_p179-233,주요재건축단지|정비사업후보지,2023-01-04,2024-01-03,동작구,상도동,279,법정동,,False
시보20221230_p179-233,주요재건축단지|정비사업후보지,2023-01-04,2024-01-03,동작구,흑석동,204,법정동,,False
시보20221230_p179-233,주요재건축단지|정비사업후보지,2023-01-04,2024-01-03,마포구,망원동,416-67,법정동,,False
시보20221230_p179-233,주요재건축단지|정비사업후보지,2023-01-04,2024-01-03,서대문구,남가좌동,337-8,법정동,,False
시보20221230_p179-233,주요재건축단지|정비사업후보지,2023-01-04,2024-01-03,서대문구,홍제동,267-1,법정동,,False
시보20221230_p179-233,주요재건축단지|정비사업후보지,2023-01-04,2024-01-03,성동구,사근동,293,법정동,,False
시보20221230_p179-233,주요재건축단지|정비사업후보지,2023-01-04,2024-01-03,성동구,사근동,212-1,법정동,,False
시보20221230_p179-233,주요재건축단지|정비사업후보지,2023-01-04,2024-01-03,성동구,행당동,297,법정동,,False
시보20221230_p179-233,주요재건축단지|정비사업후보지,2023-01-04,2024-01-03,성북구,삼선동1가,280,법정동,,False
시보20221230_p179-233,주요재건축단지|정비사업후보지,2023-01-04,2024-01-03,성북구,석관동,62-1,법정동,,False
시보20221230_p179-233,주요재건축단지|정비사업후보지,2023-01-04,2024-01-03,성북구,정릉동,314,법정동,,False
시보20221230_p179-233,주요재건축단지|정비사업후보지,2023-01-04,2024-01-03,성북구,종암동,3-10,법정동,,False
시보20221230_p179-233,주요재건축단지|정비사업후보지,2023-01-04,2024-01-03,송파구,마천동,183,법정동,,False
시보20221230_p179-233,주요재건축단지|정비사업후보지,2023-01-04,2024-01-03,양천구,목동,232,법정동,,False
시보20221230_p179-233,주요재건축단지|정비사업후보지,2023-01-04,2024-01-03,영등포구,대림동,855-1,법정동,,False
시보20221230_p179-233,주요재건축단지|정비사업후보지,2023-01-04,2024-01-03,영등포구,양평동6가,45,법정동,,False
시보20221230_p179-233,주요재건축단지|정비사업후보지,2023-01-04,2024-01-03,용산구,서계동,33,법정동,,False
시보20221230_p179-233,주요재건축단지|정비사업후보지,2023-01-04,2024-01-03,용산구,원효로3가,200,법정동,,False
시보20221230_p179-233,주요재건축단지|정비사업후보지,2023-01-04,2024-01-03,용산구,이태원동,730,법정동,,False
시보20221230_p179-233,주요재건축단지|정비사업후보지,2023-01-04,2024-01-03,용산구,이태원동,206,법정동,,False
시보20221230_p179-233,주요재건축단지|정비사업후보지,2023-01-04,2024-01-03,은평구,불광동,16-111,법정동,,False
시보20221230_p179-233,주요재건축단지|정비사업후보지,2023-01-04,2024-01-03,은평구,신사동,237,법정동,,False
시보20221230_p179-233,주요재건축단지|정비사업후보지,2023-01-04,2024-01-03,은평구,신사동,200,법정동,,False
시보20221230_p179-233,주요재건축단지|정비사업후보지,2023-01-04,2024-01-03,은평구,응암동,675,법정동,,False
시보20221230_p179-233,주요재건축단지|정비사업후보지,2023-01-04,2024-01-03,종로구,창신동,23-605,법정동,,False
시보20221230_p179-233,주요재건축단지|정비사업후보지,2023-01-04,2024-01-03,종로구,창신동,142-17,법정동,,False
시보20221230_p179-233,주요재건축단지|정비사업후보지,2023-01-04,2024-01-03,종로구,창신동,629,법정동,,False
시보20221230_p179-233,주요재건축단지|정비사업후보지,2023-01-04,2024-01-03,종로구,행촌동,210-678,법정동,,False
시보20221230_p179-233,주요재건축단지|정비사업후보지,2023-01-04,2024-01-03,중랑구,망우동,461,법정동,,False
시보20230118_p234-257,신속통합기획|공공재개발,2023-01-26,2024-01-25,강동구,명일동,56,법정동,0.037658,False
시보20230118_p234-257,신속통합기획|공공재개발,2023-01-26,2024-01-25,강북구,미아동,8-373,법정동,0.051466,False
시보20230118_p234-257,신속통합기획|공공재개발,2023-01-26,2024-01-25,동대문구,전농동,124-39,법정동,0.025577,False
시보20230118_p234-257,신속통합기획|공공재개발,2023-01-26,2024-01-25,마포구,대흥동,22-147,법정동,0.035691,False
시보20230118_p234-257,신속통합기획|공공재개발,2023-01-26,2024-01-25,송파구,송파동,151,법정동,0.06237,False
시보20230118_p234-257,신속통합기획|공공재개발,2023-01-26,2024-01-25,송파구,신천동,7,법정동,0.343266,False
시보20230118_p234-257,신속통합기획|공공재개발,2023-01-26,2024-01-25,양천구,신정동,1152,법정동,0.044082,False
시보20230118_p234-257,신속통합기획|공공재개발,2023-01-26,2024-01-25,영등포구,신길동,1499,법정동,0.021585,False
시보20230118_p234-257,신속통합기획|공공재개발,2023-01-26,2024-01-25,종로구,체부동,127,법정동,0.043987,False
시보20230118_p234-257,신속통합기획|공공재개발,2023-01-26,2024-01-25,중구,신당동,236-100,법정동,0.063893,False
시보20230118_p234-257,신속통합기획|공공재개발,2023-01-26,2024-01-25,중구,장충동2가,112,법정동,0.040648,False
시보20230118_p234-257,신속통합기획|공공재개발,2023-01-26,2024-01-25,중랑구,면목동,172-6,법정동,0.047915,False
시보20230322_p181-205,신속통합기획|공공재개발,2023-04-04,2024-04-03,강동구,천호동,467-61,법정동,0.026549,False
시보20230322_p181-205,신속통합기획|공공재개발,2023-04-04,2024-04-03,관악구,신림동,675,법정동,,False
시보20230322_p181-205,신속통합기획|공공재개발,2023-04-04,2024-04-03,금천구,시흥동,810,법정동,,False
시보20230322_p181-205,신속통합기획|공공재개발,2023-04-04,2024-04-03,노원구,상계동,154-3,법정동,,False
시보20230322_p181-205,신속통합기획|공공재개발,2023-04-04,2024-04-03,노원구,상계동,71-183,법정동,0.104,False
시보20230322_p181-205,신속통합기획|공공재개발,2023-04-04,2024-04-03,도봉구,쌍문동,724,법정동,,False
시보20230322_p181-205,신속통합기획|공공재개발,2023-04-04,2024-04-03,동대문구,전농동,103-27,법정동,0.044878,False
시보20230322_p181-205,신속통합기획|공공재개발,2023-04-04,2024-04-03,동작구,본동,47,법정동,0.051696,False
시보20230322_p181-205,신속통합기획|공공재개발,2023-04-04,2024-04-03,서대문구,연희동,721-6,법정동,0.049745,False
시보20230322_p181-205,신속통합기획|공공재개발,2023-04-04,2024-04-03,서대문구,충정로3가,281-11,법정동,0.008075,False
시보20230322_p181-205,신속통합기획|공공재개발,2023-04-04,2024-04-03,서대문구,홍은동,8-400,법정동,,False
시보20230322_p181-205,신속통합기획|공공재개발,2023-04-04,2024-04-03,서대문구,홍은동,48-163,법정동,0.011466,False
시보20230322_p181-205,신속통합기획|공공재개발,2023-04-04,2024-04-03,성동구,금호동4가,1109,법정동,0.030706,False
시보20230322_p181-205,신속통합기획|공공재개발,2023-04-04,2024-04-03,성북구,성북동,179-68,법정동,0.109336,False
시보20230322_p181-205,신속통합기획|공공재개발,2023-04-04,2024-04-03,성북구,장위동,85,법정동,0.116402,False
시보20230322_p181-205,신속통합기획|공공재개발,2023-04-04,2024-04-03,성북구,장위동,238-83,법정동,0.085878,False
시보20230322_p181-205,신속통합기획|공공재개발,2023-04-04,2024-04-03,송파구,거여동,551-14,법정동,0.073423,False
시보20230322_p181-205,신속통합기획|공공재개발,2023-04-04,2024-04-03,양천구,신월동,941,법정동,0.090346,False
시보20230322_p181-205,신속통합기획|공공재개발,2023-04-04,2024-04-03,영등포구,신길동,147-80,법정동,0.059379,False
시보20230322_p181-205,신속통합기획|공공재개발,2023-04-04,2024-04-03,종로구,숭인동,1169,법정동,,False
시보20230322_p181-205,신속통합기획|공공재개발,2023-04-04,2024-04-03,중랑구,중화동,122,법정동,0.066013,False
시보20230419_p263-267,주요재건축단지,2023-04-27,2024-04-26,강남구,압구정동,,법정동,1.149476,False
시보20230419_p263-267,주요재건축단지,2023-04-27,2024-04-26,성동구,성수동1가,,법정동,0.530399,True
시보20230419_p263-267,주요재건축단지,2023-04-27,2024-04-26,성동구,성수동2가,,법정동,0.530399,True
시보20230419_p263-267,주요재건축단지,2023-04-27,2024-04-26,양천구,목동,,법정동,2.28213,False
시보20230419_p263-267,주요재건축단지,2023-04-27,2024-04-26,영등포구,여의도동,,법정동,0.616034,False
국토교통부공고제2023-487호(토지거래허가구역 재지정 공고),용산정비창,2023-05-20,2024-05-19,용산구,용산동3가,,법정동,0.01,False
국토교통부공고제2023-487호(토지거래허가구역 재지정 공고),용산정비창,2023-05-20,2024-05-19,용산구,이촌동,,법정동,0.05,False
국토교통부공고제2023-487호(토지거래허가구역 재지정 공고),용산정비창,2023-05-20,2024-05-19,용산구,한강로1가,,법정동,0.05,False
국토교통부공고제2023-487호(토지거래허가구역 재지정 공고),용산정비창,2023-05-20,2024-05-19,용산구,한강로2가,,법정동,0.04,False
국토교통부공고제2023-487호(토지거래허가구역 재지정 공고),용산정비창,2023-05-20,2024-05-19,용산구,한강로3가,,법정동,0.61,False
시보20230614_p532-534,국제교류복합지구,2023-06-23,2024-06-22,강남구,대치동,,법정동,9.2,True
시보20230614_p532-534,국제교류복합지구,2023-06-23,2024-06-22,강남구,삼성동,,법정동,9.2,True
시보20230614_p532-534,국제교류복합지구,2023-06-23,2024-06-22,강남구,청담동,,법정동,9.2,True
시보20230614_p532-534,국제교류복합지구,2023-06-23,2024-06-22,송파구,잠실동,,법정동,5.2,False
시보20231220_p249-307,주요재건축단지|신속통합기획|정비사업후보지,2023-12-26,2024-12-25,강남구,개포동,649,법정동,,False
시보20231220_p249-307,주요재건축단지|신속통합기획|정비사업후보지,2023-12-26,2024-12-25,강남구,개포동,652,법정동,,False
시보20231220_p249-307,주요재건축단지|신속통합기획|정비사업후보지,2023-12-26,2024-12-25,강남구,개포동,653,법정동,,False
시보20231220_p249-307,주요재건축단지|신속통합기획|정비사업후보지,2023-12-26,2024-12-25,강동구,천호동,214-19,법정동,,False
시보20231220_p249-307,주요재건축단지|신속통합기획|정비사업후보지,2023-12-26,2024-12-25,강동구,천호동,461-31,법정동,,False
시보20231220_p249-307,주요재건축단지|신속통합기획|정비사업후보지,2023-12-26,2024-12-25,강북구,미아동,791-2882,법정동,,False
시보20231220_p249-307,주요재건축단지|신속통합기획|정비사업후보지,2023-12-26,2024-12-25,강북구,미아동,130,법정동,,False
시보20231220_p249-307,주요재건축단지|신속통합기획|정비사업후보지,2023-12-26,2024-12-25,강북구,번동,441-3,법정동,,False
시보20231220_p249-307,주요재건축단지|신속통합기획|정비사업후보지,2023-12-26,2024-12-25,강북구,수유동,170,법정동,,False
시보20231220_p249-307,주요재건축단지|신속통합기획|정비사업후보지,2023-12-26,2024-12-25,강북구,수유동,486,법정동,,False
시보20231220_p249-307,주요재건축단지|신속통합기획|정비사업후보지,2023-12-26,2024-12-25,강서구,방화동,589-13,법정동,,False
국토교통부공고제2023-1581호(토지거래허가구역 조정 공고),미분류,2023-12-26,2024-12-25,강서구,오곡동,,법정동,0.02,False
시보20231220_p249-307,주요재건축단지|신속통합기획|정비사업후보지,2023-12-26,2024-12-25,관악구,신림동,412,법정동,,False
시보20231220_p249-307,주요재건축단지|신속통합기획|정비사업후보지,2023-12-26,2024-12-25,광진구,자양동,57-90,법정동,,False
시보20231220_p249-307,주요재건축단지|신속통합기획|정비사업후보지,2023-12-26,2024-12-25,구로구,가리봉동,87-177,법정동,,False
시보20231220_p249-307,주요재건축단지|신속통합기획|정비사업후보지,2023-12-26,2024-12-25,구로구,가리봉동,115,법정동,,False
시보20231220_p249-307,주요재건축단지|신속통합기획|정비사업후보지,2023-12-26,2024-12-25,구로구,고척동,253,법정동,,False
시보20231220_p249-307,주요재건축단지|신속통합기획|정비사업후보지,2023-12-26,2024-12-25,금천구,시흥동,871,법정동,,False
시보20231220_p249-307,주요재건축단지|신속통합기획|정비사업후보지,2023-12-26,2024-12-25,도봉구,방학동,685,법정동,,False
시보20231220_p249-307,주요재건축단지|신속통합기획|정비사업후보지,2023-12-26,2024-12-25,도봉구,쌍문동,81,법정동,,False
시보20231220_p249-307,주요재건축단지|신속통합기획|정비사업후보지,2023-12-26,2024-12-25,동대문구,답십리동,471,법정동,,False
시보20231220_p249-307,주요재건축단지|신속통합기획|정비사업후보지,2023-12-26,2024-12-25,동대문구,용두동,39-361,법정동,,False
시보20231220_p249-307,주요재건축단지|신속통합기획|정비사업후보지,2023-12-26,2024-12-25,동대문구,전농동,152-65,법정동,,False
시보20231220_p249-307,주요재건축단지|신속통합기획|정비사업후보지,2023-12-26,2024-12-25,동대문구,청량리동,19,법정동,,False
시보20231220_p249-307,주요재건축단지|신속통합기획|정비사업후보지,2023-12-26,2024-12-25,동작구,사당동,288,법정동,,False
시보20231220_p249-307,주요재건축단지|신속통합기획|정비사업후보지,2023-12-26,2024-12-25,동작구,상도동,244,법정동,,False
시보20231220_p249-307,주요재건축단지|신속통합기획|정비사업후보지,2023-12-26,2024-12-25,동작구,상도동,279,법정동,,False
시보20231220_p249-307,주요재건축단지|신속통합기획|정비사업후보지,2023-12-26,2024-12-25,마포구,공덕동,11-24,법정동,,False
시보20231220_p249-307,주요재건축단지|신속통합기획|정비사업후보지,2023-12-26,2024-12-25,마포구,망원동,416-67,법정동,,False
시보20231220_p249-307,주요재건축단지|신속통합기획|정비사업후보지,2023-12-26,2024-12-25,서대문구,남가좌동,337-8,법정동,,False
시보20231220_p249-307,주요재건축단지|신속통합기획|정비사업후보지,2023-12-26,2024-12-25,서대문구,홍제동,267-1,법정동,,False
시보20231220_p249-307,주요재건축단지|신속통합기획|정비사업후보지,2023-12-26,2024-12-25,성동구,마장동,382,법정동,,False
시보20231220_p249-307,주요재건축단지|신속통합기획|정비사업후보지,2023-12-26,2024-12-25,성동구,사근동,293,법정동,,False
시보20231220_p249-307,주요재건축단지|신속통합기획|정비사업후보지,2023-12-26,2024-12-25,성동구,사근동,212-1,법정동,,False
시보20231220_p249-307,주요재건축단지|신속통합기획|정비사업후보지,2023-12-26,2024-12-25,성동구,행당동,297,법정동,,False
시보20231220_p249-307,주요재건축단지|신속통합기획|정비사업후보지,2023-12-26,2024-12-25,성북구,석관동,62-1,법정동,,False
시보20231220_p249-307,주요재건축단지|신속통합기획|정비사업후보지,2023-12-26,2024-12-25,성북구,성북동,3-38,법정동,,False
시보20231220_p249-307,주요재건축단지|신속통합기획|정비사업후보지,2023-12-26,2024-12-25,성북구,종암동,125-35,법정동,,False
시보20231220_p249-307,주요재건축단지|신속통합기획|정비사업후보지,2023-12-26,2024-12-25,성북구,종암동,3-10,법정동,,False
시보20231220_p249-307,주요재건축단지|신속통합기획|정비사업후보지,2023-12-26,2024-12-25,성북구,하월곡동,70-1,법정동,,False
시보20231220_p249-307,주요재건축단지|신속통합기획|정비사업후보지,2023-12-26,2024-12-25,송파구,마천동,93-5,법정동,,False
시보20231220_p249-307,주요재건축단지|신속통합기획|정비사업후보지,2023-12-26,2024-12-25,송파구,마천동,183,법정동,,False
시보20231220_p249-307,주요재건축단지|신속통합기획|정비사업후보지,2023-12-26,2024-12-25,양천구,목동,232,법정동,,False
시보20231220_p249-307,주요재건축단지|신속통합기획|정비사업후보지,2023-12-26,2024-12-25,양천구,신월동,913,법정동,,False
시보20231220_p249-307,주요재건축단지|신속통합기획|정비사업후보지,2023-12-26,2024-12-25,영등포구,당산동6가,104,법정동,,False
시보20231220_p249-307,주요재건축단지|신속통합기획|정비사업후보지,2023-12-26,2024-12-25,영등포구,대림동,855-1,법정동,,False
시보20231220_p249-307,주요재건축단지|신속통합기획|정비사업후보지,2023-12-26,2024-12-25,용산구,서계동,33,법정동,,False
시보20231220_p249-307,주요재건축단지|신속통합기획|정비사업후보지,2023-12-26,2024-12-25,용산구,청파동1가,89-18,법정동,,False
시보20231220_p249-307,주요재건축단지|신속통합기획|정비사업후보지,2023-12-26,2024-12-25,은평구,불광동,600,법정동,,False
시보20231220_p249-307,주요재건축단지|신속통합기획|정비사업후보지,2023-12-26,2024-12-25,은평구,신사동,200,법정동,,False
시보20231220_p249-307,주요재건축단지|신속통합기획|정비사업후보지,2023-12-26,2024-12-25,은평구,신사동,237,법정동,,False
시보20231220_p249-307,주요재건축단지|신속통합기획|정비사업후보지,2023-12-26,2024-12-25,종로구,숭인동,56,법정동,,False
시보20231220_p249-307,주요재건축단지|신속통합기획|정비사업후보지,2023-12-26,2024-12-25,종로구,창신동,23-605,법정동,,False
시보20231220_p249-307,주요재건축단지|신속통합기획|정비사업후보지,2023-12-26,2024-12-25,종로구,창신동,629,법정동,,False
시보20231220_p249-307,주요재건축단지|신속통합기획|정비사업후보지,2023-12-26,2024-12-25,종로구,창신동,23,법정동,,False
시보20231220_p249-307,주요재건축단지|신속통합기획|정비사업후보지,2023-12-26,2024-12-25,중랑구,망우동,461,법정동,,False
시보20231220_p249-307,주요재건축단지|신속통합기획|정비사업후보지,2023-12-26,2024-12-25,중랑구,면목동,69-14,법정동,,False
시보20240103_p215-217,신속통합기획,2024-01-02,2025-01-01,구로구,가리봉동,87-177,법정동,,False
시보20240118_p119-141,신속통합기획|공공재개발|정비사업후보지,2024-01-26,2025-01-25,강동구,명일동,56,법정동,0.037658,False
시보20240118_p119-141,신속통합기획|공공재개발|정비사업후보지,2024-01-26,2025-01-25,강북구,미아동,61-79,법정동,0.01287,False
시보20240118_p119-141,신속통합기획|공공재개발|정비사업후보지,2024-01-26,2025-01-25,강북구,미아동,8-373,법정동,0.051466,False
시보20240118_p119-141,신속통합기획|공공재개발|정비사업후보지,2024-01-26,2025-01-25,관악구,봉천동,922-1,법정동,0.012272,False
시보20240118_p119-141,신속통합기획|공공재개발|정비사업후보지,2024-01-26,2025-01-25,동대문구,신설동,92-5,법정동,0.011204,False
시보20240118_p119-141,신속통합기획|공공재개발|정비사업후보지,2024-01-26,2025-01-25,동대문구,용두동,14-1,법정동,0.02078,False
시보20240118_p119-141,신속통합기획|공공재개발|정비사업후보지,2024-01-26,2025-01-25,동작구,흑석동,99-3,법정동,0.045229,False
시보20240118_p119-141,신속통합기획|공공재개발|정비사업후보지,2024-01-26,2025-01-25,마포구,대흥동,22-147,법정동,0.035691,False
시보20240118_p119-141,신속통합기획|공공재개발|정비사업후보지,2024-01-26,2025-01-25,송파구,송파동,151,법정동,0.06237,False
시보20240118_p119-141,신속통합기획|공공재개발|정비사업후보지,2024-01-26,2025-01-25,송파구,신천동,7,법정동,0.343266,False
시보20240118_p119-141,신속통합기획|공공재개발|정비사업후보지,2024-01-26,2025-01-25,양천구,신정동,1152,법정동,0.044082,False
시보20240118_p119-141,신속통합기획|공공재개발|정비사업후보지,2024-01-26,2025-01-25,영등포구,신길동,1499,법정동,0.021585,False
시보20240118_p119-141,신속통합기획|공공재개발|정비사업후보지,2024-01-26,2025-01-25,영등포구,양평동2가,33-20,법정동,0.022441,False
시보20240118_p119-141,신속통합기획|공공재개발|정비사업후보지,2024-01-26,2025-01-25,영등포구,양평동2가,29-6,법정동,0.011082,False
시보20240118_p119-141,신속통합기획|공공재개발|정비사업후보지,2024-01-26,2025-01-25,종로구,신문로1가,158,법정동,0.001248,False
시보20240118_p119-141,신속통합기획|공공재개발|정비사업후보지,2024-01-26,2025-01-25,중구,신당동,236-100,법정동,0.063893,False
시보20240118_p119-141,신속통합기획|공공재개발|정비사업후보지,2024-01-26,2025-01-25,중구,장충동2가,112,법정동,0.040648,False
시보20240118_p119-141,신속통합기획|공공재개발|정비사업후보지,2024-01-26,2025-01-25,중랑구,면목동,172-1,법정동,0.047915,False
시보20240320_p339-342,신속통합기획|공공재개발|정비사업후보지,2024-04-04,2025-04-03,강동구,천호동,467-61,법정동,0.026549,False
시보20240320_p339-342,신속통합기획|공공재개발|정비사업후보지,2024-04-04,2025-04-03,강북구,미아동,258,법정동,,False
시보20240320_p339-342,신속통합기획|공공재개발|정비사업후보지,2024-04-04,2025-04-03,강북구,미아동,791-2882,법정동,,False
시보20240320_p339-342,신속통합기획|공공재개발|정비사업후보지,2024-04-04,2025-04-03,강북구,번동,148,법정동,0.097536,False
시보20240320_p339-342,신속통합기획|공공재개발|정비사업후보지,2024-04-04,2025-04-03,관악구,신림동,650,법정동,0.092041,False
시보20240320_p339-342,신속통합기획|공공재개발|정비사업후보지,2024-04-04,2025-04-03,관악구,신림동,675,법정동,0.077046,False
시보20240320_p339-342,신속통합기획|공공재개발|정비사업후보지,2024-04-04,2025-04-03,구로구,개봉동,49,법정동,0.054947,False
시보20240320_p339-342,신속통합기획|공공재개발|정비사업후보지,2024-04-04,2025-04-03,구로구,오류동,4,법정동,0.053107,False
시보20240320_p339-342,신속통합기획|공공재개발|정비사업후보지,2024-04-04,2025-04-03,금천구,독산동,1036,법정동,0.079036,False
시보20240320_p339-342,신속통합기획|공공재개발|정비사업후보지,2024-04-04,2025-04-03,금천구,독산동,1072,법정동,0.081663,False
시보20240320_p339-342,신속통합기획|공공재개발|정비사업후보지,2024-04-04,2025-04-03,금천구,시흥동,810,법정동,,False
시보20240320_p339-342,신속통합기획|공공재개발|정비사업후보지,2024-04-04,2025-04-03,노원구,상계동,71-183,법정동,,False
시보20240320_p339-342,신속통합기획|공공재개발|정비사업후보지,2024-04-04,2025-04-03,노원구,상계동,154-3,법정동,,False
시보20240320_p339-342,신속통합기획|공공재개발|정비사업후보지,2024-04-04,2025-04-03,도봉구,방학동,685,법정동,,False
시보20240320_p339-342,신속통합기획|공공재개발|정비사업후보지,2024-04-04,2025-04-03,도봉구,쌍문동,724,법정동,,False
시보20240320_p339-342,신속통합기획|공공재개발|정비사업후보지,2024-04-04,2025-04-03,도봉구,창동,470,법정동,0.152923,False
시보20240320_p339-342,신속통합기획|공공재개발|정비사업후보지,2024-04-04,2025-04-03,동대문구,전농동,103-27,법정동,0.044878,False
시보20240320_p339-342,신속통합기획|공공재개발|정비사업후보지,2024-04-04,2025-04-03,동작구,본동,47,법정동,0.051696,False
시보20240320_p339-342,신속통합기획|공공재개발|정비사업후보지,2024-04-04,2025-04-03,마포구,대흥동,22-147,법정동,0.035691,False
시보20240320_p339-342,신속통합기획|공공재개발|정비사업후보지,2024-04-04,2025-04-03,서대문구,연희동,721-6,법정동,0.049745,False
시보20240320_p339-342,신속통합기획|공공재개발|정비사업후보지,2024-04-04,2025-04-03,서대문구,충정로3가,281-11,법정동,0.008075,False
시보20240320_p339-342,신속통합기획|공공재개발|정비사업후보지,2024-04-04,2025-04-03,서대문구,홍은동,8-400,법정동,,False
시보20240320_p339-342,신속통합기획|공공재개발|정비사업후보지,2024-04-04,2025-04-03,서대문구,홍은동,48-163,법정동,0.011466,False
시보20240320_p339-342,신속통합기획|공공재개발|정비사업후보지,2024-04-04,2025-04-03,성동구,금호동4가,1109,법정동,0.030706,False
시보20240320_p339-342,신속통합기획|공공재개발|정비사업후보지,2024-04-04,2025-04-03,성북구,성북동,179-68,법정동,0.109336,False
시보20240320_p339-342,신속통합기획|공공재개발|정비사업후보지,2024-04-04,2025-04-03,성북구,장위동,85,법정동,0.116402,False
시보20240320_p339-342,신속통합기획|공공재개발|정비사업후보지,2024-04-04,2025-04-03,성북구,장위동,238-83,법정동,0.085878,False
시보20240320_p339-342,신속통합기획|공공재개발|정비사업후보지,2024-04-04,2025-04-03,송파구,거여동,551-14,법정동,0.073423,False
시보20240320_p339-342,신속통합기획|공공재개발|정비사업후보지,2024-04-04,2025-04-03,양천구,신월동,941,법정동,0.090346,False
시보20240320_p339-342,신속통합기획|공공재개발|정비사업후보지,2024-04-04,2025-04-03,영등포구,신길동,147-80,법정동,0.059379,False
시보20240320_p339-342,신속통합기획|공공재개발|정비사업후보지,2024-04-04,2025-04-03,종로구,숭인동,1169,법정동,0.014157,False
시보20240320_p339-342,신속통합기획|공공재개발|정비사업후보지,2024-04-04,2025-04-03,중랑구,중화동,122,법정동,0.066013,False
시보20240329_p302-302,공공재개발,2024-04-04,2025-04-03,중랑구,중화동,122,법정동,0.066013,False
시보20240418_p342-346,주요재건축단지,2024-04-27,2025-04-26,강남구,압구정동,,법정동,1.149476,False
시보20240418_p342-346,주요재건축단지,2024-04-27,2025-04-26,성동구,성수동1가,,법정동,0.530399,True
시보20240418_p342-346,주요재건축단지,2024-04-27,2025-04-26,성동구,성수동2가,,법정동,0.530399,True
시보20240418_p342-346,주요재건축단지,2024-04-27,2025-04-26,양천구,목동,,법정동,2.28213,False
시보20240418_p342-346,주요재건축단지,2024-04-27,2025-04-26,영등포구,여의도동,,법정동,0.616034,False
국토교통부공고제2024-703호(토지거래허가구역 조정 공고),용산정비창,2024-05-20,2025-12-31,용산구,이촌동,,법정동,0.72,True
국토교통부공고제2024-703호(토지거래허가구역 조정 공고),용산정비창,2024-05-20,2025-12-31,용산구,한강로1가,,법정동,0.72,True
국토교통부공고제2024-703호(토지거래허가구역 조정 공고),용산정비창,2024-05-20,2025-12-31,용산구,한강로3가,,법정동,0.02,True
시보20240529_p301-309,신속통합기획|공공재개발|정비사업후보지,2024-06-04,2025-08-30,강북구,미아동,345-1,법정동,0.044061,False
시보20240529_p301-309,신속통합기획|공공재개발|정비사업후보지,2024-06-04,2025-08-30,관악구,신림동,419,법정동,0.043247,False
시보20240529_p301-309,신속통합기획|공공재개발|정비사업후보지,2024-06-04,2025-08-30,도봉구,쌍문동,81,법정동,0.064316,False
시보20240529_p301-309,신속통합기획|공공재개발|정비사업후보지,2024-06-04,2025-08-30,동대문구,장안동,134-15,법정동,0.067758,False
시보20240529_p301-309,신속통합기획|공공재개발|정비사업후보지,2024-06-04,2025-08-30,성북구,정릉동,898-16,법정동,0.053971,False
시보20240529_p301-309,신속통합기획|공공재개발|정비사업후보지,2024-06-04,2025-08-30,양천구,신월동,72,법정동,0.029665,False
시보20240529_p301-309,신속통합기획|공공재개발|정비사업후보지,2024-06-04,2025-08-30,양천구,신월동,941,법정동,0.090346,False
시보20240724_p339-341,신속통합기획,2024-06-04,2025-08-30,양천구,신월동,72,법정동,0.029665,False
시보20240613_p3-5,국제교류복합지구,2024-06-23,2025-06-22,강남구,대치동,,법정동,9.2,True
시보20240613_p3-5,국제교류복합지구,2024-06-23,2025-06-22,강남구,삼성동,,법정동,9.2,True
시보20240613_p3-5,국제교류복합지구,2024-06-23,2025-06-22,강남구,청담동,,법정동,9.2,True
시보20240613_p3-5,국제교류복합지구,2024-06-23,2025-06-22,송파구,잠실동,,법정동,5.2,False
시보20240731_p291-312,신속통합기획|공공재개발,2024-08-06,2025-08-30,강동구,천호동,338,법정동,0.033426,False
시보20240731_p291-312,신속통합기획|공공재개발,2024-08-06,2025-08-30,구로구,구로동,252,법정동,0.011428,False
시보20240731_p291-312,신속통합기획|공공재개발,2024-08-06,2025-08-30,금천구,시흥동,4,법정동,0.067255,False
시보20240731_p291-312,신속통합기획|공공재개발,2024-08-06,2025-08-30,도봉구,창동,470,법정동,0.135145,False
시보20240731_p291-312,신속통합기획|공공재개발,2024-08-06,2025-08-30,마포구,공덕동,115-97,법정동,0.029972,False
시보20240731_p291-312,신속통합기획|공공재개발,2024-08-06,2025-08-30,마포구,아현동,699,법정동,0.105609,False
시보20240731_p291-312,신속통합기획|공공재개발,2024-08-06,2025-08-30,성동구,행당동,297,법정동,0.056087,False
시보20240731_p291-312,신속통합기획|공공재개발,2024-08-06,2025-08-30,양천구,신월동,77,법정동,0.05382,False
시보20240731_p291-312,신속통합기획|공공재개발,2024-08-06,2025-08-30,영등포구,도림동,26-21,법정동,0.102366,False
시보20240731_p291-312,신속통합기획|공공재개발,2024-08-06,2025-08-30,영등포구,신길동,314-14,법정동,,False
시보20240731_p291-312,신속통합기획|공공재개발,2024-08-06,2025-08-30,용산구,서빙고동,241-21,법정동,0.114585,False
시보20240731_p291-312,신속통합기획|공공재개발,2024-08-06,2025-08-30,용산구,후암동,30-2,법정동,,False
시보20240731_p291-312,신속통합기획|공공재개발,2024-08-06,2025-08-30,은평구,갈현동,12-248,법정동,0.039664,False
시보20240731_p291-312,신속통합기획|공공재개발,2024-08-06,2025-08-30,은평구,응암동,101,법정동,0.038519,False
시보20240731_p291-312,신속통합기획|공공재개발,2024-08-06,2025-08-30,종로구,연건동,305,법정동,0.014152,False
시보20240731_p291-312,신속통합기획|공공재개발,2024-08-06,2025-08-30,중랑구,면목동,527,법정동,0.04778,False
시보20240808_p4-7,국제교류복합지구,2024-08-13,2024-12-31,강남구,개포동,,법정동,2.74,True
시보20240808_p4-7,국제교류복합지구,2024-08-13,2024-12-31,강남구,세곡동,,법정동,2.74,True
시보20240808_p4-7,국제교류복합지구,2024-08-13,2024-12-31,강남구,수서동,,법정동,2.74,True
시보20240808_p4-7,국제교류복합지구,2024-08-13,2024-12-31,강남구,율현동,,법정동,2.74,True
시보20240808_p4-7,국제교류복합지구,2024-08-13,2024-12-31,강남구,일원동,,법정동,2.74,True
시보20240808_p4-7,국제교류복합지구,2024-08-13,2024-12-31,강남구,자곡동,,법정동,2.74,True
시보20240808_p4-7,국제교류복합지구,2024-08-13,2024-12-31,강동구,강일동,,법정동,8.16,True
시보20240808_p4-7,국제교류복합지구,2024-08-13,2024-12-31,강동구,고덕동,,법정동,8.16,True
시보20240808_p4-7,국제교류복합지구,2024-08-13,2024-12-31,강동구,길동,,법정동,8.16,True
시보20240808_p4-7,국제교류복합지구,2024-08-13,2024-12-31,강동구,둔촌동,,법정동,8.16,True
시보20240808_p4-7,국제교류복합지구,2024-08-13,2024-12-31,강동구,명일동,,법정동,8.16,True
시보20240808_p4-7,국제교류복합지구,2024-08-13,2024-12-31,강동구,상일동,,법정동,8.16,True
시보20240808_p4-7,국제교류복합지구,2024-08-13,2024-12-31,강동구,암사동,,법정동,8.16,True
시보20240808_p4-7,국제교류복합지구,2024-08-13,2024-12-31,강북구,미아동,,법정동,11.67,True
시보20240808_p4-7,국제교류복합지구,2024-08-13,2024-12-31,강북구,수유동,,법정동,11.67,True
시보20240808_p4-7,국제교류복합지구,2024-08-13,2024-12-31,강북구,우이동,,법정동,11.67,True
시보20240808_p4-7,국제교류복합지구,2024-08-13,2024-12-31,강서구,오쇠동,,법정동,18.91,True
시보20240808_p4-7,국제교류복합지구,2024-08-13,2024-12-31,강서구,외발산동,,법정동,18.91,True
시보20240808_p4-7,국제교류복합지구,2024-08-13,2024-12-31,관악구,남현동,,법정동,8.28,True
시보20240808_p4-7,국제교류복합지구,2024-08-13,2024-12-31,관악구,봉천동,,법정동,8.28,True
시보20240808_p4-7,국제교류복합지구,2024-08-13,2024-12-31,관악구,신림동,,법정동,8.28,True
시보20240808_p4-7,국제교류복합지구,2024-08-13,2024-12-31,광진구,광장동,,법정동,1.89,True
시보20240808_p4-7,국제교류복합지구,2024-08-13,2024-12-31,광진구,구의동,,법정동,1.89,True
시보20240808_p4-7,국제교류복합지구,2024-08-13,2024-12-31,광진구,중곡동,,법정동,1.89,True
시보20240808_p4-7,국제교류복합지구,2024-08-13,2024-12-31,구로구,개봉동,,법정동,3.43,True
시보20240808_p4-7,국제교류복합지구,2024-08-13,2024-12-31,구로구,궁동,,법정동,3.43,True
시보20240808_p4-7,국제교류복합지구,2024-08-13,2024-12-31,구로구,오류동,,법정동,3.43,True
시보20240808_p4-7,국제교류복합지구,2024-08-13,2024-12-31,구로구,온수동,,법정동,3.43,True
시보20240808_p4-7,국제교류복합지구,2024-08-13,2024-12-31,구로구,천왕동,,법정동,3.43,True
시보20240808_p4-7,국제교류복합지구,2024-08-13,2024-12-31,구로구,항동,,법정동,3.43,True
시보20240808_p4-7,국제교류복합지구,2024-08-13,2024-12-31,금천구,시흥동,,법정동,1.69,False
시보20240808_p4-7,국제교류복합지구,2024-08-13,2024-12-31,노원구,공릉동,,법정동,15.9,True
시보20240808_p4-7,국제교류복합지구,2024-08-13,2024-12-31,노원구,상계동,,법정동,15.9,True
시보20240808_p4-7,국제교류복합지구,2024-08-13,2024-12-31,노원구,중계동,,법정동,15.9,True
시보20240808_p4-7,국제교류복합지구,2024-08-13,2024-12-31,노원구,하계동,,법정동,15.9,True
시보20240808_p4-7,국제교류복합지구,2024-08-13,2024-12-31,도봉구,도봉동,,법정동,10.2,True
시보20240808_p4-7,국제교류복합지구,2024-08-13,2024-12-31,도봉구,방학동,,법정동,10.2,True
시보20240808_p4-7,국제교류복합지구,2024-08-13,2024-12-31,도봉구,쌍문동,,법정동,10.2,True
시보20240808_p4-7,국제교류복합지구,2024-08-13,2024-12-31,마포구,상암동,,법정동,0.08,False
시보20240808_p4-7,국제교류복합지구,2024-08-13,2024-12-31,서대문구,홍은동,,법정동,1.78,True
시보20240808_p4-7,국제교류복합지구,2024-08-13,2024-12-31,서대문구,홍제동,,법정동,1.78,True
시보20240808_p4-7,국제교류복합지구,2024-08-13,2024-12-31,서초구,내곡동,,법정동,5.95,True
시보20240808_p4-7,국제교류복합지구,2024-08-13,2024-12-31,서초구,방배동,,법정동,5.95,True
시보20240808_p4-7,국제교류복합지구,2024-08-13,2024-12-31,서초구,신원동,,법정동,5.95,True
시보20240808_p4-7,국제교류복합지구,2024-08-13,2024-12-31,서초구,염곡동,,법정동,5.95,True
시보20240808_p4-7,국제교류복합지구,2024-08-13,2024-12-31,서초구,우면동,,법정동,5.95,True
시보20240808_p4-7,국제교류복합지구,2024-08-13,2024-12-31,서초구,원지동,,법정동,5.95,True
시보20240808_p4-7,국제교류복합지구,2024-08-13,2024-12-31,성북구,성북동,,법정동,5.31,True
시보20240808_p4-7,국제교류복합지구,2024-08-13,2024-12-31,성북구,정릉동,,법정동,5.31,True
국토교통부공고제2024-1140호(토지거래허가구역 지정 공고),미분류,2024-08-13,2024-12-31,송파구,마천동,,법정동,0.96,False
국토교통부공고제2024-1140호(토지거래허가구역 지정 공고),미분류,2024-08-13,2024-12-31,송파구,방이동,,법정동,1.54,False
국토교통부공고제2024-1140호(토지거래허가구역 지정 공고),미분류,2024-08-13,2024-12-31,송파구,오금동,,법정동,0.14,False
시보20240808_p4-7,국제교류복합지구,2024-08-13,2024-12-31,양천구,신월동,,법정동,0.99,True
시보20240808_p4-7,국제교류복합지구,2024-08-13,2024-12-31,양천구,신정동,,법정동,0.99,True
시보20240808_p4-7,국제교류복합지구,2024-08-13,2024-12-31,은평구,진관동,,법정동,15.21,False
시보20240808_p4-7,국제교류복합지구,2024-08-13,2024-12-31,종로구,청운동,,법정동,8.33,True
시보20240808_p4-7,국제교류복합지구,2024-08-13,2024-12-31,종로구,평창동,,법정동,8.33,True
시보20240808_p4-7,국제교류복합지구,2024-08-13,2024-12-31,중랑구,망우동,,법정동,4.64,True
시보20240808_p4-7,국제교류복합지구,2024-08-13,2024-12-31,중랑구,면목동,,법정동,4.64,True
시보20240808_p4-7,국제교류복합지구,2024-08-13,2024-12-31,중랑구,신내동,,법정동,4.64,True
시보20240905_p3-79,주요재건축단지|모아타운,2024-09-10,2029-09-09,강동구,둔촌동,,법정동,0.2,True
시보20240905_p3-79,주요재건축단지|모아타운,2024-09-10,2029-09-09,강동구,천호동,,법정동,0.2,True
시보20240905_p3-79,주요재건축단지|모아타운,2024-09-10,2029-09-09,강북구,번동,,법정동,0.82,True
시보20240905_p3-79,주요재건축단지|모아타운,2024-09-10,2029-09-09,강북구,수유동,,법정동,0.82,True
시보20240905_p3-79,주요재건축단지|모아타운,2024-09-10,2029-09-09,강서구,공항동,,법정동,1.38,True
시보20240925_p538-545,주요재건축단지,2024-09-10,2029-09-09,강서구,공항동,,법정동,1.38,True
시보20240905_p3-79,주요재건축단지|모아타운,2024-09-10,2029-09-09,강서구,등촌동,,법정동,1.38,True
시보20240925_p538-545,주요재건축단지,2024-09-10,2029-09-09,강서구,등촌동,,법정동,1.38,True
시보20240905_p3-79,주요재건축단지|모아타운,2024-09-10,2029-09-09,강서구,방화동,,법정동,1.38,True
시보20240925_p538-545,주요재건축단지,2024-09-10,2029-09-09,강서구,방화동,,법정동,1.38,True
시보20240905_p3-79,주요재건축단지|모아타운,2024-09-10,2029-09-09,강서구,화곡동,,법정동,1.38,True
시보20240925_p538-545,주요재건축단지,2024-09-10,2029-09-09,강서구,화곡동,,법정동,1.38,True
시보20240905_p3-79,주요재건축단지|모아타운,2024-09-10,2029-09-09,관악구,봉천동,,법정동,0.64,True
시보20240905_p3-79,주요재건축단지|모아타운,2024-09-10,2029-09-09,관악구,신림동,,법정동,0.64,True
시보20240905_p3-79,주요재건축단지|모아타운,2024-09-10,2029-09-09,광진구,자양동,,법정동,0.38,False
시보20240905_p3-79,주요재건축단지|모아타운,2024-09-10,2029-09-09,구로구,개봉동,,법정동,0.69,True
시보20240905_p3-79,주요재건축단지|모아타운,2024-09-10,2029-09-09,구로구,고척동,,법정동,0.69,True
시보20240905_p3-79,주요재건축단지|모아타운,2024-09-10,2029-09-09,구로구,구로동,,법정동,0.69,True
시보20240905_p3-79,주요재건축단지|모아타운,2024-09-10,2029-09-09,금천구,독산동,,법정동,0.62,True
시보20240905_p3-79,주요재건축단지|모아타운,2024-09-10,2029-09-09,금천구,시흥동,,법정동,0.62,True
시보20240905_p3-79,주요재건축단지|모아타운,2024-09-10,2029-09-09,노원구,상계동,,법정동,0.69,True
시보20240905_p3-79,주요재건축단지|모아타운,2024-09-10,2029-09-09,노원구,월계동,,법정동,0.69,True
시보20240905_p3-79,주요재건축단지|모아타운,2024-09-10,2029-09-09,도봉구,방학동,,법정동,0.58,True
시보20240905_p3-79,주요재건축단지|모아타운,2024-09-10,2029-09-09,도봉구,쌍문동,,법정동,0.58,True
시보20240905_p3-79,주요재건축단지|모아타운,2024-09-10,2029-09-09,도봉구,창동,,법정동,0.58,True
시보20240905_p3-79,주요재건축단지|모아타운,2024-09-10,2029-09-09,동대문구,답십리동,,법정동,0.08,False
시보20240925_p538-545,주요재건축단지,2024-09-10,2029-09-09,동대문구,답십리동,,법정동,0.08,True
시보20240925_p538-545,주요재건축단지,2024-09-10,2029-09-09,동대문구,이문동,,법정동,0.08,True
시보20240905_p3-79,주요재건축단지|모아타운,2024-09-10,2029-09-09,동작구,노량진동,,법정동,0.35,True
시보20240905_p3-79,주요재건축단지|모아타운,2024-09-10,2029-09-09,동작구,사당동,,법정동,0.35,True
시보20240905_p3-79,주요재건축단지|모아타운,2024-09-10,2029-09-09,동작구,상도동,,법정동,0.35,True
시보20240905_p3-79,주요재건축단지|모아타운,2024-09-10,2029-09-09,마포구,대흥동,,법정동,0.74,True
시보20240905_p3-79,주요재건축단지|모아타운,2024-09-10,2029-09-09,마포구,망원동,,법정동,0.74,True
시보20240905_p3-79,주요재건축단지|모아타운,2024-09-10,2029-09-09,마포구,성산동,,법정동,0.74,True
시보20240905_p3-79,주요재건축단지|모아타운,2024-09-10,2029-09-09,마포구,용강동,,법정동,0.74,True
시보20240905_p3-79,주요재건축단지|모아타운,2024-09-10,2029-09-09,마포구,중동,,법정동,0.74,True
시보20240905_p3-79,주요재건축단지|모아타운,2024-09-10,2029-09-09,마포구,합정동,,법정동,0.74,True
시보20240905_p3-79,주요재건축단지|모아타운,2024-09-10,2029-09-09,서대문구,옥천동,,법정동,0.1,True
시보20240905_p3-79,주요재건축단지|모아타운,2024-09-10,2029-09-09,서대문구,천연동,,법정동,0.1,True
시보20240905_p3-79,주요재건축단지|모아타운,2024-09-10,2029-09-09,서대문구,현저동,,법정동,0.1,True
시보20240905_p3-79,주요재건축단지|모아타운,2024-09-10,2029-09-09,서대문구,홍제동,,법정동,0.1,True
시보20240905_p3-79,주요재건축단지|모아타운,2024-09-10,2029-09-09,성동구,금호동1가,,법정동,0.23,True
시보20240905_p3-79,주요재건축단지|모아타운,2024-09-10,2029-09-09,성동구,마장동,,법정동,0.23,True
시보20240905_p3-79,주요재건축단지|모아타운,2024-09-10,2029-09-09,성동구,사근동,,법정동,0.23,True
시보20240905_p3-79,주요재건축단지|모아타운,2024-09-10,2029-09-09,성동구,송정동,,법정동,0.23,True
시보20240905_p3-79,주요재건축단지|모아타운,2024-09-10,2029-09-09,성동구,행당동,,법정동,0.23,True
시보20240905_p3-79,주요재건축단지|모아타운,2024-09-10,2029-09-09,성북구,돈암동,,법정동,0.3,True
시보20240925_p538-545,주요재건축단지,2024-09-10,2029-09-09,성북구,돈암동,,법정동,0.3,True
시보20240905_p3-79,주요재건축단지|모아타운,2024-09-10,2029-09-09,성북구,석관동,,법정동,0.3,True
시보20240905_p3-79,주요재건축단지|모아타운,2024-09-10,2029-09-09,성북구,정릉동,,법정동,0.3,True
시보20240925_p538-545,주요재건축단지,2024-09-10,2029-09-09,성북구,정릉동,,법정동,0.3,True
시보20240905_p3-79,주요재건축단지|모아타운,2024-09-10,2029-09-09,성북구,종암동,,법정동,0.3,True
시보20240905_p3-79,주요재건축단지|모아타운,2024-09-10,2029-09-09,송파구,풍납동,,법정동,0.07,False
시보20240905_p3-79,주요재건축단지|모아타운,2024-09-10,2029-09-09,양천구,목동,,법정동,0.52,True
시보20240925_p538-545,주요재건축단지,2024-09-10,2029-09-09,양천구,목동,,법정동,0.52,True
시보20240905_p3-79,주요재건축단지|모아타운,2024-09-10,2029-09-09,양천구,신월동,,법정동,0.52,True
시보20240925_p538-545,주요재건축단지,2024-09-10,2029-09-09,양천구,신월동,,법정동,0.52,True
시보20240905_p3-79,주요재건축단지|모아타운,2024-09-10,2029-09-09,용산구,산천동,,법정동,0.07,True
시보20240905_p3-79,주요재건축단지|모아타운,2024-09-10,2029-09-09,용산구,서계동,,법정동,0.07,True
시보20240905_p3-79,주요재건축단지|모아타운,2024-09-10,2029-09-09,용산구,원효로4가,,법정동,0.07,True
시보20240905_p3-79,주요재건축단지|모아타운,2024-09-10,2029-09-09,은평구,대조동,,법정동,0.39,True
시보20240905_p3-79,주요재건축단지|모아타운,2024-09-10,2029-09-09,은평구,불광동,,법정동,0.39,True
시보20240905_p3-79,주요재건축단지|모아타운,2024-09-10,2029-09-09,종로구,구기동,,법정동,0.3,False
시보20240905_p3-79,주요재건축단지|모아타운,2024-09-10,2029-09-09,중구,신당동,,법정동,0.3,False
시보20240905_p3-79,주요재건축단지|모아타운,2024-09-10,2029-09-09,중랑구,망우동,,법정동,1.66,True
시보20240905_p3-79,주요재건축단지|모아타운,2024-09-10,2029-09-09,중랑구,면목동,,법정동,1.66,True
시보20240905_p3-79,주요재건축단지|모아타운,2024-09-10,2029-09-09,중랑구,묵동,,법정동,1.66,True
시보20240905_p3-79,주요재건축단지|모아타운,2024-09-10,2029-09-09,중랑구,상봉동,,법정동,1.66,True
시보20240905_p3-79,주요재건축단지|모아타운,2024-09-10,2029-09-09,중랑구,중화동,,법정동,1.66,True
시보20241017_p245-252,신속통합기획|정비사업후보지,2024-10-22,2025-12-25,관악구,신림동,412,법정동,,False
시보20241017_p245-252,신속통합기획|정비사업후보지,2024-10-22,2025-12-25,송파구,마천동,45,법정동,,False
시보20241017_p245-252,신속통합기획|정비사업후보지,2024-10-22,2025-12-25,용산구,후암동,264-11,법정동,,False
시보20241017_p245-252,신속통합기획|정비사업후보지,2024-10-22,2025-12-25,중랑구,중화동,309-39,법정동,,False
국토교통부공고제2024-1506호(토지거래허가구역 지정 및 해제 공고),자연녹지,2024-11-10,2029-11-09,송파구,마천동,,법정동,0.96,False
국토교통부공고제2024-1506호(토지거래허가구역 지정 및 해제 공고),자연녹지,2024-11-10,2029-11-09,송파구,방이동,,법정동,1.54,False
국토교통부공고제2024-1506호(토지거래허가구역 지정 및 해제 공고),자연녹지,2024-11-10,2029-11-09,송파구,오금동,,법정동,0.14,False
시보20241114_p608-610,신속통합기획|정비사업후보지,2024-11-19,2025-12-25,동작구,사당동,63-1,법정동,,False
시보20241114_p608-610,신속통합기획|정비사업후보지,2024-11-19,2025-12-25,서대문구,홍제동,9-81,법정동,,False
시보20241218_p364-437,주요재건축단지|신속통합기획|공공재개발|정비사업후보지,2025-01-26,2026-01-28,강남구,개포동,649,법정동,,False
시보20241218_p364-437,주요재건축단지|신속통합기획|공공재개발|정비사업후보지,2025-01-26,2026-01-28,강남구,개포동,652,법정동,,False
시보20241218_p364-437,주요재건축단지|신속통합기획|공공재개발|정비사업후보지,2025-01-26,2026-01-28,강남구,개포동,653,법정동,,False
시보20241218_p364-437,주요재건축단지|신속통합기획|공공재개발|정비사업후보지,2025-01-26,2026-01-28,강동구,명일동,56,법정동,,False
시보20241218_p364-437,주요재건축단지|신속통합기획|공공재개발|정비사업후보지,2025-01-26,2026-01-28,강동구,천호동,214-19,법정동,,False
시보20241218_p364-437,주요재건축단지|신속통합기획|공공재개발|정비사업후보지,2025-01-26,2026-01-28,강동구,천호동,461-31,법정동,,False
시보20241218_p364-437,주요재건축단지|신속통합기획|공공재개발|정비사업후보지,2025-01-26,2026-01-28,강동구,천호동,338,법정동,,False
시보20241218_p364-437,주요재건축단지|신속통합기획|공공재개발|정비사업후보지,2025-01-26,2026-01-28,강북구,미아동,61-79,법정동,,False
시보20241218_p364-437,주요재건축단지|신속통합기획|공공재개발|정비사업후보지,2025-01-26,2026-01-28,강북구,미아동,791-2882,법정동,,False
시보20241218_p364-437,주요재건축단지|신속통합기획|공공재개발|정비사업후보지,2025-01-26,2026-01-28,강북구,미아동,8-373,법정동,,False
시보20241218_p364-437,주요재건축단지|신속통합기획|공공재개발|정비사업후보지,2025-01-26,2026-01-28,강북구,번동,441-3,법정동,,False
시보20241218_p364-437,주요재건축단지|신속통합기획|공공재개발|정비사업후보지,2025-01-26,2026-01-28,강서구,방화동,589-13,법정동,,False
시보20241218_p364-437,주요재건축단지|신속통합기획|공공재개발|정비사업후보지,2025-01-26,2026-01-28,관악구,봉천동,922-1,법정동,,False
시보20241218_p364-437,주요재건축단지|신속통합기획|공공재개발|정비사업후보지,2025-01-26,2026-01-28,관악구,신림동,412,법정동,,False
시보20241218_p364-437,주요재건축단지|신속통합기획|공공재개발|정비사업후보지,2025-01-26,2026-01-28,광진구,자양동,57-90,법정동,,False
시보20241218_p364-437,주요재건축단지|신속통합기획|공공재개발|정비사업후보지,2025-01-26,2026-01-28,구로구,가리봉동,87-177,법정동,,False
시보20241218_p364-437,주요재건축단지|신속통합기획|공공재개발|정비사업후보지,2025-01-26,2026-01-28,구로구,가리봉동,115,법정동,,False
시보20241218_p364-437,주요재건축단지|신속통합기획|공공재개발|정비사업후보지,2025-01-26,2026-01-28,구로구,고척동,253,법정동,,False
시보20241218_p364-437,주요재건축단지|신속통합기획|공공재개발|정비사업후보지,2025-01-26,2026-01-28,금천구,시흥동,871,법정동,,False
시보20241218_p364-437,주요재건축단지|신속통합기획|공공재개발|정비사업후보지,2025-01-26,2026-01-28,도봉구,방학동,685,법정동,,False
시보20241218_p364-437,주요재건축단지|신속통합기획|공공재개발|정비사업후보지,2025-01-26,2026-01-28,동대문구,답십리동,471,법정동,,False
시보20241218_p364-437,주요재건축단지|신속통합기획|공공재개발|정비사업후보지,2025-01-26,2026-01-28,동대문구,신설동,92-5,법정동,,False
시보20241218_p364-437,주요재건축단지|신속통합기획|공공재개발|정비사업후보지,2025-01-26,2026-01-28,동대문구,용두동,14-1,법정동,,False
시보20241218_p364-437,주요재건축단지|신속통합기획|공공재개발|정비사업후보지,2025-01-26,2026-01-28,동대문구,용두동,39-361,법정동,,False
시보20241218_p364-437,주요재건축단지|신속통합기획|공공재개발|정비사업후보지,2025-01-26,2026-01-28,동대문구,전농동,152-65,법정동,,False
시보20241218_p364-437,주요재건축단지|신속통합기획|공공재개발|정비사업후보지,2025-01-26,2026-01-28,동대문구,청량리동,19,법정동,,False
시보20241218_p364-437,주요재건축단지|신속통합기획|공공재개발|정비사업후보지,2025-01-26,2026-01-28,동작구,사당동,288,법정동,,False
시보20241218_p364-437,주요재건축단지|신속통합기획|공공재개발|정비사업후보지,2025-01-26,2026-01-28,동작구,상도동,279,법정동,,False
시보20241218_p364-437,주요재건축단지|신속통합기획|공공재개발|정비사업후보지,2025-01-26,2026-01-28,동작구,상도동,244,법정동,,False
시보20241218_p364-437,주요재건축단지|신속통합기획|공공재개발|정비사업후보지,2025-01-26,2026-01-28,동작구,흑석동,99-3,법정동,,False
시보20241218_p364-437,주요재건축단지|신속통합기획|공공재개발|정비사업후보지,2025-01-26,2026-01-28,마포구,공덕동,11-24,법정동,,False
시보20241218_p364-437,주요재건축단지|신속통합기획|공공재개발|정비사업후보지,2025-01-26,2026-01-28,마포구,망원동,416-67,법정동,,False
시보20241218_p364-437,주요재건축단지|신속통합기획|공공재개발|정비사업후보지,2025-01-26,2026-01-28,서대문구,홍제동,267-1,법정동,,False
시보20241218_p364-437,주요재건축단지|신속통합기획|공공재개발|정비사업후보지,2025-01-26,2026-01-28,성동구,마장동,382,법정동,,False
시보20241218_p364-437,주요재건축단지|신속통합기획|공공재개발|정비사업후보지,2025-01-26,2026-01-28,성동구,사근동,293,법정동,,False
시보20241218_p364-437,주요재건축단지|신속통합기획|공공재개발|정비사업후보지,2025-01-26,2026-01-28,성동구,사근동,212-1,법정동,,False
시보20241218_p364-437,주요재건축단지|신속통합기획|공공재개발|정비사업후보지,2025-01-26,2026-01-28,성북구,석관동,62-1,법정동,,False
시보20241218_p364-437,주요재건축단지|신속통합기획|공공재개발|정비사업후보지,2025-01-26,2026-01-28,성북구,성북동,3-38,법정동,,False
시보20241218_p364-437,주요재건축단지|신속통합기획|공공재개발|정비사업후보지,2025-01-26,2026-01-28,성북구,종암동,125-35,법정동,,False
시보20241218_p364-437,주요재건축단지|신속통합기획|공공재개발|정비사업후보지,2025-01-26,2026-01-28,성북구,종암동,3-10,법정동,,False
시보20241218_p364-437,주요재건축단지|신속통합기획|공공재개발|정비사업후보지,2025-01-26,2026-01-28,성북구,하월곡동,70-1,법정동,,False
시보20241218_p364-437,주요재건축단지|신속통합기획|공공재개발|정비사업후보지,2025-01-26,2026-01-28,송파구,마천동,45,법정동,,False
시보20241218_p364-437,주요재건축단지|신속통합기획|공공재개발|정비사업후보지,2025-01-26,2026-01-28,송파구,마천동,183,법정동,,False
시보20241218_p364-437,주요재건축단지|신속통합기획|공공재개발|정비사업후보지,2025-01-26,2026-01-28,송파구,송파동,151,법정동,,False
시보20241218_p364-437,주요재건축단지|신속통합기획|공공재개발|정비사업후보지,2025-01-26,2026-01-28,송파구,신천동,7,법정동,,False
시보20241218_p364-437,주요재건축단지|신속통합기획|공공재개발|정비사업후보지,2025-01-26,2026-01-28,양천구,목동,232,법정동,,False
시보20241218_p364-437,주요재건축단지|신속통합기획|공공재개발|정비사업후보지,2025-01-26,2026-01-28,양천구,신월동,913,법정동,,False
시보20241218_p364-437,주요재건축단지|신속통합기획|공공재개발|정비사업후보지,2025-01-26,2026-01-28,양천구,신정동,1152,법정동,,False
시보20241218_p364-437,주요재건축단지|신속통합기획|공공재개발|정비사업후보지,2025-01-26,2026-01-28,영등포구,당산동6가,104,법정동,,False
시보20241218_p364-437,주요재건축단지|신속통합기획|공공재개발|정비사업후보지,2025-01-26,2026-01-28,영등포구,대림동,855-1,법정동,,False
시보20241218_p364-437,주요재건축단지|신속통합기획|공공재개발|정비사업후보지,2025-01-26,2026-01-28,영등포구,신길동,1499,법정동,,False
시보20241218_p364-437,주요재건축단지|신속통합기획|공공재개발|정비사업후보지,2025-01-26,2026-01-28,영등포구,양평동2가,33-20,법정동,,False
시보20241218_p364-437,주요재건축단지|신속통합기획|공공재개발|정비사업후보지,2025-01-26,2026-01-28,영등포구,양평동2가,29-6,법정동,,False
시보20241218_p364-437,주요재건축단지|신속통합기획|공공재개발|정비사업후보지,2025-01-26,2026-01-28,용산구,서계동,33,법정동,,False
시보20241218_p364-437,주요재건축단지|신속통합기획|공공재개발|정비사업후보지,2025-01-26,2026-01-28,용산구,청파동1가,89-18,법정동,,False
시보20241218_p364-437,주요재건축단지|신속통합기획|공공재개발|정비사업후보지,2025-01-26,2026-01-28,은평구,불광동,600,법정동,,False
시보20241218_p364-437,주요재건축단지|신속통합기획|공공재개발|정비사업후보지,2025-01-26,2026-01-28,은평구,신사동,200,법정동,,False
시보20241218_p364-437,주요재건축단지|신속통합기획|공공재개발|정비사업후보지,2025-01-26,2026-01-28,은평구,신사동,237,법정동,,False
시보20241218_p364-437,주요재건축단지|신속통합기획|공공재개발|정비사업후보지,2025-01-26,2026-01-28,종로구,숭인동,56,법정동,,False
시보20241218_p364-437,주요재건축단지|신속통합기획|공공재개발|정비사업후보지,2025-01-26,2026-01-28,종로구,신문로1가,158,법정동,,False
시보20241218_p364-437,주요재건축단지|신속통합기획|공공재개발|정비사업후보지,2025-01-26,2026-01-28,종로구,창신동,23,법정동,,False
시보20241218_p364-437,주요재건축단지|신속통합기획|공공재개발|정비사업후보지,2025-01-26,2026-01-28,종로구,창신동,23-605,법정동,,False
시보20241218_p364-437,주요재건축단지|신속통합기획|공공재개발|정비사업후보지,2025-01-26,2026-01-28,종로구,창신동,629,법정동,,False
시보20241218_p364-437,주요재건축단지|신속통합기획|공공재개발|정비사업후보지,2025-01-26,2026-01-28,중구,신당동,236-100,법정동,,False
시보20241218_p364-437,주요재건축단지|신속통합기획|공공재개발|정비사업후보지,2025-01-26,2026-01-28,중구,장충동2가,112,법정동,,False
시보20241218_p364-437,주요재건축단지|신속통합기획|공공재개발|정비사업후보지,2025-01-26,2026-01-28,중랑구,망우동,461,법정동,,False
시보20241218_p364-437,주요재건축단지|신속통합기획|공공재개발|정비사업후보지,2025-01-26,2026-01-28,중랑구,면목동,69-14,법정동,,False
시보20241218_p364-437,주요재건축단지|신속통합기획|공공재개발|정비사업후보지,2025-01-26,2026-01-28,중랑구,면목동,172-1,법정동,,False
시보20250212_p403-428,주요재건축단지|신속통합기획|공공재개발|모아타운|정비사업후보지,2025-02-18,2030-02-17,강북구,미아동,130,법정동,,False
시보20250212_p403-428,주요재건축단지|신속통합기획|공공재개발|모아타운|정비사업후보지,2025-02-18,2030-02-17,강북구,미아동,8-373,법정동,,False
시보20250212_p403-428,주요재건축단지|신속통합기획|공공재개발|모아타운|정비사업후보지,2025-02-18,2030-02-17,강북구,번동,469,법정동,,False
시보20250212_p403-428,주요재건축단지|신속통합기획|공공재개발|모아타운|정비사업후보지,2025-02-18,2030-02-17,강북구,수유동,31-10,법정동,,False
시보20250212_p403-428,주요재건축단지|신속통합기획|공공재개발|모아타운|정비사업후보지,2025-02-18,2030-02-17,강북구,수유동,141,법정동,,False
시보20250212_p403-428,주요재건축단지|신속통합기획|공공재개발|모아타운|정비사업후보지,2025-02-18,2030-02-17,광진구,자양동,649,법정동,,False
시보20250212_p403-428,주요재건축단지|신속통합기획|공공재개발|모아타운|정비사업후보지,2025-02-18,2030-02-17,광진구,자양동,772-1,법정동,,False
시보20250212_p403-428,주요재건축단지|신속통합기획|공공재개발|모아타운|정비사업후보지,2025-02-18,2030-02-17,광진구,자양동,227-147,법정동,,False
시보20250212_p403-428,주요재건축단지|신속통합기획|공공재개발|모아타운|정비사업후보지,2025-02-18,2030-02-17,구로구,가리봉동,115,법정동,,False
시보20250212_p403-428,주요재건축단지|신속통합기획|공공재개발|모아타운|정비사업후보지,2025-02-18,2030-02-17,구로구,개봉동,20,법정동,,False
시보20250212_p403-428,주요재건축단지|신속통합기획|공공재개발|모아타운|정비사업후보지,2025-02-18,2030-02-17,금천구,시흥동,4,법정동,,False
시보20250212_p403-428,주요재건축단지|신속통합기획|공공재개발|모아타운|정비사업후보지,2025-02-18,2030-02-17,동대문구,답십리동,471,법정동,,False
시보20250212_p403-428,주요재건축단지|신속통합기획|공공재개발|모아타운|정비사업후보지,2025-02-18,2030-02-17,서대문구,홍은동,10-18,법정동,,False
시보20250212_p403-428,주요재건축단지|신속통합기획|공공재개발|모아타운|정비사업후보지,2025-02-18,2030-02-17,서대문구,홍제동,287-118,법정동,,False
시보20250212_p403-428,주요재건축단지|신속통합기획|공공재개발|모아타운|정비사업후보지,2025-02-18,2030-02-17,서초구,우면동,2,법정동,,False
시보20250212_p403-428,주요재건축단지|신속통합기획|공공재개발|모아타운|정비사업후보지,2025-02-18,2030-02-17,성북구,정릉동,226-1,법정동,,False
시보20250212_p403-428,주요재건축단지|신속통합기획|공공재개발|모아타운|정비사업후보지,2025-02-18,2030-02-17,양천구,목동,231-27,법정동,,False
시보20250212_p403-428,주요재건축단지|신속통합기획|공공재개발|모아타운|정비사업후보지,2025-02-18,2030-02-17,양천구,목동,644-1,법정동,,False
시보20250212_p403-428,주요재건축단지|신속통합기획|공공재개발|모아타운|정비사업후보지,2025-02-18,2030-02-17,중랑구,면목동,174-1,법정동,,False
시보20250212_p403-428,주요재건축단지|신속통합기획|공공재개발|모아타운|정비사업후보지,2025-02-18,2030-02-17,중랑구,신내동,493-13,법정동,,False
시보20250314_p3-51,신속통합기획|공공재개발|정비사업후보지,2025-03-19,2026-04-03,강동구,천호동,467-61,법정동,,False
시보20250314_p3-51,신속통합기획|공공재개발|정비사업후보지,2025-03-19,2026-04-03,강북구,미아동,75,법정동,,False
시보20250314_p3-51,신속통합기획|공공재개발|정비사업후보지,2025-03-19,2026-04-03,강북구,미아동,258,법정동,,False
시보20250314_p3-51,신속통합기획|공공재개발|정비사업후보지,2025-03-19,2026-04-03,강북구,번동,148,법정동,,False
시보20250314_p3-51,신속통합기획|공공재개발|정비사업후보지,2025-03-19,2026-04-03,관악구,신림동,306,법정동,,False
시보20250314_p3-51,신속통합기획|공공재개발|정비사업후보지,2025-03-19,2026-04-03,관악구,신림동,675,법정동,,False
시보20250314_p3-51,신속통합기획|공공재개발|정비사업후보지,2025-03-19,2026-04-03,관악구,신림동,650,법정동,,False
시보20250314_p3-51,신속통합기획|공공재개발|정비사업후보지,2025-03-19,2026-04-03,광진구,중곡동,254-15,법정동,,False
시보20250314_p3-51,신속통합기획|공공재개발|정비사업후보지,2025-03-19,2026-04-03,구로구,개봉동,120-1,법정동,,False
시보20250314_p3-51,신속통합기획|공공재개발|정비사업후보지,2025-03-19,2026-04-03,구로구,개봉동,49,법정동,,False
시보20250314_p3-51,신속통합기획|공공재개발|정비사업후보지,2025-03-19,2026-04-03,구로구,구로동,719,법정동,,False
시보20250314_p3-51,신속통합기획|공공재개발|정비사업후보지,2025-03-19,2026-04-03,구로구,오류동,4,법정동,,False
시보20250314_p3-51,신속통합기획|공공재개발|정비사업후보지,2025-03-19,2026-04-03,금천구,독산동,1072,법정동,,False
시보20250314_p3-51,신속통합기획|공공재개발|정비사업후보지,2025-03-19,2026-04-03,금천구,독산동,1036,법정동,,False
시보20250403_p3-4,신속통합기획|정비사업후보지,2025-03-19,2026-04-03,금천구,독산동,1072,법정동,,False
시보20250314_p3-51,신속통합기획|공공재개발|정비사업후보지,2025-03-19,2026-04-03,금천구,시흥동,810,법정동,,False
시보20250314_p3-51,신속통합기획|공공재개발|정비사업후보지,2025-03-19,2026-04-03,노원구,상계동,71-183,법정동,,False
시보20250314_p3-51,신속통합기획|공공재개발|정비사업후보지,2025-03-19,2026-04-03,노원구,상계동,154-3,법정동,,False
시보20250314_p3-51,신속통합기획|공공재개발|정비사업후보지,2025-03-19,2026-04-03,도봉구,쌍문동,724,법정동,,False
시보20250314_p3-51,신속통합기획|공공재개발|정비사업후보지,2025-03-19,2026-04-03,도봉구,쌍문동,81,법정동,,False
시보20250314_p3-51,신속통합기획|공공재개발|정비사업후보지,2025-03-19,2026-04-03,동대문구,용두동,39-361,법정동,,False
시보20250314_p3-51,신속통합기획|공공재개발|정비사업후보지,2025-03-19,2026-04-03,동대문구,전농동,103-27,법정동,,False
시보20250314_p3-51,신속통합기획|공공재개발|정비사업후보지,2025-03-19,2026-04-03,동작구,본동,47,법정동,,False
시보20250314_p3-51,신속통합기획|공공재개발|정비사업후보지,2025-03-19,2026-04-03,동작구,사당동,305-35,법정동,,False
시보20250314_p3-51,신속통합기획|공공재개발|정비사업후보지,2025-03-19,2026-04-03,서대문구,북가좌동,74-107,법정동,,False
시보20250314_p3-51,신속통합기획|공공재개발|정비사업후보지,2025-03-19,2026-04-03,서대문구,연희동,721-6,법정동,,False
시보20250314_p3-51,신속통합기획|공공재개발|정비사업후보지,2025-03-19,2026-04-03,서대문구,충정로3가,281-11,법정동,,False
시보20250314_p3-51,신속통합기획|공공재개발|정비사업후보지,2025-03-19,2026-04-03,서대문구,홍은동,48-163,법정동,,False
시보20250314_p3-51,신속통합기획|공공재개발|정비사업후보지,2025-03-19,2026-04-03,서대문구,홍은동,8-400,법정동,,False
시보20250314_p3-51,신속통합기획|공공재개발|정비사업후보지,2025-03-19,2026-04-03,성동구,금호동4가,1109,법정동,,False
시보20250314_p3-51,신속통합기획|공공재개발|정비사업후보지,2025-03-19,2026-04-03,성북구,성북동,179-68,법정동,,False
시보20250314_p3-51,신속통합기획|공공재개발|정비사업후보지,2025-03-19,2026-04-03,성북구,장위동,238-83,법정동,,False
시보20250314_p3-51,신속통합기획|공공재개발|정비사업후보지,2025-03-19,2026-04-03,성북구,장위동,85,법정동,,False
시보20250314_p3-51,신속통합기획|공공재개발|정비사업후보지,2025-03-19,2026-04-03,송파구,거여동,551-14,법정동,,False
시보20250314_p3-51,신속통합기획|공공재개발|정비사업후보지,2025-03-19,2026-04-03,양천구,신월동,941,법정동,,False
시보20250314_p3-51,신속통합기획|공공재개발|정비사업후보지,2025-03-19,2026-04-03,영등포구,신길동,147-80,법정동,,False
시보20250314_p3-51,신속통합기획|공공재개발|정비사업후보지,2025-03-19,2026-04-03,용산구,이태원동,730,법정동,,False
시보20250314_p3-51,신속통합기획|공공재개발|정비사업후보지,2025-03-19,2026-04-03,용산구,후암동,30-2,법정동,,False
시보20250314_p3-51,신속통합기획|공공재개발|정비사업후보지,2025-03-19,2026-04-03,은평구,불광동,359-1,법정동,,False
시보20250314_p3-51,신속통합기획|공공재개발|정비사업후보지,2025-03-19,2026-04-03,종로구,숭인동,1169,법정동,,False
시보20250314_p3-51,신속통합기획|공공재개발|정비사업후보지,2025-03-19,2026-04-03,중랑구,중화동,122,법정동,,False
시보20250319_p3-8,국제교류복합지구|주요재건축단지,2025-03-24,2025-09-30,강남구,율현동,,법정동,32.14,True
시보20250319_p3-8,국제교류복합지구|주요재건축단지,2025-03-24,2025-09-30,강남구,일원동,,법정동,32.14,True
시보20250319_p3-8,국제교류복합지구|주요재건축단지,2025-03-24,2025-09-30,강남구,자곡동,,법정동,32.14,True
시보20250319_p3-8,국제교류복합지구|주요재건축단지,2025-03-24,2025-09-30,강남구,청담동,,법정동,32.14,True
시보20250319_p3-8,국제교류복합지구|주요재건축단지,2025-03-24,2025-09-30,서초구,양재동,,법정동,25.46,True
시보20250319_p3-8,국제교류복합지구|주요재건축단지,2025-03-24,2025-09-30,서초구,염곡동,,법정동,25.46,True
시보20250319_p3-8,국제교류복합지구|주요재건축단지,2025-03-24,2025-09-30,서초구,우면동,,법정동,25.46,True
시보20250319_p3-8,국제교류복합지구|주요재건축단지,2025-03-24,2025-09-30,서초구,원지동,,법정동,25.46,True
시보20250319_p3-8,국제교류복합지구|주요재건축단지,2025-03-24,2025-09-30,서초구,잠원동,,법정동,25.46,True
시보20250319_p3-8,국제교류복합지구|주요재건축단지,2025-03-24,2025-09-30,송파구,잠실동,,법정동,32.52,True
시보20250319_p3-8,국제교류복합지구|주요재건축단지,2025-03-24,2025-09-30,송파구,장지동,,법정동,32.52,True
시보20250319_p3-8,국제교류복합지구|주요재건축단지,2025-03-24,2025-09-30,송파구,풍납동,,법정동,32.52,True
시보20250319_p3-8,국제교류복합지구|주요재건축단지,2025-03-24,2025-09-30,용산구,효창동,,법정동,20.53,True
시보20250319_p3-8,국제교류복합지구|주요재건축단지,2025-03-24,2025-09-30,용산구,후암동,,법정동,20.53,True
시보20250409_p451-469,주요재건축단지|신속통합기획|모아타운|정비사업후보지,2025-04-27,2026-04-26,강남구,압구정동,,법정동,1.149476,False
시보20250409_p451-469,주요재건축단지|신속통합기획|모아타운|정비사업후보지,2025-04-27,2026-04-26,강북구,미아동,791-1134,법정동,,False
시보20250409_p451-469,주요재건축단지|신속통합기획|모아타운|정비사업후보지,2025-04-27,2026-04-26,관악구,신림동,650,법정동,,False
시보20250409_p451-469,주요재건축단지|신속통합기획|모아타운|정비사업후보지,2025-04-27,2026-04-26,광진구,자양동,681,법정동,,False
시보20250409_p451-469,주요재건축단지|신속통합기획|모아타운|정비사업후보지,2025-04-27,2026-04-26,광진구,자양동,12-10,법정동,,False
시보20250409_p451-469,주요재건축단지|신속통합기획|모아타운|정비사업후보지,2025-04-27,2026-04-26,노원구,월계동,534,법정동,,False
시보20250409_p451-469,주요재건축단지|신속통합기획|모아타운|정비사업후보지,2025-04-27,2026-04-26,마포구,창전동,46-1,법정동,,False
시보20250409_p451-469,주요재건축단지|신속통합기획|모아타운|정비사업후보지,2025-04-27,2026-04-26,서대문구,홍은동,11-360,법정동,,False
시보20250409_p451-469,주요재건축단지|신속통합기획|모아타운|정비사업후보지,2025-04-27,2026-04-26,성동구,성수동1가,,법정동,0.530399,True
시보20250409_p451-469,주요재건축단지|신속통합기획|모아타운|정비사업후보지,2025-04-27,2026-04-26,성동구,성수동2가,,법정동,0.530399,True
시보20250409_p451-469,주요재건축단지|신속통합기획|모아타운|정비사업후보지,2025-04-27,2026-04-26,성북구,정릉동,199-1,법정동,,False
시보20250409_p451-469,주요재건축단지|신속통합기획|모아타운|정비사업후보지,2025-04-27,2026-04-26,양천구,목동,,법정동,2.28213,True
시보20250409_p451-469,주요재건축단지|신속통합기획|모아타운|정비사업후보지,2025-04-27,2026-04-26,양천구,신정동,,법정동,2.28213,True
시보20250409_p451-469,주요재건축단지|신속통합기획|모아타운|정비사업후보지,2025-04-27,2026-04-26,영등포구,여의도동,,법정동,0.616034,False
시보20250409_p451-469,주요재건축단지|신속통합기획|모아타운|정비사업후보지,2025-04-27,2026-04-26,종로구,숭인동,61,법정동,,False
국토교통부공고제2025-1058호(토지거래허가구역 지정 공고),외국인,2025-08-26,2026-08-25,강남구,,,자치구,,True
국토교통부공고제2025-1058호(토지거래허가구역 지정 공고),외국인,2025-08-26,2026-08-25,강동구,,,자치구,,True
국토교통부공고제2025-1058호(토지거래허가구역 지정 공고),외국인,2025-08-26,2026-08-25,강북구,,,자치구,,True
국토교통부공고제2025-1058호(토지거래허가구역 지정 공고),외국인,2025-08-26,2026-08-25,강서구,,,자치구,,True
국토교통부공고제2025-1058호(토지거래허가구역 지정 공고),외국인,2025-08-26,2026-08-25,관악구,,,자치구,,True
국토교통부공고제2025-1058호(토지거래허가구역 지정 공고),외국인,2025-08-26,2026-08-25,광진구,,,자치구,,True
국토교통부공고제2025-1058호(토지거래허가구역 지정 공고),외국인,2025-08-26,2026-08-25,구로구,,,자치구,,True
시보20250827_p1056-1070,신속통합기획|공공재개발|모아타운|정비사업후보지,2025-09-02,2030-09-01,강동구,천호동,338,법정동,,False
시보20250827_p1056-1070,신속통합기획|공공재개발|모아타운|정비사업후보지,2025-09-02,2030-09-01,광진구,광장동,264-1,법정동,,False
시보20250827_p1056-1070,신속통합기획|공공재개발|모아타운|정비사업후보지,2025-09-02,2030-09-01,광진구,구의동,587,법정동,,False
시보20250827_p1056-1070,신속통합기획|공공재개발|모아타운|정비사업후보지,2025-09-02,2030-09-01,광진구,자양동,226-1,법정동,,False
시보20250827_p1056-1070,신속통합기획|공공재개발|모아타운|정비사업후보지,2025-09-02,2030-09-01,동작구,동작동,102-8,법정동,,False
시보20250827_p1056-1070,신속통합기획|공공재개발|모아타운|정비사업후보지,2025-09-02,2030-09-01,서초구,서초동,1506-6,법정동,,False
시보20250827_p1056-1070,신속통합기획|공공재개발|모아타운|정비사업후보지,2025-09-02,2030-09-01,성동구,사근동,212-1,법정동,,False
시보20250827_p1056-1070,신속통합기획|공공재개발|모아타운|정비사업후보지,2025-09-02,2030-09-01,양천구,신월동,913,법정동,,False
시보20250827_p1056-1070,신속통합기획|공공재개발|모아타운|정비사업후보지,2025-09-02,2030-09-01,종로구,창신동,23-606,법정동,0.133846,False
시보20250827_p1056-1070,신속통합기획|공공재개발|모아타운|정비사업후보지,2025-09-02,2030-09-01,종로구,창신동,629,법정동,,False
시보20250827_p1056-1070,신속통합기획|공공재개발|모아타운|정비사업후보지,2025-09-02,2030-09-01,중구,신당동,156-4,법정동,,False
시보20250827_p1056-1070,신속통합기획|공공재개발|모아타운|정비사업후보지,2025-09-02,2030-09-01,중구,신당동,50-21,법정동,,False
시보20250925_p151-164,국제교류복합지구|주요재건축단지|신속통합기획|공공재개발|정비사업후보지,2025-10-01,2026-12-31,강남구,청담동,,법정동,39.5,False
시보20250925_p151-164,국제교류복합지구|주요재건축단지|신속통합기획|공공재개발|정비사업후보지,2025-10-01,2026-12-31,강북구,미아동,159,법정동,,False
시보20250925_p151-164,국제교류복합지구|주요재건축단지|신속통합기획|공공재개발|정비사업후보지,2025-10-01,2026-12-31,구로구,가리봉동,2-92,법정동,,False
시보20250925_p151-164,국제교류복합지구|주요재건축단지|신속통합기획|공공재개발|정비사업후보지,2025-10-01,2026-12-31,도봉구,방학동,638,법정동,,False
시보20250925_p151-164,국제교류복합지구|주요재건축단지|신속통합기획|공공재개발|정비사업후보지,2025-10-01,2026-12-31,동작구,사당동,419-1,법정동,,False
시보20250925_p151-164,국제교류복합지구|주요재건축단지|신속통합기획|공공재개발|정비사업후보지,2025-10-01,2026-12-31,동작구,상도동,214,법정동,,False
시보20250925_p151-164,국제교류복합지구|주요재건축단지|신속통합기획|공공재개발|정비사업후보지,2025-10-01,2026-12-31,마포구,아현동,331-29,법정동,,False
시보20250925_p151-164,국제교류복합지구|주요재건축단지|신속통합기획|공공재개발|정비사업후보지,2025-10-01,2026-12-31,영등포구,도림동,133-1,법정동,,False
시보20250925_p151-164,국제교류복합지구|주요재건축단지|신속통합기획|공공재개발|정비사업후보지,2025-10-01,2026-12-31,용산구,용산동2가,1-1351,법정동,,False
시보20250925_p151-164,국제교류복합지구|주요재건축단지|신속통합기획|공공재개발|정비사업후보지,2025-10-01,2026-12-31,용산구,한강로2가,,법정동,21.87,True
시보20250925_p151-164,국제교류복합지구|주요재건축단지|신속통합기획|공공재개발|정비사업후보지,2025-10-01,2026-12-31,용산구,한강로3가,,법정동,21.87,True
시보20250925_p151-164,국제교류복합지구|주요재건축단지|신속통합기획|공공재개발|정비사업후보지,2025-10-01,2026-12-31,용산구,한남동,,법정동,21.87,True
시보20250925_p151-164,국제교류복합지구|주요재건축단지|신속통합기획|공공재개발|정비사업후보지,2025-10-01,2026-12-31,용산구,효창동,,법정동,21.87,True
시보20250925_p151-164,국제교류복합지구|주요재건축단지|신속통합기획|공공재개발|정비사업후보지,2025-10-01,2026-12-31,용산구,후암동,,법정동,21.87,True
국토교통부공고제2025-1219호(토지거래허가구역 지정 공고문),미분류,2025-10-20,2026-12-31,강남구,,,자치구,,True
국토교통부공고제2025-1219호(토지거래허가구역 지정 공고문),미분류,2025-10-20,2026-12-31,강동구,,,자치구,,True
국토교통부공고제2025-1219호(토지거래허가구역 지정 공고문),미분류,2025-10-20,2026-12-31,강북구,,,자치구,,True
국토교통부공고제2025-1219호(토지거래허가구역 지정 공고문),미분류,2025-10-20,2026-12-31,강서구,,,자치구,,True
국토교통부공고제2025-1219호(토지거래허가구역 지정 공고문),미분류,2025-10-20,2026-12-31,관악구,,,자치구,,True
국토교통부공고제2025-1219호(토지거래허가구역 지정 공고문),미분류,2025-10-20,2026-12-31,광진구,,,자치구,,True
국토교통부공고제2025-1219호(토지거래허가구역 지정 공고문),미분류,2025-10-20,2026-12-31,구로구,,,자치구,,True
국토교통부공고제2025-1219호(토지거래허가구역 지정 공고문),미분류,2025-10-20,2026-12-31,금천구,,,자치구,,True
국토교통부공고제2025-1219호(토지거래허가구역 지정 공고문),미분류,2025-10-20,2026-12-31,노원구,,,자치구,,True
국토교통부공고제2025-1219호(토지거래허가구역 지정 공고문),미분류,2025-10-20,2026-12-31,도봉구,,,자치구,,True
국토교통부공고제2025-1219호(토지거래허가구역 지정 공고문),미분류,2025-10-20,2026-12-31,동대문구,,,자치구,,True
국토교통부공고제2025-1219호(토지거래허가구역 지정 공고문),미분류,2025-10-20,2026-12-31,동작구,,,자치구,,True
국토교통부공고제2025-1219호(토지거래허가구역 지정 공고문),미분류,2025-10-20,2026-12-31,마포구,,,자치구,,True
국토교통부공고제2025-1219호(토지거래허가구역 지정 공고문),미분류,2025-10-20,2026-12-31,서대문구,,,자치구,,True
국토교통부공고제2025-1219호(토지거래허가구역 지정 공고문),미분류,2025-10-20,2026-12-31,서초구,,,자치구,,True
국토교통부공고제2025-1219호(토지거래허가구역 지정 공고문),미분류,2025-10-20,2026-12-31,성동구,,,자치구,,True
국토교통부공고제2025-1219호(토지거래허가구역 지정 공고문),미분류,2025-10-20,2026-12-31,성북구,,,자치구,,True
국토교통부공고제2025-1219호(토지거래허가구역 지정 공고문),미분류,2025-10-20,2026-12-31,송파구,,,자치구,,True
국토교통부공고제2025-1219호(토지거래허가구역 지정 공고문),미분류,2025-10-20,2026-12-31,양천구,,,자치구,,True
국토교통부공고제2025-1219호(토지거래허가구역 지정 공고문),미분류,2025-10-20,2026-12-31,영등포구,,,자치구,,True
국토교통부공고제2025-1219호(토지거래허가구역 지정 공고문),미분류,2025-10-20,2026-12-31,용산구,,,자치구,,True
국토교통부공고제2025-1219호(토지거래허가구역 지정 공고문),미분류,2025-10-20,2026-12-31,은평구,,,자치구,,True
국토교통부공고제2025-1219호(토지거래허가구역 지정 공고문),미분류,2025-10-20,2026-12-31,종로구,,,자치구,,True
국토교통부공고제2025-1219호(토지거래허가구역 지정 공고문),미분류,2025-10-20,2026-12-31,중구,,,자치구,,True
국토교통부공고제2025-1219호(토지거래허가구역 지정 공고문),미분류,2025-10-20,2026-12-31,중랑구,,,자치구,,True
시보20251106_p1135-1144,신속통합기획|정비사업후보지,2025-11-11,2027-01-28,구로구,구로동,739-8,법정동,0.092521,False
시보20251106_p1135-1144,신속통합기획|정비사업후보지,2025-11-11,2027-01-28,금천구,시흥동,1-1,법정동,0.024901,False
시보20251106_p1135-1144,신속통합기획|정비사업후보지,2025-11-11,2027-01-28,마포구,공덕동,11-24,법정동,,False
시보20251106_p1135-1144,신속통합기획|정비사업후보지,2025-11-11,2027-01-28,마포구,합정동,444-12,법정동,0.040753,False
시보20251106_p1135-1144,신속통합기획|정비사업후보지,2025-11-11,2027-01-28,용산구,용산동2가,1-597,법정동,0.053734,False
시보20251106_p1135-1144,신속통합기획|정비사업후보지,2025-11-11,2027-01-28,용산구,이태원동,214-37,법정동,0.066986,False
시보20251106_p1135-1144,신속통합기획|정비사업후보지,2025-11-11,2027-01-28,은평구,녹번동,35-78,법정동,0.02032,False
시보20251106_p1135-1144,신속통합기획|정비사업후보지,2025-11-11,2027-01-28,종로구,행촌동,210-2,법정동,0.07631,False
시보20251217_p614-692,주요재건축단지|신속통합기획|공공재개발|모아타운|정비사업후보지,2025-12-26,2027-01-28,강남구,개포동,649,법정동,,False
시보20251217_p614-692,주요재건축단지|신속통합기획|공공재개발|모아타운|정비사업후보지,2025-12-26,2027-01-28,강남구,개포동,653,법정동,,False
시보20251217_p614-692,주요재건축단지|신속통합기획|공공재개발|모아타운|정비사업후보지,2025-12-26,2027-01-28,강남구,개포동,652,법정동,,False
시보20251217_p614-692,주요재건축단지|신속통합기획|공공재개발|모아타운|정비사업후보지,2025-12-26,2027-01-28,강남구,일원동,720,법정동,,False
시보20251217_p614-692,주요재건축단지|신속통합기획|공공재개발|모아타운|정비사업후보지,2025-12-26,2027-01-28,강동구,명일동,56,법정동,,False
시보20251217_p614-692,주요재건축단지|신속통합기획|공공재개발|모아타운|정비사업후보지,2025-12-26,2027-01-28,강동구,천호동,461-31,법정동,,False
시보20251217_p614-692,주요재건축단지|신속통합기획|공공재개발|모아타운|정비사업후보지,2025-12-26,2027-01-28,강동구,천호동,214-19,법정동,,False
시보20251217_p614-692,주요재건축단지|신속통합기획|공공재개발|모아타운|정비사업후보지,2025-12-26,2027-01-28,강북구,미아동,61-79,법정동,,False
시보20251217_p614-692,주요재건축단지|신속통합기획|공공재개발|모아타운|정비사업후보지,2025-12-26,2027-01-28,강북구,미아동,791-2882,법정동,,False
시보20251217_p614-692,주요재건축단지|신속통합기획|공공재개발|모아타운|정비사업후보지,2025-12-26,2027-01-28,강북구,번동,441-3,법정동,,False
시보20251217_p614-692,주요재건축단지|신속통합기획|공공재개발|모아타운|정비사업후보지,2025-12-26,2027-01-28,강북구,수유동,141,법정동,0.145909,False
시보20251217_p614-692,주요재건축단지|신속통합기획|공공재개발|모아타운|정비사업후보지,2025-12-26,2027-01-28,관악구,봉천동,922-1,법정동,,False
시보20251217_p614-692,주요재건축단지|신속통합기획|공공재개발|모아타운|정비사업후보지,2025-12-26,2027-01-28,관악구,신림동,412,법정동,,False
시보20251217_p614-692,주요재건축단지|신속통합기획|공공재개발|모아타운|정비사업후보지,2025-12-26,2027-01-28,광진구,자양동,57-90,법정동,,False
시보20251217_p614-692,주요재건축단지|신속통합기획|공공재개발|모아타운|정비사업후보지,2025-12-26,2027-01-28,구로구,가리봉동,87-177,법정동,,False
시보20251217_p614-692,주요재건축단지|신속통합기획|공공재개발|모아타운|정비사업후보지,2025-12-26,2027-01-28,구로구,가리봉동,115,법정동,,False
시보20251217_p614-692,주요재건축단지|신속통합기획|공공재개발|모아타운|정비사업후보지,2025-12-26,2027-01-28,구로구,고척동,253,법정동,,False
시보20251217_p614-692,주요재건축단지|신속통합기획|공공재개발|모아타운|정비사업후보지,2025-12-26,2027-01-28,구로구,궁동,213-27,법정동,,False
시보20251217_p614-692,주요재건축단지|신속통합기획|공공재개발|모아타운|정비사업후보지,2025-12-26,2027-01-28,금천구,시흥동,871,법정동,,False
시보20251217_p614-692,주요재건축단지|신속통합기획|공공재개발|모아타운|정비사업후보지,2025-12-26,2027-01-28,도봉구,방학동,685,법정동,,False
시보20251217_p614-692,주요재건축단지|신속통합기획|공공재개발|모아타운|정비사업후보지,2025-12-26,2027-01-28,동대문구,신설동,92-5,법정동,,False
시보20251217_p614-692,주요재건축단지|신속통합기획|공공재개발|모아타운|정비사업후보지,2025-12-26,2027-01-28,동대문구,용두동,14-1,법정동,,False
시보20251217_p614-692,주요재건축단지|신속통합기획|공공재개발|모아타운|정비사업후보지,2025-12-26,2027-01-28,동대문구,용두동,39-361,법정동,,False
시보20251217_p614-692,주요재건축단지|신속통합기획|공공재개발|모아타운|정비사업후보지,2025-12-26,2027-01-28,동대문구,전농동,152-65,법정동,,False
시보20251217_p614-692,주요재건축단지|신속통합기획|공공재개발|모아타운|정비사업후보지,2025-12-26,2027-01-28,동대문구,청량리동,19,법정동,,False
시보20251217_p614-692,주요재건축단지|신속통합기획|공공재개발|모아타운|정비사업후보지,2025-12-26,2027-01-28,동작구,사당동,63-1,법정동,,False
시보20251217_p614-692,주요재건축단지|신속통합기획|공공재개발|모아타운|정비사업후보지,2025-12-26,2027-01-28,동작구,사당동,288,법정동,,False
시보20251217_p614-692,주요재건축단지|신속통합기획|공공재개발|모아타운|정비사업후보지,2025-12-26,2027-01-28,동작구,상도동,244,법정동,,False
시보20251217_p614-692,주요재건축단지|신속통합기획|공공재개발|모아타운|정비사업후보지,2025-12-26,2027-01-28,동작구,상도동,279,법정동,,False
시보20251217_p614-692,주요재건축단지|신속통합기획|공공재개발|모아타운|정비사업후보지,2025-12-26,2027-01-28,동작구,흑석동,99-3,법정동,,False
시보20251217_p614-692,주요재건축단지|신속통합기획|공공재개발|모아타운|정비사업후보지,2025-12-26,2027-01-28,마포구,공덕동,11-24,법정동,,False
시보20251217_p614-692,주요재건축단지|신속통합기획|공공재개발|모아타운|정비사업후보지,2025-12-26,2027-01-28,마포구,망원동,416-67,법정동,,False
시보20251217_p614-692,주요재건축단지|신속통합기획|공공재개발|모아타운|정비사업후보지,2025-12-26,2027-01-28,마포구,망원동,464-1,법정동,,False
시보20251217_p614-692,주요재건축단지|신속통합기획|공공재개발|모아타운|정비사업후보지,2025-12-26,2027-01-28,서대문구,홍제동,9-81,법정동,,False
시보20251217_p614-692,주요재건축단지|신속통합기획|공공재개발|모아타운|정비사업후보지,2025-12-26,2027-01-28,서대문구,홍제동,267-1,법정동,,False
시보20251217_p614-692,주요재건축단지|신속통합기획|공공재개발|모아타운|정비사업후보지,2025-12-26,2027-01-28,성동구,마장동,382,법정동,,False
시보20251217_p614-692,주요재건축단지|신속통합기획|공공재개발|모아타운|정비사업후보지,2025-12-26,2027-01-28,성동구,사근동,293,법정동,,False
시보20251217_p614-692,주요재건축단지|신속통합기획|공공재개발|모아타운|정비사업후보지,2025-12-26,2027-01-28,성북구,석관동,62-1,법정동,,False
시보20251217_p614-692,주요재건축단지|신속통합기획|공공재개발|모아타운|정비사업후보지,2025-12-26,2027-01-28,성북구,성북동,3-38,법정동,,False
시보20251217_p614-692,주요재건축단지|신속통합기획|공공재개발|모아타운|정비사업후보지,2025-12-26,2027-01-28,성북구,정릉동,199-1,법정동,,False
시보20251217_p614-692,주요재건축단지|신속통합기획|공공재개발|모아타운|정비사업후보지,2025-12-26,2027-01-28,성북구,정릉동,226-1,법정동,,False
시보20251217_p614-692,주요재건축단지|신속통합기획|공공재개발|모아타운|정비사업후보지,2025-12-26,2027-01-28,성북구,종암동,3-10,법정동,,False
시보20251217_p614-692,주요재건축단지|신속통합기획|공공재개발|모아타운|정비사업후보지,2025-12-26,2027-01-28,성북구,종암동,125-35,법정동,,False
시보20251217_p614-692,주요재건축단지|신속통합기획|공공재개발|모아타운|정비사업후보지,2025-12-26,2027-01-28,성북구,하월곡동,70-1,법정동,,False
시보20251217_p614-692,주요재건축단지|신속통합기획|공공재개발|모아타운|정비사업후보지,2025-12-26,2027-01-28,송파구,마천동,45,법정동,,False
시보20251217_p614-692,주요재건축단지|신속통합기획|공공재개발|모아타운|정비사업후보지,2025-12-26,2027-01-28,송파구,마천동,183,법정동,,False
시보20251217_p614-692,주요재건축단지|신속통합기획|공공재개발|모아타운|정비사업후보지,2025-12-26,2027-01-28,송파구,송파동,151,법정동,,False
시보20251217_p614-692,주요재건축단지|신속통합기획|공공재개발|모아타운|정비사업후보지,2025-12-26,2027-01-28,송파구,신천동,7,법정동,,False
시보20251217_p614-692,주요재건축단지|신속통합기획|공공재개발|모아타운|정비사업후보지,2025-12-26,2027-01-28,양천구,목동,232,법정동,,False
시보20251217_p614-692,주요재건축단지|신속통합기획|공공재개발|모아타운|정비사업후보지,2025-12-26,2027-01-28,영등포구,당산동6가,104,법정동,,False
시보20251217_p614-692,주요재건축단지|신속통합기획|공공재개발|모아타운|정비사업후보지,2025-12-26,2027-01-28,영등포구,대림동,855-1,법정동,,False
시보20251217_p614-692,주요재건축단지|신속통합기획|공공재개발|모아타운|정비사업후보지,2025-12-26,2027-01-28,영등포구,양평동2가,33-20,법정동,,False
시보20251217_p614-692,주요재건축단지|신속통합기획|공공재개발|모아타운|정비사업후보지,2025-12-26,2027-01-28,영등포구,양평동2가,29-6,법정동,,False
시보20251217_p614-692,주요재건축단지|신속통합기획|공공재개발|모아타운|정비사업후보지,2025-12-26,2027-01-28,용산구,서계동,33,법정동,,False
시보20251217_p614-692,주요재건축단지|신속통합기획|공공재개발|모아타운|정비사업후보지,2025-12-26,2027-01-28,용산구,청파동1가,89-18,법정동,,False
시보20251217_p614-692,주요재건축단지|신속통합기획|공공재개발|모아타운|정비사업후보지,2025-12-26,2027-01-28,용산구,후암동,264-11,법정동,,False
시보20251217_p614-692,주요재건축단지|신속통합기획|공공재개발|모아타운|정비사업후보지,2025-12-26,2027-01-28,은평구,불광동,600,법정동,,False
시보20251217_p614-692,주요재건축단지|신속통합기획|공공재개발|모아타운|정비사업후보지,2025-12-26,2027-01-28,은평구,신사동,237,법정동,,False
시보20251217_p614-692,주요재건축단지|신속통합기획|공공재개발|모아타운|정비사업후보지,2025-12-26,2027-01-28,은평구,신사동,200,법정동,,False
시보20251217_p614-692,주요재건축단지|신속통합기획|공공재개발|모아타운|정비사업후보지,2025-12-26,2027-01-28,종로구,숭인동,56,법정동,,False
시보20251217_p614-692,주요재건축단지|신속통합기획|공공재개발|모아타운|정비사업후보지,2025-12-26,2027-01-28,종로구,신문로1가,158,법정동,,False
시보20251217_p614-692,주요재건축단지|신속통합기획|공공재개발|모아타운|정비사업후보지,2025-12-26,2027-01-28,종로구,창신동,23,법정동,,False
시보20251217_p614-692,주요재건축단지|신속통합기획|공공재개발|모아타운|정비사업후보지,2025-12-26,2027-01-28,종로구,창신동,23-606,법정동,,False
시보20251217_p614-692,주요재건축단지|신속통합기획|공공재개발|모아타운|정비사업후보지,2025-12-26,2027-01-28,종로구,창신동,629,법정동,,False
시보20251217_p614-692,주요재건축단지|신속통합기획|공공재개발|모아타운|정비사업후보지,2025-12-26,2027-01-28,중구,장충동2가,112,법정동,,False
시보20251217_p614-692,주요재건축단지|신속통합기획|공공재개발|모아타운|정비사업후보지,2025-12-26,2027-01-28,중랑구,망우동,461,법정동,,False
시보20251217_p614-692,주요재건축단지|신속통합기획|공공재개발|모아타운|정비사업후보지,2025-12-26,2027-01-28,중랑구,망우동,509,법정동,,False
시보20251217_p614-692,주요재건축단지|신속통합기획|공공재개발|모아타운|정비사업후보지,2025-12-26,2027-01-28,중랑구,면목동,172-1,법정동,,False
시보20251217_p614-692,주요재건축단지|신속통합기획|공공재개발|모아타운|정비사업후보지,2025-12-26,2027-01-28,중랑구,중화동,309-39,법정동,,False
국토교통부공고제2025-1583호(토지거래허가구역 재지정 공고문),용산정비창,2026-01-01,2026-12-31,용산구,용산동3가,,법정동,0.72,True
국토교통부공고제2025-1583호(토지거래허가구역 재지정 공고문),용산정비창,2026-01-01,2026-12-31,용산구,원효로4가,,법정동,0.72,True
시보20251231_p134-146,신속통합기획|공공재개발|정비사업후보지,2026-01-07,2027-01-28,강북구,수유동,310-15,법정동,0.015944,False
시보20251231_p134-146,신속통합기획|공공재개발|정비사업후보지,2026-01-07,2027-01-28,구로구,개봉동,120-1,법정동,,False
시보20251231_p134-146,신속통합기획|공공재개발|정비사업후보지,2026-01-07,2027-01-28,구로구,구로동,252,법정동,0.011428,False
시보20251231_p134-146,신속통합기획|공공재개발|정비사업후보지,2026-01-07,2027-01-28,구로구,오류동,4,법정동,0.053107,False
시보20251231_p134-146,신속통합기획|공공재개발|정비사업후보지,2026-01-07,2027-01-28,금천구,독산동,979,법정동,0.09399,False
시보20251231_p134-146,신속통합기획|공공재개발|정비사업후보지,2026-01-07,2027-01-28,금천구,독산동,1022,법정동,0.083203,False
시보20251231_p134-146,신속통합기획|공공재개발|정비사업후보지,2026-01-07,2027-01-28,마포구,신수동,250,법정동,0.044718,False
시보20251231_p134-146,신속통합기획|공공재개발|정비사업후보지,2026-01-07,2027-01-28,성동구,행당동,300-1,법정동,0.066276,False
시보20251231_p134-146,신속통합기획|공공재개발|정비사업후보지,2026-01-07,2027-01-28,성북구,정릉동,16-179,법정동,0.04281,False
시보20251231_p134-146,신속통합기획|공공재개발|정비사업후보지,2026-01-07,2027-01-28,영등포구,신길동,90-31,법정동,0.058162,False
시보20251231_p134-146,신속통합기획|공공재개발|정비사업후보지,2026-01-07,2027-01-28,은평구,신사동,300,법정동,0.030743,False
시보20260211_p499-512,신속통합기획|공공재개발|모아타운|정비사업후보지,2026-02-17,2031-02-16,강북구,미아동,159,법정동,,False
시보20260211_p499-512,신속통합기획|공공재개발|모아타운|정비사업후보지,2026-02-17,2031-02-16,서대문구,홍은동,8-400,법정동,,False
시보20260211_p499-512,신속통합기획|공공재개발|모아타운|정비사업후보지,2026-02-17,2031-02-16,성동구,금호동4가,1109,법정동,0.030706,False
시보20260211_p499-512,신속통합기획|공공재개발|모아타운|정비사업후보지,2026-02-17,2031-02-16,성북구,삼선동3가,42-7,법정동,,False
시보20260211_p499-512,신속통합기획|공공재개발|모아타운|정비사업후보지,2026-02-17,2031-02-16,성북구,석관동,124-42,법정동,0.060551,False
시보20260211_p499-512,신속통합기획|공공재개발|모아타운|정비사업후보지,2026-02-17,2031-02-16,성북구,장위동,219-15,법정동,,False
시보20260211_p499-512,신속통합기획|공공재개발|모아타운|정비사업후보지,2026-02-17,2031-02-16,성북구,하월곡동,40-107,법정동,,False
시보20260211_p499-512,신속통합기획|공공재개발|모아타운|정비사업후보지,2026-02-17,2031-02-16,은평구,응암동,227,법정동,,False
시보20260211_p499-512,신속통합기획|공공재개발|모아타운|정비사업후보지,2026-02-17,2031-02-16,종로구,연건동,305,법정동,0.014152,False
시보20260211_p499-512,신속통합기획|공공재개발|모아타운|정비사업후보지,2026-02-17,2031-02-16,중랑구,면목동,127-26,법정동,,False
시보20260211_p499-512,신속통합기획|공공재개발|모아타운|정비사업후보지,2026-02-17,2031-02-16,중랑구,면목동,377-4,법정동,,False
시보20260316_p419-470,신속통합기획|공공재개발|정비사업후보지,2026-03-17,2027-04-03,강동구,천호동,467-61,법정동,0.026549,False
시보20260316_p419-470,신속통합기획|공공재개발|정비사업후보지,2026-03-17,2027-04-03,강북구,미아동,258,법정동,,False
시보20260316_p419-470,신속통합기획|공공재개발|정비사업후보지,2026-03-17,2027-04-03,강북구,미아동,75,법정동,,False
시보20260316_p419-470,신속통합기획|공공재개발|정비사업후보지,2026-03-17,2027-04-03,강북구,미아동,130,법정동,,False
시보20260316_p419-470,신속통합기획|공공재개발|정비사업후보지,2026-03-17,2027-04-03,강북구,번동,148,법정동,0.097536,False
시보20260316_p419-470,신속통합기획|공공재개발|정비사업후보지,2026-03-17,2027-04-03,관악구,신림동,675,법정동,0.077046,False
시보20260316_p419-470,신속통합기획|공공재개발|정비사업후보지,2026-03-17,2027-04-03,관악구,신림동,650,법정동,0.103912,False
시보20260316_p419-470,신속통합기획|공공재개발|정비사업후보지,2026-03-17,2027-04-03,관악구,신림동,306,법정동,0.040437,False
시보20260316_p419-470,신속통합기획|공공재개발|정비사업후보지,2026-03-17,2027-04-03,광진구,구의동,46,법정동,0.105957,False
시보20260316_p419-470,신속통합기획|공공재개발|정비사업후보지,2026-03-17,2027-04-03,광진구,자양동,227-147,법정동,,False
시보20260316_p419-470,신속통합기획|공공재개발|정비사업후보지,2026-03-17,2027-04-03,광진구,중곡동,254-15,법정동,,False
시보20260316_p419-470,신속통합기획|공공재개발|정비사업후보지,2026-03-17,2027-04-03,구로구,개봉동,66-15,법정동,0.109371,False
시보20260316_p419-470,신속통합기획|공공재개발|정비사업후보지,2026-03-17,2027-04-03,구로구,개봉동,49,법정동,0.054947,False
시보20260316_p419-470,신속통합기획|공공재개발|정비사업후보지,2026-03-17,2027-04-03,구로구,개봉동,120-1,법정동,0.079903,False
시보20260316_p419-470,신속통합기획|공공재개발|정비사업후보지,2026-03-17,2027-04-03,구로구,구로동,792-33,법정동,0.058472,False
시보20260316_p419-470,신속통합기획|공공재개발|정비사업후보지,2026-03-17,2027-04-03,구로구,구로동,719,법정동,,False
시보20260316_p419-470,신속통합기획|공공재개발|정비사업후보지,2026-03-17,2027-04-03,구로구,오류동,4,법정동,,False
시보20260316_p419-470,신속통합기획|공공재개발|정비사업후보지,2026-03-17,2027-04-03,금천구,독산동,1036,법정동,0.079036,False
시보20260316_p419-470,신속통합기획|공공재개발|정비사업후보지,2026-03-17,2027-04-03,금천구,독산동,1072,법정동,0.086184,False
시보20260316_p419-470,신속통합기획|공공재개발|정비사업후보지,2026-03-17,2027-04-03,금천구,시흥동,810,법정동,,False
시보20260316_p419-470,신속통합기획|공공재개발|정비사업후보지,2026-03-17,2027-04-03,노원구,상계동,71-183,법정동,,False
시보20260316_p419-470,신속통합기획|공공재개발|정비사업후보지,2026-03-17,2027-04-03,노원구,상계동,154-3,법정동,,False
시보20260316_p419-470,신속통합기획|공공재개발|정비사업후보지,2026-03-17,2027-04-03,도봉구,쌍문동,724,법정동,,False
시보20260316_p419-470,신속통합기획|공공재개발|정비사업후보지,2026-03-17,2027-04-03,동대문구,전농동,103-27,법정동,0.044878,False
시보20260316_p419-470,신속통합기획|공공재개발|정비사업후보지,2026-03-17,2027-04-03,동작구,본동,47,법정동,0.051696,False
시보20260316_p419-470,신속통합기획|공공재개발|정비사업후보지,2026-03-17,2027-04-03,동작구,사당동,305-35,법정동,,False
시보20260316_p419-470,신속통합기획|공공재개발|정비사업후보지,2026-03-17,2027-04-03,마포구,합정동,444-12,법정동,0.040753,False
시보20260316_p419-470,신속통합기획|공공재개발|정비사업후보지,2026-03-17,2027-04-03,서대문구,북가좌동,74-107,법정동,,False
시보20260316_p419-470,신속통합기획|공공재개발|정비사업후보지,2026-03-17,2027-04-03,서대문구,연희동,721-6,법정동,0.049745,False
시보20260316_p419-470,신속통합기획|공공재개발|정비사업후보지,2026-03-17,2027-04-03,서대문구,옥천동,123-2,법정동,0.009863,False
시보20260316_p419-470,신속통합기획|공공재개발|정비사업후보지,2026-03-17,2027-04-03,서대문구,충정로3가,281-11,법정동,0.008075,False
시보20260316_p419-470,신속통합기획|공공재개발|정비사업후보지,2026-03-17,2027-04-03,서대문구,홍은동,48-163,법정동,0.011466,False
시보20260316_p419-470,신속통합기획|공공재개발|정비사업후보지,2026-03-17,2027-04-03,서대문구,홍은동,8-400,법정동,,False
시보20260316_p419-470,신속통합기획|공공재개발|정비사업후보지,2026-03-17,2027-04-03,서대문구,홍제동,287-118,법정동,0.015345,False
시보20260316_p419-470,신속통합기획|공공재개발|정비사업후보지,2026-03-17,2027-04-03,성북구,성북동,179-68,법정동,0.109336,False
시보20260316_p419-470,신속통합기획|공공재개발|정비사업후보지,2026-03-17,2027-04-03,성북구,장위동,85,법정동,0.116402,False
시보20260316_p419-470,신속통합기획|공공재개발|정비사업후보지,2026-03-17,2027-04-03,성북구,장위동,238-83,법정동,0.085878,False
시보20260316_p419-470,신속통합기획|공공재개발|정비사업후보지,2026-03-17,2027-04-03,송파구,거여동,549,법정동,0.073423,False
시보20260316_p419-470,신속통합기획|공공재개발|정비사업후보지,2026-03-17,2027-04-03,양천구,신월동,941,법정동,0.098295,False
시보20260316_p419-470,신속통합기획|공공재개발|정비사업후보지,2026-03-17,2027-04-03,영등포구,신길동,147-80,법정동,0.059379,False
시보20260316_p419-470,신속통합기획|공공재개발|정비사업후보지,2026-03-17,2027-04-03,용산구,이태원동,730,법정동,,False
시보20260316_p419-470,신속통합기획|공공재개발|정비사업후보지,2026-03-17,2027-04-03,은평구,불광동,442,법정동,0.109364,False
시보20260316_p419-470,신속통합기획|공공재개발|정비사업후보지,2026-03-17,2027-04-03,은평구,불광동,445,법정동,0.089536,False
시보20260316_p419-470,신속통합기획|공공재개발|정비사업후보지,2026-03-17,2027-04-03,은평구,불광동,359-1,법정동,0.104783,False
시보20260316_p419-470,신속통합기획|공공재개발|정비사업후보지,2026-03-17,2027-04-03,종로구,숭인동,1169,법정동,0.014157,False
시보20260316_p419-470,신속통합기획|공공재개발|정비사업후보지,2026-03-17,2027-04-03,중랑구,면목동,174-1,법정동,,False
시보20260316_p419-470,신속통합기획|공공재개발|정비사업후보지,2026-03-17,2027-04-03,중랑구,중화동,122,법정동,0.070448,False
시보20260513_p313-367,국제교류복합지구|신속통합기획|공공재개발|모아타운|정비사업후보지|자연녹지,2026-05-19,2031-05-18,강남구,삼성동,84,법정동,0.034802,False
시보20260513_p313-367,국제교류복합지구|신속통합기획|공공재개발|모아타운|정비사업후보지|자연녹지,2026-05-19,2031-05-18,강동구,천호동,392-9,법정동,,False
시보20260513_p313-367,국제교류복합지구|신속통합기획|공공재개발|모아타운|정비사업후보지|자연녹지,2026-05-19,2031-05-18,강북구,수유동,442-10,법정동,,False
시보20260513_p313-367,국제교류복합지구|신속통합기획|공공재개발|모아타운|정비사업후보지|자연녹지,2026-05-19,2031-05-18,강북구,수유동,486,법정동,,False
시보20260513_p313-367,국제교류복합지구|신속통합기획|공공재개발|모아타운|정비사업후보지|자연녹지,2026-05-19,2031-05-18,광진구,구의동,224-54,법정동,,False
시보20260513_p313-367,국제교류복합지구|신속통합기획|공공재개발|모아타운|정비사업후보지|자연녹지,2026-05-19,2031-05-18,광진구,자양동,593,법정동,,False
시보20260513_p313-367,국제교류복합지구|신속통합기획|공공재개발|모아타운|정비사업후보지|자연녹지,2026-05-19,2031-05-18,광진구,자양동,663,법정동,,False
시보20260513_p313-367,국제교류복합지구|신속통합기획|공공재개발|모아타운|정비사업후보지|자연녹지,2026-05-19,2031-05-18,광진구,중곡동,232-1,법정동,,False
시보20260513_p313-367,국제교류복합지구|신속통합기획|공공재개발|모아타운|정비사업후보지|자연녹지,2026-05-19,2031-05-18,구로구,개봉동,304,법정동,0.03486,False
시보20260513_p313-367,국제교류복합지구|신속통합기획|공공재개발|모아타운|정비사업후보지|자연녹지,2026-05-19,2031-05-18,구로구,개봉동,305,법정동,0.080712,False
시보20260513_p313-367,국제교류복합지구|신속통합기획|공공재개발|모아타운|정비사업후보지|자연녹지,2026-05-19,2031-05-18,구로구,구로동,400-1,법정동,,False
시보20260513_p313-367,국제교류복합지구|신속통합기획|공공재개발|모아타운|정비사업후보지|자연녹지,2026-05-19,2031-05-18,구로구,온수동,62,법정동,,False
시보20260513_p313-367,국제교류복합지구|신속통합기획|공공재개발|모아타운|정비사업후보지|자연녹지,2026-05-19,2031-05-18,도봉구,창동,608,법정동,,False
시보20260513_p313-367,국제교류복합지구|신속통합기획|공공재개발|모아타운|정비사업후보지|자연녹지,2026-05-19,2031-05-18,동작구,노량진동,205-269,법정동,,False
시보20260513_p313-367,국제교류복합지구|신속통합기획|공공재개발|모아타운|정비사업후보지|자연녹지,2026-05-19,2031-05-18,동작구,사당동,449,법정동,0.060826,False
시보20260513_p313-367,국제교류복합지구|신속통합기획|공공재개발|모아타운|정비사업후보지|자연녹지,2026-05-19,2031-05-18,동작구,사당동,77-24,법정동,,False
시보20260513_p313-367,국제교류복합지구|신속통합기획|공공재개발|모아타운|정비사업후보지|자연녹지,2026-05-19,2031-05-18,동작구,사당동,1026-10,법정동,,False
시보20260513_p313-367,국제교류복합지구|신속통합기획|공공재개발|모아타운|정비사업후보지|자연녹지,2026-05-19,2031-05-18,동작구,사당동,419-1,법정동,,False
시보20260513_p313-367,국제교류복합지구|신속통합기획|공공재개발|모아타운|정비사업후보지|자연녹지,2026-05-19,2031-05-18,서대문구,북가좌동,3-191,법정동,,False
시보20260513_p313-367,국제교류복합지구|신속통합기획|공공재개발|모아타운|정비사업후보지|자연녹지,2026-05-19,2031-05-18,서대문구,연희동,170-14,법정동,,False
시보20260513_p313-367,국제교류복합지구|신속통합기획|공공재개발|모아타운|정비사업후보지|자연녹지,2026-05-19,2031-05-18,성동구,용답동,15,법정동,,False
시보20260513_p313-367,국제교류복합지구|신속통합기획|공공재개발|모아타운|정비사업후보지|자연녹지,2026-05-19,2031-05-18,성북구,석관동,62-1,법정동,,False
시보20260513_p313-367,국제교류복합지구|신속통합기획|공공재개발|모아타운|정비사업후보지|자연녹지,2026-05-19,2031-05-18,성북구,장위동,65-107,법정동,,False
시보20260513_p313-367,국제교류복합지구|신속통합기획|공공재개발|모아타운|정비사업후보지|자연녹지,2026-05-19,2031-05-18,성북구,종암동,3-10,법정동,0.025351,False
시보20260513_p313-367,국제교류복합지구|신속통합기획|공공재개발|모아타운|정비사업후보지|자연녹지,2026-05-19,2031-05-18,성북구,종암동,125-35,법정동,0.031295,False
시보20260513_p313-367,국제교류복합지구|신속통합기획|공공재개발|모아타운|정비사업후보지|자연녹지,2026-05-19,2031-05-18,성북구,하월곡동,70-1,법정동,,False
시보20260513_p313-367,국제교류복합지구|신속통합기획|공공재개발|모아타운|정비사업후보지|자연녹지,2026-05-19,2031-05-18,송파구,잠실동,329,법정동,0.036766,False
시보20260513_p313-367,국제교류복합지구|신속통합기획|공공재개발|모아타운|정비사업후보지|자연녹지,2026-05-19,2031-05-18,양천구,신월동,480-1,법정동,0.041708,False
시보20260513_p313-367,국제교류복합지구|신속통합기획|공공재개발|모아타운|정비사업후보지|자연녹지,2026-05-19,2031-05-18,양천구,신월동,229,법정동,,False
시보20260513_p313-367,국제교류복합지구|신속통합기획|공공재개발|모아타운|정비사업후보지|자연녹지,2026-05-19,2031-05-18,용산구,용산동2가,44-3,법정동,,False
시보20260513_p313-367,국제교류복합지구|신속통합기획|공공재개발|모아타운|정비사업후보지|자연녹지,2026-05-19,2031-05-18,용산구,원효로4가,110-1,법정동,,False
시보20260513_p313-367,국제교류복합지구|신속통합기획|공공재개발|모아타운|정비사업후보지|자연녹지,2026-05-19,2031-05-18,은평구,불광동,16-111,법정동,,False
시보20260513_p313-367,국제교류복합지구|신속통합기획|공공재개발|모아타운|정비사업후보지|자연녹지,2026-05-19,2031-05-18,은평구,불광동,359-1,법정동,0.104783,False
시보20260624_p721-728,신속통합기획|모아타운|정비사업후보지,2026-06-30,2031-06-29,관악구,신림동,661-2,법정동,,False
시보20260624_p721-728,신속통합기획|모아타운|정비사업후보지,2026-06-30,2031-06-29,광진구,구의동,46,법정동,,False
시보20260624_p721-728,신속통합기획|모아타운|정비사업후보지,2026-06-30,2031-06-29,동작구,노량진동,84-24,법정동,0.010726,False
시보20260624_p721-728,신속통합기획|모아타운|정비사업후보지,2026-06-30,2031-06-29,서초구,양재동,77,법정동,,False
시보20260624_p721-728,신속통합기획|모아타운|정비사업후보지,2026-06-30,2031-06-29,송파구,방이동,162,법정동,,False
시보20260624_p721-728,신속통합기획|모아타운|정비사업후보지,2026-06-30,2031-06-29,용산구,신창동,76-1,법정동,,False
시보20260805_p377-447,신속통합기획|공공재개발|모아타운|정비사업후보지,2026-08-11,2031-08-10,강동구,암사동,495,법정동,,False
시보20260805_p377-447,신속통합기획|공공재개발|모아타운|정비사업후보지,2026-08-11,2031-08-10,강북구,미아동,345-1,법정동,,False
시보20260805_p377-447,신속통합기획|공공재개발|모아타운|정비사업후보지,2026-08-11,2031-08-10,강북구,미아동,159,법정동,,False
시보20260805_p377-447,신속통합기획|공공재개발|모아타운|정비사업후보지,2026-08-11,2031-08-10,강북구,수유동,31-10,법정동,,False
시보20260805_p377-447,신속통합기획|공공재개발|모아타운|정비사업후보지,2026-08-11,2031-08-10,관악구,신림동,610-200,법정동,0.196841,False
시보20260805_p377-447,신속통합기획|공공재개발|모아타운|정비사업후보지,2026-08-11,2031-08-10,관악구,신림동,419,법정동,,False
시보20260805_p377-447,신속통합기획|공공재개발|모아타운|정비사업후보지,2026-08-11,2031-08-10,관악구,신림동,119-1,법정동,0.016899,False
시보20260805_p377-447,신속통합기획|공공재개발|모아타운|정비사업후보지,2026-08-11,2031-08-10,광진구,구의동,32,법정동,,False
시보20260805_p377-447,신속통합기획|공공재개발|모아타운|정비사업후보지,2026-08-11,2031-08-10,광진구,자양동,681,법정동,,False
시보20260805_p377-447,신속통합기획|공공재개발|모아타운|정비사업후보지,2026-08-11,2031-08-10,구로구,가리봉동,2-92,법정동,0.025776,False
시보20260805_p377-447,신속통합기획|공공재개발|모아타운|정비사업후보지,2026-08-11,2031-08-10,구로구,개봉동,153-19,법정동,,False
시보20260805_p377-447,신속통합기획|공공재개발|모아타운|정비사업후보지,2026-08-11,2031-08-10,구로구,구로동,466,법정동,0.063871,False
시보20260805_p377-447,신속통합기획|공공재개발|모아타운|정비사업후보지,2026-08-11,2031-08-10,금천구,독산동,380,법정동,,False
시보20260805_p377-447,신속통합기획|공공재개발|모아타운|정비사업후보지,2026-08-11,2031-08-10,금천구,독산동,979,법정동,0.09399,False
시보20260805_p377-447,신속통합기획|공공재개발|모아타운|정비사업후보지,2026-08-11,2031-08-10,금천구,시흥동,4,법정동,0.099536,False
시보20260805_p377-447,신속통합기획|공공재개발|모아타운|정비사업후보지,2026-08-11,2031-08-10,도봉구,방학동,641,법정동,,False
시보20260805_p377-447,신속통합기획|공공재개발|모아타운|정비사업후보지,2026-08-11,2031-08-10,도봉구,방학동,638,법정동,,False
시보20260805_p377-447,신속통합기획|공공재개발|모아타운|정비사업후보지,2026-08-11,2031-08-10,도봉구,쌍문동,81,법정동,,False
시보20260805_p377-447,신속통합기획|공공재개발|모아타운|정비사업후보지,2026-08-11,2031-08-10,도봉구,쌍문동,26,법정동,,False
시보20260805_p377-447,신속통합기획|공공재개발|모아타운|정비사업후보지,2026-08-11,2031-08-10,도봉구,창동,470,법정동,0.135145,False
시보20260805_p377-447,신속통합기획|공공재개발|모아타운|정비사업후보지,2026-08-11,2031-08-10,동대문구,장안동,134-15,법정동,,False
시보20260805_p377-447,신속통합기획|공공재개발|모아타운|정비사업후보지,2026-08-11,2031-08-10,동작구,노량진동,84-24,법정동,,False
시보20260805_p377-447,신속통합기획|공공재개발|모아타운|정비사업후보지,2026-08-11,2031-08-10,동작구,사당동,419-1,법정동,,False
시보20260805_p377-447,신속통합기획|공공재개발|모아타운|정비사업후보지,2026-08-11,2031-08-10,동작구,상도동,201,법정동,0.080937,False
시보20260805_p377-447,신속통합기획|공공재개발|모아타운|정비사업후보지,2026-08-11,2031-08-10,동작구,상도동,214,법정동,,False
시보20260805_p377-447,신속통합기획|공공재개발|모아타운|정비사업후보지,2026-08-11,2031-08-10,동작구,신대방동,344-132,법정동,,False
시보20260805_p377-447,신속통합기획|공공재개발|모아타운|정비사업후보지,2026-08-11,2031-08-10,동작구,흑석동,204-104,법정동,0.045882,False
시보20260805_p377-447,신속통합기획|공공재개발|모아타운|정비사업후보지,2026-08-11,2031-08-10,마포구,공덕동,115-97,법정동,,False
시보20260805_p377-447,신속통합기획|공공재개발|모아타운|정비사업후보지,2026-08-11,2031-08-10,마포구,아현동,699,법정동,0.105609,False
시보20260805_p377-447,신속통합기획|공공재개발|모아타운|정비사업후보지,2026-08-11,2031-08-10,마포구,아현동,331-29,법정동,,False
시보20260805_p377-447,신속통합기획|공공재개발|모아타운|정비사업후보지,2026-08-11,2031-08-10,서대문구,북가좌동,74-107,법정동,,False
시보20260805_p377-447,신속통합기획|공공재개발|모아타운|정비사업후보지,2026-08-11,2031-08-10,서대문구,옥천동,123-2,법정동,0.009863,False
시보20260805_p377-447,신속통합기획|공공재개발|모아타운|정비사업후보지,2026-08-11,2031-08-10,서대문구,천연동,89-16,법정동,0.026864,False
시보20260805_p377-447,신속통합기획|공공재개발|모아타운|정비사업후보지,2026-08-11,2031-08-10,서초구,서초동,1315,법정동,,False
시보20260805_p377-447,신속통합기획|공공재개발|모아타운|정비사업후보지,2026-08-11,2031-08-10,서초구,잠원동,73,법정동,,False
시보20260805_p377-447,신속통합기획|공공재개발|모아타운|정비사업후보지,2026-08-11,2031-08-10,성북구,삼선동1가,277,법정동,,False
시보20260805_p377-447,신속통합기획|공공재개발|모아타운|정비사업후보지,2026-08-11,2031-08-10,성북구,삼선동3가,42-7,법정동,,False
시보20260805_p377-447,신속통합기획|공공재개발|모아타운|정비사업후보지,2026-08-11,2031-08-10,성북구,석관동,207-1,법정동,,False
시보20260805_p377-447,신속통합기획|공공재개발|모아타운|정비사업후보지,2026-08-11,2031-08-10,성북구,장위동,224-12,법정동,,False
시보20260805_p377-447,신속통합기획|공공재개발|모아타운|정비사업후보지,2026-08-11,2031-08-10,성북구,장위동,219-90,법정동,,False
시보20260805_p377-447,신속통합기획|공공재개발|모아타운|정비사업후보지,2026-08-11,2031-08-10,성북구,장위동,219-15,법정동,,False
시보20260805_p377-447,신속통합기획|공공재개발|모아타운|정비사업후보지,2026-08-11,2031-08-10,성북구,정릉동,710-81,법정동,,False
시보20260805_p377-447,신속통합기획|공공재개발|모아타운|정비사업후보지,2026-08-11,2031-08-10,성북구,정릉동,898-16,법정동,,False
시보20260805_p377-447,신속통합기획|공공재개발|모아타운|정비사업후보지,2026-08-11,2031-08-10,성북구,하월곡동,40-107,법정동,0.017452,False
시보20260805_p377-447,신속통합기획|공공재개발|모아타운|정비사업후보지,2026-08-11,2031-08-10,양천구,신월동,77,법정동,0.054,False
시보20260805_p377-447,신속통합기획|공공재개발|모아타운|정비사업후보지,2026-08-11,2031-08-10,양천구,신월동,72,법정동,,False
시보20260805_p377-447,신속통합기획|공공재개발|모아타운|정비사업후보지,2026-08-11,2031-08-10,양천구,신월동,229,법정동,,False
시보20260805_p377-447,신속통합기획|공공재개발|모아타운|정비사업후보지,2026-08-11,2031-08-10,양천구,신정동,922,법정동,,False
시보20260805_p377-447,신속통합기획|공공재개발|모아타운|정비사업후보지,2026-08-11,2031-08-10,영등포구,도림동,26-21,법정동,0.102366,False
시보20260805_p377-447,신속통합기획|공공재개발|모아타운|정비사업후보지,2026-08-11,2031-08-10,영등포구,도림동,133-1,법정동,,False
시보20260805_p377-447,신속통합기획|공공재개발|모아타운|정비사업후보지,2026-08-11,2031-08-10,영등포구,신길동,113-5,법정동,0.031677,False
시보20260805_p377-447,신속통합기획|공공재개발|모아타운|정비사업후보지,2026-08-11,2031-08-10,영등포구,신길동,3922,법정동,,False
시보20260805_p377-447,신속통합기획|공공재개발|모아타운|정비사업후보지,2026-08-11,2031-08-10,영등포구,신길동,314-14,법정동,,False
시보20260805_p377-447,신속통합기획|공공재개발|모아타운|정비사업후보지,2026-08-11,2031-08-10,용산구,서빙고동,241-21,법정동,,False
시보20260805_p377-447,신속통합기획|공공재개발|모아타운|정비사업후보지,2026-08-11,2031-08-10,용산구,신창동,29-1,법정동,,False
시보20260805_p377-447,신속통합기획|공공재개발|모아타운|정비사업후보지,2026-08-11,2031-08-10,용산구,후암동,30-2,법정동,,False
시보20260805_p377-447,신속통합기획|공공재개발|모아타운|정비사업후보지,2026-08-11,2031-08-10,은평구,갈현동,510-1,법정동,,False
시보20260805_p377-447,신속통합기획|공공재개발|모아타운|정비사업후보지,2026-08-11,2031-08-10,은평구,갈현동,12-248,법정동,,False
시보20260805_p377-447,신속통합기획|공공재개발|모아타운|정비사업후보지,2026-08-11,2031-08-10,은평구,녹번동,35-78,법정동,0.02032,False
시보20260805_p377-447,신속통합기획|공공재개발|모아타운|정비사업후보지,2026-08-11,2031-08-10,은평구,응암동,675,법정동,,False
시보20260805_p377-447,신속통합기획|공공재개발|모아타운|정비사업후보지,2026-08-11,2031-08-10,중랑구,망우동,509,법정동,,False
시보20260805_p377-447,신속통합기획|공공재개발|모아타운|정비사업후보지,2026-08-11,2031-08-10,중랑구,면목동,527,법정동,0.04778,False
국토교통부공고제2026-1079호(토지거래허가구역 지정 공고),신규주택공급후보지,2026-08-18,2026-12-31,강남구,개포동,,법정동,3.11,True
국토교통부공고제2026-1079호(토지거래허가구역 지정 공고),신규주택공급후보지,2026-08-18,2026-12-31,강남구,세곡동,,법정동,3.11,True
국토교통부공고제2026-1079호(토지거래허가구역 지정 공고),신규주택공급후보지,2026-08-18,2026-12-31,강남구,수서동,,법정동,3.11,True
국토교통부공고제2026-1079호(토지거래허가구역 지정 공고),신규주택공급후보지,2026-08-18,2026-12-31,강남구,율현동,,법정동,3.11,True
국토교통부공고제2026-1079호(토지거래허가구역 지정 공고),신규주택공급후보지,2026-08-18,2026-12-31,강남구,일원동,,법정동,3.11,True
국토교통부공고제2026-1079호(토지거래허가구역 지정 공고),신규주택공급후보지,2026-08-18,2026-12-31,강남구,자곡동,,법정동,3.11,True
국토교통부공고제2026-1079호(토지거래허가구역 지정 공고),신규주택공급후보지,2026-08-18,2026-12-31,강동구,암사동,,법정동,7.49,False
국토교통부공고제2026-1079호(토지거래허가구역 지정 공고),신규주택공급후보지,2026-08-18,2026-12-31,강북구,수유동,,법정동,11.91,True
국토교통부공고제2026-1079호(토지거래허가구역 지정 공고),신규주택공급후보지,2026-08-18,2026-12-31,강북구,우이동,,법정동,11.91,True
국토교통부공고제2026-1079호(토지거래허가구역 지정 공고),신규주택공급후보지,2026-08-18,2026-12-31,강서구,오곡동,,법정동,15.59,True
국토교통부공고제2026-1079호(토지거래허가구역 지정 공고),신규주택공급후보지,2026-08-18,2026-12-31,강서구,오쇠동,,법정동,15.59,True
국토교통부공고제2026-1079호(토지거래허가구역 지정 공고),신규주택공급후보지,2026-08-18,2026-12-31,강서구,외발산동,,법정동,15.59,True
국토교통부공고제2026-1079호(토지거래허가구역 지정 공고),신규주택공급후보지,2026-08-18,2026-12-31,관악구,남현동,,법정동,7.7,True
국토교통부공고제2026-1079호(토지거래허가구역 지정 공고),신규주택공급후보지,2026-08-18,2026-12-31,관악구,봉천동,,법정동,7.7,True
국토교통부공고제2026-1079호(토지거래허가구역 지정 공고),신규주택공급후보지,2026-08-18,2026-12-31,관악구,신림동,,법정동,7.7,True
국토교통부공고제2026-1079호(토지거래허가구역 지정 공고),신규주택공급후보지,2026-08-18,2026-12-31,광진구,광장동,,법정동,1.89,True
국토교통부공고제2026-1079호(토지거래허가구역 지정 공고),신규주택공급후보지,2026-08-18,2026-12-31,광진구,구의동,,법정동,1.89,True
국토교통부공고제2026-1079호(토지거래허가구역 지정 공고),신규주택공급후보지,2026-08-18,2026-12-31,광진구,중곡동,,법정동,1.89,True
국토교통부공고제2026-1079호(토지거래허가구역 지정 공고),신규주택공급후보지,2026-08-18,2026-12-31,구로구,개봉동,,법정동,3.54,True
국토교통부공고제2026-1079호(토지거래허가구역 지정 공고),신규주택공급후보지,2026-08-18,2026-12-31,구로구,궁동,,법정동,3.54,True
국토교통부공고제2026-1079호(토지거래허가구역 지정 공고),신규주택공급후보지,2026-08-18,2026-12-31,구로구,오류동,,법정동,3.54,True
국토교통부공고제2026-1079호(토지거래허가구역 지정 공고),신규주택공급후보지,2026-08-18,2026-12-31,구로구,온수동,,법정동,3.54,True
국토교통부공고제2026-1079호(토지거래허가구역 지정 공고),신규주택공급후보지,2026-08-18,2026-12-31,구로구,천왕동,,법정동,3.54,True
국토교통부공고제2026-1079호(토지거래허가구역 지정 공고),신규주택공급후보지,2026-08-18,2026-12-31,구로구,항동,,법정동,3.54,True
국토교통부공고제2026-1079호(토지거래허가구역 지정 공고),신규주택공급후보지,2026-08-18,2026-12-31,금천구,시흥동,,법정동,1.64,False
국토교통부공고제2026-1079호(토지거래허가구역 지정 공고),신규주택공급후보지,2026-08-18,2026-12-31,노원구,공릉동,,법정동,15.92,True
국토교통부공고제2026-1079호(토지거래허가구역 지정 공고),신규주택공급후보지,2026-08-18,2026-12-31,노원구,상계동,,법정동,15.92,True
국토교통부공고제2026-1079호(토지거래허가구역 지정 공고),신규주택공급후보지,2026-08-18,2026-12-31,노원구,중계동,,법정동,15.92,True
국토교통부공고제2026-1079호(토지거래허가구역 지정 공고),신규주택공급후보지,2026-08-18,2026-12-31,노원구,하계동,,법정동,15.92,True
국토교통부공고제2026-1079호(토지거래허가구역 지정 공고),신규주택공급후보지,2026-08-18,2026-12-31,도봉구,도봉동,,법정동,9.41,True
국토교통부공고제2026-1079호(토지거래허가구역 지정 공고),신규주택공급후보지,2026-08-18,2026-12-31,도봉구,방학동,,법정동,9.41,True
국토교통부공고제2026-1079호(토지거래허가구역 지정 공고),신규주택공급후보지,2026-08-18,2026-12-31,도봉구,쌍문동,,법정동,9.41,True
국토교통부공고제2026-1079호(토지거래허가구역 지정 공고),신규주택공급후보지,2026-08-18,2026-12-31,마포구,상암동,,법정동,0.09,False
국토교통부공고제2026-1079호(토지거래허가구역 지정 공고),신규주택공급후보지,2026-08-18,2026-12-31,서대문구,홍은동,,법정동,1.67,True
국토교통부공고제2026-1079호(토지거래허가구역 지정 공고),신규주택공급후보지,2026-08-18,2026-12-31,서대문구,홍제동,,법정동,1.67,True
국토교통부공고제2026-1079호(토지거래허가구역 지정 공고),신규주택공급후보지,2026-08-18,2026-12-31,서초구,내곡동,,법정동,2.31,True
국토교통부공고제2026-1079호(토지거래허가구역 지정 공고),신규주택공급후보지,2026-08-18,2026-12-31,서초구,방배동,,법정동,2.31,True
국토교통부공고제2026-1079호(토지거래허가구역 지정 공고),신규주택공급후보지,2026-08-18,2026-12-31,서초구,신원동,,법정동,2.31,True
국토교통부공고제2026-1079호(토지거래허가구역 지정 공고),신규주택공급후보지,2026-08-18,2026-12-31,서초구,염곡동,,법정동,2.31,True
국토교통부공고제2026-1079호(토지거래허가구역 지정 공고),신규주택공급후보지,2026-08-18,2026-12-31,서초구,우면동,,법정동,2.31,True
국토교통부공고제2026-1079호(토지거래허가구역 지정 공고),신규주택공급후보지,2026-08-18,2026-12-31,서초구,원지동,,법정동,2.31,True
국토교통부공고제2026-1079호(토지거래허가구역 지정 공고),신규주택공급후보지,2026-08-18,2026-12-31,성북구,성북동,,법정동,5.45,True
국토교통부공고제2026-1079호(토지거래허가구역 지정 공고),신규주택공급후보지,2026-08-18,2026-12-31,성북구,정릉동,,법정동,5.45,True
국토교통부공고제2026-1079호(토지거래허가구역 지정 공고),신규주택공급후보지,2026-08-18,2026-12-31,송파구,마천동,,법정동,0.93,True
국토교통부공고제2026-1079호(토지거래허가구역 지정 공고),신규주택공급후보지,2026-08-18,2026-12-31,송파구,방이동,,법정동,0.93,True
국토교통부공고제2026-1079호(토지거래허가구역 지정 공고),신규주택공급후보지,2026-08-18,2026-12-31,송파구,오금동,,법정동,0.93,True
국토교통부공고제2026-1079호(토지거래허가구역 지정 공고),신규주택공급후보지,2026-08-18,2026-12-31,양천구,신월동,,법정동,0.97,True
국토교통부공고제2026-1079호(토지거래허가구역 지정 공고),신규주택공급후보지,2026-08-18,2026-12-31,양천구,신정동,,법정동,0.97,True
국토교통부공고제2026-1079호(토지거래허가구역 지정 공고),신규주택공급후보지,2026-08-18,2026-12-31,은평구,역촌동,,법정동,12.66,True
국토교통부공고제2026-1079호(토지거래허가구역 지정 공고),신규주택공급후보지,2026-08-18,2026-12-31,은평구,진관동,,법정동,12.66,True
국토교통부공고제2026-1079호(토지거래허가구역 지정 공고),신규주택공급후보지,2026-08-18,2026-12-31,종로구,옥인동,,법정동,8.41,True
국토교통부공고제2026-1079호(토지거래허가구역 지정 공고),신규주택공급후보지,2026-08-18,2026-12-31,종로구,청운동,,법정동,8.41,True
국토교통부공고제2026-1079호(토지거래허가구역 지정 공고),신규주택공급후보지,2026-08-18,2026-12-31,종로구,평창동,,법정동,8.41,True
국토교통부공고제2026-1079호(토지거래허가구역 지정 공고),신규주택공급후보지,2026-08-18,2026-12-31,종로구,홍지동,,법정동,8.41,True
국토교통부공고제2026-1079호(토지거래허가구역 지정 공고),신규주택공급후보지,2026-08-18,2026-12-31,중랑구,망우동,,법정동,4.62,True
국토교통부공고제2026-1079호(토지거래허가구역 지정 공고),신규주택공급후보지,2026-08-18,2026-12-31,중랑구,면목동,,법정동,4.62,True
국토교통부공고제2026-1079호(토지거래허가구역 지정 공고),신규주택공급후보지,2026-08-18,2026-12-31,중랑구,신내동,,법정동,4.62,True
국토교통부공고제2026-1105호(토지거래허가구역 재지정 공고),주요재건축단지|외국인,2026-08-26,2027-08-25,강남구,,,자치구,,True
국토교통부공고제2026-1105호(토지거래허가구역 재지정 공고),주요재건축단지|외국인,2026-08-26,2027-08-25,강동구,,,자치구,,True
국토교통부공고제2026-1105호(토지거래허가구역 재지정 공고),주요재건축단지|외국인,2026-08-26,2027-08-25,강북구,,,자치구,,True
국토교통부공고제2026-1105호(토지거래허가구역 재지정 공고),주요재건축단지|외국인,2026-08-26,2027-08-25,강서구,,,자치구,,True
국토교통부공고제2026-1105호(토지거래허가구역 재지정 공고),주요재건축단지|외국인,2026-08-26,2027-08-25,관악구,,,자치구,,True
국토교통부공고제2026-1105호(토지거래허가구역 재지정 공고),주요재건축단지|외국인,2026-08-26,2027-08-25,광진구,,,자치구,,True
국토교통부공고제2026-1105호(토지거래허가구역 재지정 공고),주요재건축단지|외국인,2026-08-26,2027-08-25,구로구,,,자치구,,True
국토교통부공고제2026-1105호(토지거래허가구역 재지정 공고),주요재건축단지|외국인,2026-08-26,2027-08-25,용산구,,,자치구,,True
국토교통부공고제2026-1105호(토지거래허가구역 재지정 공고),주요재건축단지|외국인,2026-08-26,2027-08-25,은평구,,,자치구,,True
국토교통부공고제2026-1105호(토지거래허가구역 재지정 공고),주요재건축단지|외국인,2026-08-26,2027-08-25,종로구,,,자치구,,True
국토교통부공고제2026-1105호(토지거래허가구역 재지정 공고),주요재건축단지|외국인,2026-08-26,2027-08-25,중구,,,자치구,,True
국토교통부공고제2026-1105호(토지거래허가구역 재지정 공고),주요재건축단지|외국인,2026-08-26,2027-08-25,중랑구,,,자치구,,True
